ISO-10303-21;
HEADER;
/* Generated by software containing ST-Developer
 * from STEP Tools, Inc. (www.steptools.com) 
 */

FILE_DESCRIPTION(
/* description */ (''),
/* implementation_level */ '2;1');

FILE_NAME(
/* name */ 'pomodoro-cube.step',
/* time_stamp */ '2026-09-30T18:16:24-05:00',
/* author */ (''),
/* organization */ (''),
/* preprocessor_version */ 'ST-DEVELOPER v20.1',
/* originating_system */ 'Autodesk Translation Framework v15.8.0.0',
/* authorisation */ '');

FILE_SCHEMA (('AUTOMOTIVE_DESIGN { 1 0 10303 214 3 1 1 }'));
ENDSEC;

DATA;
#10=MECHANICAL_DESIGN_GEOMETRIC_PRESENTATION_REPRESENTATION('',(#48,#49,
#50,#51),#5192);
#11=ITEM_DEFINED_TRANSFORMATION($,$,#3100,#3345);
#12=ITEM_DEFINED_TRANSFORMATION($,$,#3210,#3346);
#13=ITEM_DEFINED_TRANSFORMATION($,$,#3291,#3347);
#14=ITEM_DEFINED_TRANSFORMATION($,$,#3328,#3348);
#15=(
REPRESENTATION_RELATIONSHIP($,$,#5212,#5211)
REPRESENTATION_RELATIONSHIP_WITH_TRANSFORMATION(#11)
SHAPE_REPRESENTATION_RELATIONSHIP()
);
#16=(
REPRESENTATION_RELATIONSHIP($,$,#5213,#5211)
REPRESENTATION_RELATIONSHIP_WITH_TRANSFORMATION(#12)
SHAPE_REPRESENTATION_RELATIONSHIP()
);
#17=(
REPRESENTATION_RELATIONSHIP($,$,#5214,#5211)
REPRESENTATION_RELATIONSHIP_WITH_TRANSFORMATION(#13)
SHAPE_REPRESENTATION_RELATIONSHIP()
);
#18=(
REPRESENTATION_RELATIONSHIP($,$,#5215,#5211)
REPRESENTATION_RELATIONSHIP_WITH_TRANSFORMATION(#14)
SHAPE_REPRESENTATION_RELATIONSHIP()
);
#19=CONTEXT_DEPENDENT_SHAPE_REPRESENTATION(#15,#5207);
#20=CONTEXT_DEPENDENT_SHAPE_REPRESENTATION(#16,#5208);
#21=CONTEXT_DEPENDENT_SHAPE_REPRESENTATION(#17,#5209);
#22=CONTEXT_DEPENDENT_SHAPE_REPRESENTATION(#18,#5210);
#23=NEXT_ASSEMBLY_USAGE_OCCURRENCE('Center:1','Center:1','Center:1',#5217,
#5218,'Center:1');
#24=NEXT_ASSEMBLY_USAGE_OCCURRENCE('Face:1','Face:1','Face:1',#5217,#5219,
'Face:1');
#25=NEXT_ASSEMBLY_USAGE_OCCURRENCE('Back:1','Back:1','Back:1',#5217,#5220,
'Back:1');
#26=NEXT_ASSEMBLY_USAGE_OCCURRENCE('Barrier:1','Barrier:1','Barrier:1',
#5217,#5221,'Barrier:1');
#27=SPHERICAL_SURFACE('',#3265,3.);
#28=SPHERICAL_SURFACE('',#3267,3.);
#29=SPHERICAL_SURFACE('',#3269,3.);
#30=SPHERICAL_SURFACE('',#3271,3.);
#31=SPHERICAL_SURFACE('',#3298,3.);
#32=SPHERICAL_SURFACE('',#3303,3.);
#33=SPHERICAL_SURFACE('',#3308,3.);
#34=SPHERICAL_SURFACE('',#3310,3.);
#35=TOROIDAL_SURFACE('',#3242,19.7,3.);
#36=ELLIPSE('',#3212,27.5135248559686,19.455);
#37=ELLIPSE('',#3221,27.5135248559686,19.455);
#38=ELLIPSE('',#3229,27.5135248559686,19.455);
#39=ELLIPSE('',#3236,27.5135248559686,19.455);
#40=SHAPE_REPRESENTATION_RELATIONSHIP('SRR','None',#5212,#44);
#41=SHAPE_REPRESENTATION_RELATIONSHIP('SRR','None',#5213,#45);
#42=SHAPE_REPRESENTATION_RELATIONSHIP('SRR','None',#5214,#46);
#43=SHAPE_REPRESENTATION_RELATIONSHIP('SRR','None',#5215,#47);
#44=ADVANCED_BREP_SHAPE_REPRESENTATION('',(#52),#5188);
#45=ADVANCED_BREP_SHAPE_REPRESENTATION('',(#53),#5189);
#46=ADVANCED_BREP_SHAPE_REPRESENTATION('',(#54),#5190);
#47=ADVANCED_BREP_SHAPE_REPRESENTATION('',(#55),#5191);
#48=STYLED_ITEM('',(#5240),#52);
#49=STYLED_ITEM('',(#5240),#53);
#50=STYLED_ITEM('',(#5240),#54);
#51=STYLED_ITEM('',(#5240),#55);
#52=MANIFOLD_SOLID_BREP('Center',#3050);
#53=MANIFOLD_SOLID_BREP('Face',#3051);
#54=MANIFOLD_SOLID_BREP('Back',#3052);
#55=MANIFOLD_SOLID_BREP('Barrier',#3053);
#56=CONICAL_SURFACE('',#3161,0.575,1.02974425867665);
#57=CONICAL_SURFACE('',#3165,0.575,1.02974425867665);
#58=CONICAL_SURFACE('',#3273,0.575,1.02974425867665);
#59=CONICAL_SURFACE('',#3277,0.575,1.02974425867665);
#60=CYLINDRICAL_SURFACE('',#3132,2.5);
#61=CYLINDRICAL_SURFACE('',#3146,2.5);
#62=CYLINDRICAL_SURFACE('',#3150,3.);
#63=CYLINDRICAL_SURFACE('',#3153,3.);
#64=CYLINDRICAL_SURFACE('',#3156,3.);
#65=CYLINDRICAL_SURFACE('',#3159,3.);
#66=CYLINDRICAL_SURFACE('',#3163,1.15);
#67=CYLINDRICAL_SURFACE('',#3167,1.15);
#68=CYLINDRICAL_SURFACE('',#3184,2.2);
#69=CYLINDRICAL_SURFACE('',#3186,1.15);
#70=CYLINDRICAL_SURFACE('',#3191,2.2);
#71=CYLINDRICAL_SURFACE('',#3193,1.15);
#72=CYLINDRICAL_SURFACE('',#3216,19.455);
#73=CYLINDRICAL_SURFACE('',#3224,19.455);
#74=CYLINDRICAL_SURFACE('',#3232,19.455);
#75=CYLINDRICAL_SURFACE('',#3239,19.455);
#76=CYLINDRICAL_SURFACE('',#3249,3.);
#77=CYLINDRICAL_SURFACE('',#3256,3.);
#78=CYLINDRICAL_SURFACE('',#3259,3.);
#79=CYLINDRICAL_SURFACE('',#3262,3.);
#80=CYLINDRICAL_SURFACE('',#3275,1.15);
#81=CYLINDRICAL_SURFACE('',#3279,1.15);
#82=CYLINDRICAL_SURFACE('',#3292,3.);
#83=CYLINDRICAL_SURFACE('',#3295,3.);
#84=CYLINDRICAL_SURFACE('',#3300,3.);
#85=CYLINDRICAL_SURFACE('',#3305,3.);
#86=CYLINDRICAL_SURFACE('',#3321,2.2);
#87=CYLINDRICAL_SURFACE('',#3322,1.15);
#88=CYLINDRICAL_SURFACE('',#3326,2.2);
#89=CYLINDRICAL_SURFACE('',#3327,1.15);
#90=B_SPLINE_SURFACE_WITH_KNOTS('',3,1,((#4273,#4274),(#4275,#4276),(#4277,
#4278),(#4279,#4280),(#4281,#4282),(#4283,#4284),(#4285,#4286)),
 .UNSPECIFIED.,.F.,.F.,.F.,(4,3,4),(2,2),(-1.5707963267949,-1.04474078998659,
0.),(0.,0.329999999999997),.UNSPECIFIED.);
#91=B_SPLINE_SURFACE_WITH_KNOTS('',3,1,((#4303,#4304),(#4305,#4306),(#4307,
#4308),(#4309,#4310),(#4311,#4312),(#4313,#4314),(#4315,#4316)),
 .UNSPECIFIED.,.F.,.F.,.F.,(4,3,4),(2,2),(0.,0.526055536808307,1.5707963267949),
(0.,0.329999999999997),.UNSPECIFIED.);
#92=B_SPLINE_SURFACE_WITH_KNOTS('',3,1,((#4699,#4700),(#4701,#4702),(#4703,
#4704),(#4705,#4706),(#4707,#4708),(#4709,#4710),(#4711,#4712)),
 .UNSPECIFIED.,.F.,.F.,.F.,(4,3,4),(2,2),(-1.5707963267949,-1.04474078998659,
2.44930148658416E-16),(0.,0.329999999999997),.UNSPECIFIED.);
#93=B_SPLINE_SURFACE_WITH_KNOTS('',3,1,((#4726,#4727),(#4728,#4729),(#4730,
#4731),(#4732,#4733),(#4734,#4735),(#4736,#4737),(#4738,#4739)),
 .UNSPECIFIED.,.F.,.F.,.F.,(4,3,4),(2,2),(0.,0.526055536808307,1.5707963267949),
(0.,0.329999999999997),.UNSPECIFIED.);
#94=FACE_BOUND('',#385,.T.);
#95=FACE_BOUND('',#427,.T.);
#96=FACE_BOUND('',#430,.T.);
#97=FACE_BOUND('',#431,.T.);
#98=FACE_BOUND('',#432,.T.);
#99=FACE_BOUND('',#435,.T.);
#100=FACE_BOUND('',#436,.T.);
#101=FACE_BOUND('',#437,.T.);
#102=FACE_BOUND('',#456,.T.);
#103=FACE_BOUND('',#460,.T.);
#104=FACE_BOUND('',#467,.T.);
#105=FACE_BOUND('',#474,.T.);
#106=FACE_BOUND('',#476,.T.);
#107=FACE_BOUND('',#482,.T.);
#108=FACE_BOUND('',#483,.T.);
#109=FACE_BOUND('',#485,.T.);
#110=FACE_BOUND('',#486,.T.);
#111=FACE_BOUND('',#487,.T.);
#112=FACE_BOUND('',#526,.T.);
#113=FACE_BOUND('',#529,.T.);
#114=FACE_BOUND('',#536,.T.);
#115=FACE_BOUND('',#537,.T.);
#116=FACE_BOUND('',#538,.T.);
#117=FACE_BOUND('',#539,.T.);
#118=FACE_BOUND('',#540,.T.);
#119=FACE_BOUND('',#550,.T.);
#120=FACE_BOUND('',#551,.T.);
#121=FACE_BOUND('',#553,.T.);
#122=FACE_BOUND('',#554,.T.);
#123=FACE_BOUND('',#556,.T.);
#124=FACE_BOUND('',#560,.T.);
#125=FACE_BOUND('',#578,.T.);
#126=FACE_BOUND('',#580,.T.);
#127=CIRCLE('',#3105,3.);
#128=CIRCLE('',#3106,3.);
#129=CIRCLE('',#3107,3.);
#130=CIRCLE('',#3108,3.);
#131=CIRCLE('',#3133,2.5);
#132=CIRCLE('',#3134,2.5);
#133=CIRCLE('',#3147,2.5);
#134=CIRCLE('',#3148,2.5);
#135=CIRCLE('',#3151,3.);
#136=CIRCLE('',#3154,3.);
#137=CIRCLE('',#3157,3.);
#138=CIRCLE('',#3160,3.);
#139=CIRCLE('',#3162,1.15);
#140=CIRCLE('',#3164,1.15);
#141=CIRCLE('',#3166,1.15);
#142=CIRCLE('',#3168,1.15);
#143=CIRCLE('',#3182,2.2);
#144=CIRCLE('',#3183,1.15);
#145=CIRCLE('',#3185,2.2);
#146=CIRCLE('',#3187,1.15);
#147=CIRCLE('',#3189,2.2);
#148=CIRCLE('',#3190,1.15);
#149=CIRCLE('',#3192,2.2);
#150=CIRCLE('',#3194,1.15);
#151=CIRCLE('',#3215,19.455);
#152=CIRCLE('',#3217,19.455);
#153=CIRCLE('',#3225,19.455);
#154=CIRCLE('',#3226,19.455);
#155=CIRCLE('',#3231,19.455);
#156=CIRCLE('',#3233,19.455);
#157=CIRCLE('',#3240,19.455);
#158=CIRCLE('',#3241,19.455);
#159=CIRCLE('',#3243,19.7);
#160=CIRCLE('',#3244,19.7);
#161=CIRCLE('',#3245,19.7);
#162=CIRCLE('',#3246,3.);
#163=CIRCLE('',#3247,16.7);
#164=CIRCLE('',#3248,19.7);
#165=CIRCLE('',#3250,3.);
#166=CIRCLE('',#3251,3.);
#167=CIRCLE('',#3257,3.);
#168=CIRCLE('',#3258,3.);
#169=CIRCLE('',#3260,3.);
#170=CIRCLE('',#3261,3.);
#171=CIRCLE('',#3263,3.);
#172=CIRCLE('',#3264,3.);
#173=CIRCLE('',#3266,3.);
#174=CIRCLE('',#3268,3.);
#175=CIRCLE('',#3270,3.);
#176=CIRCLE('',#3272,3.);
#177=CIRCLE('',#3274,1.15);
#178=CIRCLE('',#3276,1.15);
#179=CIRCLE('',#3278,1.15);
#180=CIRCLE('',#3280,1.15);
#181=CIRCLE('',#3293,3.);
#182=CIRCLE('',#3294,3.);
#183=CIRCLE('',#3296,3.);
#184=CIRCLE('',#3297,3.);
#185=CIRCLE('',#3299,3.);
#186=CIRCLE('',#3301,3.);
#187=CIRCLE('',#3302,3.);
#188=CIRCLE('',#3304,3.);
#189=CIRCLE('',#3306,3.);
#190=CIRCLE('',#3307,3.);
#191=CIRCLE('',#3309,3.);
#192=CIRCLE('',#3311,3.);
#193=CIRCLE('',#3313,2.2);
#194=CIRCLE('',#3314,2.2);
#195=CIRCLE('',#3316,1.15);
#196=CIRCLE('',#3317,1.15);
#197=CIRCLE('',#3319,2.2);
#198=CIRCLE('',#3320,1.15);
#199=CIRCLE('',#3324,2.2);
#200=CIRCLE('',#3325,1.15);
#201=B_SPLINE_CURVE_WITH_KNOTS('',3,(#4192,#4193,#4194,#4195,#4196,#4197,
#4198),.UNSPECIFIED.,.F.,.F.,(4,3,4),(-0.437797994993088,-0.291180603965944,
0.),.UNSPECIFIED.);
#202=B_SPLINE_CURVE_WITH_KNOTS('',3,(#4202,#4203,#4204,#4205,#4206,#4207,
#4208),.UNSPECIFIED.,.F.,.F.,(4,3,4),(-0.437798022035673,-0.291180621952038,
0.),.UNSPECIFIED.);
#203=B_SPLINE_CURVE_WITH_KNOTS('',3,(#4212,#4213,#4214,#4215,#4216,#4217,
#4218),.UNSPECIFIED.,.F.,.F.,(4,3,4),(-0.437797994993086,-0.291180603965942,
0.),.UNSPECIFIED.);
#204=B_SPLINE_CURVE_WITH_KNOTS('',3,(#4222,#4223,#4224,#4225,#4226,#4227,
#4228),.UNSPECIFIED.,.F.,.F.,(4,3,4),(-0.437798022035668,-0.291180621952035,
-5.55111512312578E-17),.UNSPECIFIED.);
#205=B_SPLINE_CURVE_WITH_KNOTS('',3,(#4290,#4291,#4292,#4293,#4294,#4295,
#4296),.UNSPECIFIED.,.F.,.F.,(4,3,4),(-1.5707963267949,-1.04474078998659,
0.),.UNSPECIFIED.);
#206=B_SPLINE_CURVE_WITH_KNOTS('',3,(#4319,#4320,#4321,#4322,#4323,#4324,
#4325),.UNSPECIFIED.,.F.,.F.,(4,3,4),(1.11022302462516E-16,0.526055536808307,
1.5707963267949),.UNSPECIFIED.);
#207=B_SPLINE_CURVE_WITH_KNOTS('',3,(#4715,#4716,#4717,#4718,#4719,#4720,
#4721),.UNSPECIFIED.,.F.,.F.,(4,3,4),(-1.5707963267949,-1.04474078998659,
2.28855437333844E-17),.UNSPECIFIED.);
#208=B_SPLINE_CURVE_WITH_KNOTS('',3,(#4741,#4742,#4743,#4744,#4745,#4746,
#4747),.UNSPECIFIED.,.F.,.F.,(4,3,4),(1.11022302462516E-16,0.526055536808307,
1.5707963267949),.UNSPECIFIED.);
#209=B_SPLINE_CURVE_WITH_KNOTS('',3,(#4874,#4875,#4876,#4877,#4878,#4879,
#4880,#4881,#4882,#4883),.UNSPECIFIED.,.F.,.F.,(4,2,2,2,4),(-0.0038607470891975,
0.,0.305953154547745,0.611906309337896,0.61576705975942),.UNSPECIFIED.);
#210=B_SPLINE_CURVE_WITH_KNOTS('',3,(#4887,#4888,#4889,#4890,#4891,#4892,
#4893,#4894,#4895,#4896),.UNSPECIFIED.,.F.,.F.,(4,2,2,2,4),(-0.00386074704871655,
0.,0.305953154637918,0.611906309271482,0.615767056293481),.UNSPECIFIED.);
#211=B_SPLINE_CURVE_WITH_KNOTS('',3,(#4900,#4901,#4902,#4903,#4904,#4905,
#4906,#4907,#4908,#4909),.UNSPECIFIED.,.F.,.F.,(4,2,2,2,4),(-0.00386074704746051,
0.,0.305953154609189,0.611906309210873,0.615767056253864),.UNSPECIFIED.);
#212=B_SPLINE_CURVE_WITH_KNOTS('',3,(#4913,#4914,#4915,#4916,#4917,#4918),
 .UNSPECIFIED.,.F.,.F.,(4,2,4),(-0.0038607470487313,0.,0.305953154638681),
 .UNSPECIFIED.);
#213=B_SPLINE_CURVE_WITH_KNOTS('',3,(#4923,#4924,#4925,#4926,#4927,#4928),
 .UNSPECIFIED.,.F.,.F.,(4,2,4),(0.305953154638681,0.611906309277353,0.615767056326136),
 .UNSPECIFIED.);
#214=FACE_OUTER_BOUND('',#381,.T.);
#215=FACE_OUTER_BOUND('',#382,.T.);
#216=FACE_OUTER_BOUND('',#383,.T.);
#217=FACE_OUTER_BOUND('',#384,.T.);
#218=FACE_OUTER_BOUND('',#386,.T.);
#219=FACE_OUTER_BOUND('',#387,.T.);
#220=FACE_OUTER_BOUND('',#388,.T.);
#221=FACE_OUTER_BOUND('',#389,.T.);
#222=FACE_OUTER_BOUND('',#390,.T.);
#223=FACE_OUTER_BOUND('',#391,.T.);
#224=FACE_OUTER_BOUND('',#392,.T.);
#225=FACE_OUTER_BOUND('',#393,.T.);
#226=FACE_OUTER_BOUND('',#394,.T.);
#227=FACE_OUTER_BOUND('',#395,.T.);
#228=FACE_OUTER_BOUND('',#396,.T.);
#229=FACE_OUTER_BOUND('',#397,.T.);
#230=FACE_OUTER_BOUND('',#398,.T.);
#231=FACE_OUTER_BOUND('',#399,.T.);
#232=FACE_OUTER_BOUND('',#400,.T.);
#233=FACE_OUTER_BOUND('',#401,.T.);
#234=FACE_OUTER_BOUND('',#402,.T.);
#235=FACE_OUTER_BOUND('',#403,.T.);
#236=FACE_OUTER_BOUND('',#404,.T.);
#237=FACE_OUTER_BOUND('',#405,.T.);
#238=FACE_OUTER_BOUND('',#406,.T.);
#239=FACE_OUTER_BOUND('',#407,.T.);
#240=FACE_OUTER_BOUND('',#408,.T.);
#241=FACE_OUTER_BOUND('',#409,.T.);
#242=FACE_OUTER_BOUND('',#410,.T.);
#243=FACE_OUTER_BOUND('',#411,.T.);
#244=FACE_OUTER_BOUND('',#412,.T.);
#245=FACE_OUTER_BOUND('',#413,.T.);
#246=FACE_OUTER_BOUND('',#414,.T.);
#247=FACE_OUTER_BOUND('',#415,.T.);
#248=FACE_OUTER_BOUND('',#416,.T.);
#249=FACE_OUTER_BOUND('',#417,.T.);
#250=FACE_OUTER_BOUND('',#418,.T.);
#251=FACE_OUTER_BOUND('',#419,.T.);
#252=FACE_OUTER_BOUND('',#420,.T.);
#253=FACE_OUTER_BOUND('',#421,.T.);
#254=FACE_OUTER_BOUND('',#422,.T.);
#255=FACE_OUTER_BOUND('',#423,.T.);
#256=FACE_OUTER_BOUND('',#424,.T.);
#257=FACE_OUTER_BOUND('',#425,.T.);
#258=FACE_OUTER_BOUND('',#426,.T.);
#259=FACE_OUTER_BOUND('',#428,.T.);
#260=FACE_OUTER_BOUND('',#429,.T.);
#261=FACE_OUTER_BOUND('',#433,.T.);
#262=FACE_OUTER_BOUND('',#434,.T.);
#263=FACE_OUTER_BOUND('',#438,.T.);
#264=FACE_OUTER_BOUND('',#439,.T.);
#265=FACE_OUTER_BOUND('',#440,.T.);
#266=FACE_OUTER_BOUND('',#441,.T.);
#267=FACE_OUTER_BOUND('',#442,.T.);
#268=FACE_OUTER_BOUND('',#443,.T.);
#269=FACE_OUTER_BOUND('',#444,.T.);
#270=FACE_OUTER_BOUND('',#445,.T.);
#271=FACE_OUTER_BOUND('',#446,.T.);
#272=FACE_OUTER_BOUND('',#447,.T.);
#273=FACE_OUTER_BOUND('',#448,.T.);
#274=FACE_OUTER_BOUND('',#449,.T.);
#275=FACE_OUTER_BOUND('',#450,.T.);
#276=FACE_OUTER_BOUND('',#451,.T.);
#277=FACE_OUTER_BOUND('',#452,.T.);
#278=FACE_OUTER_BOUND('',#453,.T.);
#279=FACE_OUTER_BOUND('',#454,.T.);
#280=FACE_OUTER_BOUND('',#455,.T.);
#281=FACE_OUTER_BOUND('',#457,.T.);
#282=FACE_OUTER_BOUND('',#458,.T.);
#283=FACE_OUTER_BOUND('',#459,.T.);
#284=FACE_OUTER_BOUND('',#461,.T.);
#285=FACE_OUTER_BOUND('',#462,.T.);
#286=FACE_OUTER_BOUND('',#463,.T.);
#287=FACE_OUTER_BOUND('',#464,.T.);
#288=FACE_OUTER_BOUND('',#465,.T.);
#289=FACE_OUTER_BOUND('',#466,.T.);
#290=FACE_OUTER_BOUND('',#468,.T.);
#291=FACE_OUTER_BOUND('',#469,.T.);
#292=FACE_OUTER_BOUND('',#470,.T.);
#293=FACE_OUTER_BOUND('',#471,.T.);
#294=FACE_OUTER_BOUND('',#472,.T.);
#295=FACE_OUTER_BOUND('',#473,.T.);
#296=FACE_OUTER_BOUND('',#475,.T.);
#297=FACE_OUTER_BOUND('',#477,.T.);
#298=FACE_OUTER_BOUND('',#478,.T.);
#299=FACE_OUTER_BOUND('',#479,.T.);
#300=FACE_OUTER_BOUND('',#480,.T.);
#301=FACE_OUTER_BOUND('',#481,.T.);
#302=FACE_OUTER_BOUND('',#484,.T.);
#303=FACE_OUTER_BOUND('',#488,.T.);
#304=FACE_OUTER_BOUND('',#489,.T.);
#305=FACE_OUTER_BOUND('',#490,.T.);
#306=FACE_OUTER_BOUND('',#491,.T.);
#307=FACE_OUTER_BOUND('',#492,.T.);
#308=FACE_OUTER_BOUND('',#493,.T.);
#309=FACE_OUTER_BOUND('',#494,.T.);
#310=FACE_OUTER_BOUND('',#495,.T.);
#311=FACE_OUTER_BOUND('',#496,.T.);
#312=FACE_OUTER_BOUND('',#497,.T.);
#313=FACE_OUTER_BOUND('',#498,.T.);
#314=FACE_OUTER_BOUND('',#499,.T.);
#315=FACE_OUTER_BOUND('',#500,.T.);
#316=FACE_OUTER_BOUND('',#501,.T.);
#317=FACE_OUTER_BOUND('',#502,.T.);
#318=FACE_OUTER_BOUND('',#503,.T.);
#319=FACE_OUTER_BOUND('',#504,.T.);
#320=FACE_OUTER_BOUND('',#505,.T.);
#321=FACE_OUTER_BOUND('',#506,.T.);
#322=FACE_OUTER_BOUND('',#507,.T.);
#323=FACE_OUTER_BOUND('',#508,.T.);
#324=FACE_OUTER_BOUND('',#509,.T.);
#325=FACE_OUTER_BOUND('',#510,.T.);
#326=FACE_OUTER_BOUND('',#511,.T.);
#327=FACE_OUTER_BOUND('',#512,.T.);
#328=FACE_OUTER_BOUND('',#513,.T.);
#329=FACE_OUTER_BOUND('',#514,.T.);
#330=FACE_OUTER_BOUND('',#515,.T.);
#331=FACE_OUTER_BOUND('',#516,.T.);
#332=FACE_OUTER_BOUND('',#517,.T.);
#333=FACE_OUTER_BOUND('',#518,.T.);
#334=FACE_OUTER_BOUND('',#519,.T.);
#335=FACE_OUTER_BOUND('',#520,.T.);
#336=FACE_OUTER_BOUND('',#521,.T.);
#337=FACE_OUTER_BOUND('',#522,.T.);
#338=FACE_OUTER_BOUND('',#523,.T.);
#339=FACE_OUTER_BOUND('',#524,.T.);
#340=FACE_OUTER_BOUND('',#525,.T.);
#341=FACE_OUTER_BOUND('',#527,.T.);
#342=FACE_OUTER_BOUND('',#528,.T.);
#343=FACE_OUTER_BOUND('',#530,.T.);
#344=FACE_OUTER_BOUND('',#531,.T.);
#345=FACE_OUTER_BOUND('',#532,.T.);
#346=FACE_OUTER_BOUND('',#533,.T.);
#347=FACE_OUTER_BOUND('',#534,.T.);
#348=FACE_OUTER_BOUND('',#535,.T.);
#349=FACE_OUTER_BOUND('',#541,.T.);
#350=FACE_OUTER_BOUND('',#542,.T.);
#351=FACE_OUTER_BOUND('',#543,.T.);
#352=FACE_OUTER_BOUND('',#544,.T.);
#353=FACE_OUTER_BOUND('',#545,.T.);
#354=FACE_OUTER_BOUND('',#546,.T.);
#355=FACE_OUTER_BOUND('',#547,.T.);
#356=FACE_OUTER_BOUND('',#548,.T.);
#357=FACE_OUTER_BOUND('',#549,.T.);
#358=FACE_OUTER_BOUND('',#552,.T.);
#359=FACE_OUTER_BOUND('',#555,.T.);
#360=FACE_OUTER_BOUND('',#557,.T.);
#361=FACE_OUTER_BOUND('',#558,.T.);
#362=FACE_OUTER_BOUND('',#559,.T.);
#363=FACE_OUTER_BOUND('',#561,.T.);
#364=FACE_OUTER_BOUND('',#562,.T.);
#365=FACE_OUTER_BOUND('',#563,.T.);
#366=FACE_OUTER_BOUND('',#564,.T.);
#367=FACE_OUTER_BOUND('',#565,.T.);
#368=FACE_OUTER_BOUND('',#566,.T.);
#369=FACE_OUTER_BOUND('',#567,.T.);
#370=FACE_OUTER_BOUND('',#568,.T.);
#371=FACE_OUTER_BOUND('',#569,.T.);
#372=FACE_OUTER_BOUND('',#570,.T.);
#373=FACE_OUTER_BOUND('',#571,.T.);
#374=FACE_OUTER_BOUND('',#572,.T.);
#375=FACE_OUTER_BOUND('',#573,.T.);
#376=FACE_OUTER_BOUND('',#574,.T.);
#377=FACE_OUTER_BOUND('',#575,.T.);
#378=FACE_OUTER_BOUND('',#576,.T.);
#379=FACE_OUTER_BOUND('',#577,.T.);
#380=FACE_OUTER_BOUND('',#579,.T.);
#381=EDGE_LOOP('',(#1927,#1928,#1929,#1930,#1931));
#382=EDGE_LOOP('',(#1932,#1933,#1934,#1935,#1936,#1937,#1938,#1939,#1940,
#1941,#1942,#1943));
#383=EDGE_LOOP('',(#1944,#1945,#1946,#1947,#1948));
#384=EDGE_LOOP('',(#1949,#1950,#1951,#1952,#1953,#1954,#1955,#1956));
#385=EDGE_LOOP('',(#1957,#1958,#1959,#1960,#1961,#1962,#1963,#1964));
#386=EDGE_LOOP('',(#1965,#1966,#1967,#1968));
#387=EDGE_LOOP('',(#1969,#1970,#1971,#1972));
#388=EDGE_LOOP('',(#1973,#1974,#1975,#1976,#1977,#1978,#1979,#1980));
#389=EDGE_LOOP('',(#1981,#1982,#1983,#1984));
#390=EDGE_LOOP('',(#1985,#1986,#1987,#1988));
#391=EDGE_LOOP('',(#1989,#1990,#1991,#1992));
#392=EDGE_LOOP('',(#1993,#1994,#1995,#1996));
#393=EDGE_LOOP('',(#1997,#1998,#1999,#2000));
#394=EDGE_LOOP('',(#2001,#2002,#2003,#2004));
#395=EDGE_LOOP('',(#2005,#2006,#2007,#2008));
#396=EDGE_LOOP('',(#2009,#2010,#2011,#2012));
#397=EDGE_LOOP('',(#2013,#2014,#2015,#2016));
#398=EDGE_LOOP('',(#2017,#2018,#2019,#2020));
#399=EDGE_LOOP('',(#2021,#2022,#2023,#2024));
#400=EDGE_LOOP('',(#2025,#2026,#2027,#2028));
#401=EDGE_LOOP('',(#2029,#2030,#2031,#2032));
#402=EDGE_LOOP('',(#2033,#2034,#2035,#2036));
#403=EDGE_LOOP('',(#2037,#2038,#2039,#2040));
#404=EDGE_LOOP('',(#2041,#2042,#2043,#2044));
#405=EDGE_LOOP('',(#2045,#2046,#2047,#2048));
#406=EDGE_LOOP('',(#2049,#2050,#2051,#2052));
#407=EDGE_LOOP('',(#2053,#2054,#2055,#2056));
#408=EDGE_LOOP('',(#2057,#2058,#2059,#2060));
#409=EDGE_LOOP('',(#2061,#2062,#2063,#2064));
#410=EDGE_LOOP('',(#2065,#2066,#2067,#2068));
#411=EDGE_LOOP('',(#2069,#2070,#2071,#2072));
#412=EDGE_LOOP('',(#2073));
#413=EDGE_LOOP('',(#2074,#2075,#2076,#2077));
#414=EDGE_LOOP('',(#2078,#2079,#2080,#2081));
#415=EDGE_LOOP('',(#2082,#2083,#2084,#2085));
#416=EDGE_LOOP('',(#2086,#2087,#2088,#2089));
#417=EDGE_LOOP('',(#2090,#2091,#2092,#2093));
#418=EDGE_LOOP('',(#2094,#2095,#2096,#2097));
#419=EDGE_LOOP('',(#2098,#2099,#2100,#2101));
#420=EDGE_LOOP('',(#2102,#2103,#2104,#2105));
#421=EDGE_LOOP('',(#2106,#2107,#2108,#2109));
#422=EDGE_LOOP('',(#2110,#2111,#2112,#2113));
#423=EDGE_LOOP('',(#2114,#2115,#2116,#2117));
#424=EDGE_LOOP('',(#2118));
#425=EDGE_LOOP('',(#2119,#2120,#2121,#2122));
#426=EDGE_LOOP('',(#2123,#2124,#2125,#2126));
#427=EDGE_LOOP('',(#2127));
#428=EDGE_LOOP('',(#2128,#2129,#2130,#2131));
#429=EDGE_LOOP('',(#2132,#2133,#2134,#2135));
#430=EDGE_LOOP('',(#2136));
#431=EDGE_LOOP('',(#2137,#2138,#2139,#2140));
#432=EDGE_LOOP('',(#2141,#2142,#2143,#2144));
#433=EDGE_LOOP('',(#2145,#2146,#2147,#2148));
#434=EDGE_LOOP('',(#2149,#2150,#2151,#2152));
#435=EDGE_LOOP('',(#2153,#2154,#2155,#2156));
#436=EDGE_LOOP('',(#2157,#2158,#2159,#2160));
#437=EDGE_LOOP('',(#2161,#2162,#2163,#2164));
#438=EDGE_LOOP('',(#2165,#2166,#2167,#2168));
#439=EDGE_LOOP('',(#2169,#2170,#2171));
#440=EDGE_LOOP('',(#2172,#2173,#2174,#2175));
#441=EDGE_LOOP('',(#2176,#2177,#2178));
#442=EDGE_LOOP('',(#2179,#2180,#2181,#2182));
#443=EDGE_LOOP('',(#2183,#2184,#2185));
#444=EDGE_LOOP('',(#2186,#2187,#2188));
#445=EDGE_LOOP('',(#2189,#2190,#2191,#2192,#2193,#2194,#2195,#2196,#2197,
#2198,#2199,#2200,#2201,#2202));
#446=EDGE_LOOP('',(#2203,#2204,#2205));
#447=EDGE_LOOP('',(#2206,#2207,#2208));
#448=EDGE_LOOP('',(#2209,#2210,#2211,#2212,#2213,#2214,#2215,#2216,#2217,
#2218,#2219,#2220,#2221,#2222));
#449=EDGE_LOOP('',(#2223,#2224,#2225,#2226));
#450=EDGE_LOOP('',(#2227,#2228,#2229,#2230));
#451=EDGE_LOOP('',(#2231,#2232,#2233,#2234,#2235,#2236));
#452=EDGE_LOOP('',(#2237,#2238,#2239,#2240));
#453=EDGE_LOOP('',(#2241,#2242,#2243,#2244));
#454=EDGE_LOOP('',(#2245,#2246,#2247,#2248,#2249,#2250,#2251,#2252,#2253,
#2254,#2255,#2256,#2257,#2258));
#455=EDGE_LOOP('',(#2259,#2260));
#456=EDGE_LOOP('',(#2261));
#457=EDGE_LOOP('',(#2262,#2263,#2264,#2265));
#458=EDGE_LOOP('',(#2266,#2267,#2268,#2269));
#459=EDGE_LOOP('',(#2270));
#460=EDGE_LOOP('',(#2271));
#461=EDGE_LOOP('',(#2272,#2273,#2274,#2275));
#462=EDGE_LOOP('',(#2276,#2277,#2278,#2279));
#463=EDGE_LOOP('',(#2280,#2281,#2282,#2283,#2284,#2285));
#464=EDGE_LOOP('',(#2286,#2287,#2288,#2289));
#465=EDGE_LOOP('',(#2290,#2291,#2292,#2293,#2294,#2295,#2296,#2297));
#466=EDGE_LOOP('',(#2298,#2299,#2300,#2301,#2302,#2303));
#467=EDGE_LOOP('',(#2304));
#468=EDGE_LOOP('',(#2305,#2306,#2307,#2308));
#469=EDGE_LOOP('',(#2309,#2310,#2311,#2312));
#470=EDGE_LOOP('',(#2313,#2314,#2315,#2316));
#471=EDGE_LOOP('',(#2317,#2318,#2319,#2320));
#472=EDGE_LOOP('',(#2321,#2322,#2323,#2324));
#473=EDGE_LOOP('',(#2325,#2326,#2327,#2328,#2329,#2330,#2331,#2332));
#474=EDGE_LOOP('',(#2333));
#475=EDGE_LOOP('',(#2334,#2335,#2336,#2337,#2338,#2339,#2340,#2341));
#476=EDGE_LOOP('',(#2342));
#477=EDGE_LOOP('',(#2343,#2344,#2345,#2346));
#478=EDGE_LOOP('',(#2347,#2348,#2349,#2350));
#479=EDGE_LOOP('',(#2351,#2352,#2353,#2354));
#480=EDGE_LOOP('',(#2355,#2356,#2357,#2358));
#481=EDGE_LOOP('',(#2359,#2360,#2361,#2362));
#482=EDGE_LOOP('',(#2363,#2364,#2365,#2366));
#483=EDGE_LOOP('',(#2367,#2368,#2369,#2370,#2371,#2372,#2373,#2374));
#484=EDGE_LOOP('',(#2375,#2376,#2377,#2378,#2379,#2380,#2381,#2382));
#485=EDGE_LOOP('',(#2383));
#486=EDGE_LOOP('',(#2384));
#487=EDGE_LOOP('',(#2385,#2386,#2387,#2388,#2389,#2390,#2391,#2392));
#488=EDGE_LOOP('',(#2393,#2394,#2395,#2396));
#489=EDGE_LOOP('',(#2397,#2398,#2399,#2400));
#490=EDGE_LOOP('',(#2401,#2402,#2403,#2404));
#491=EDGE_LOOP('',(#2405,#2406,#2407,#2408,#2409));
#492=EDGE_LOOP('',(#2410,#2411,#2412,#2413));
#493=EDGE_LOOP('',(#2414,#2415,#2416,#2417));
#494=EDGE_LOOP('',(#2418,#2419,#2420,#2421));
#495=EDGE_LOOP('',(#2422,#2423,#2424,#2425));
#496=EDGE_LOOP('',(#2426,#2427,#2428,#2429));
#497=EDGE_LOOP('',(#2430,#2431,#2432,#2433,#2434));
#498=EDGE_LOOP('',(#2435,#2436,#2437,#2438));
#499=EDGE_LOOP('',(#2439,#2440,#2441,#2442));
#500=EDGE_LOOP('',(#2443,#2444,#2445,#2446));
#501=EDGE_LOOP('',(#2447,#2448,#2449,#2450,#2451));
#502=EDGE_LOOP('',(#2452,#2453,#2454,#2455));
#503=EDGE_LOOP('',(#2456,#2457,#2458,#2459));
#504=EDGE_LOOP('',(#2460,#2461,#2462,#2463));
#505=EDGE_LOOP('',(#2464,#2465,#2466,#2467));
#506=EDGE_LOOP('',(#2468,#2469,#2470,#2471,#2472));
#507=EDGE_LOOP('',(#2473,#2474,#2475,#2476,#2477,#2478,#2479,#2480,#2481,
#2482,#2483,#2484));
#508=EDGE_LOOP('',(#2485,#2486,#2487,#2488,#2489,#2490,#2491));
#509=EDGE_LOOP('',(#2492,#2493,#2494));
#510=EDGE_LOOP('',(#2495,#2496,#2497));
#511=EDGE_LOOP('',(#2498,#2499,#2500));
#512=EDGE_LOOP('',(#2501,#2502,#2503));
#513=EDGE_LOOP('',(#2504,#2505,#2506,#2507,#2508,#2509));
#514=EDGE_LOOP('',(#2510,#2511,#2512,#2513,#2514,#2515));
#515=EDGE_LOOP('',(#2516,#2517,#2518,#2519,#2520,#2521));
#516=EDGE_LOOP('',(#2522,#2523,#2524));
#517=EDGE_LOOP('',(#2525,#2526,#2527));
#518=EDGE_LOOP('',(#2528,#2529,#2530));
#519=EDGE_LOOP('',(#2531,#2532,#2533));
#520=EDGE_LOOP('',(#2534,#2535,#2536));
#521=EDGE_LOOP('',(#2537,#2538,#2539,#2540));
#522=EDGE_LOOP('',(#2541,#2542,#2543));
#523=EDGE_LOOP('',(#2544,#2545,#2546,#2547));
#524=EDGE_LOOP('',(#2548,#2549,#2550,#2551,#2552));
#525=EDGE_LOOP('',(#2553,#2554,#2555,#2556));
#526=EDGE_LOOP('',(#2557));
#527=EDGE_LOOP('',(#2558,#2559,#2560,#2561,#2562));
#528=EDGE_LOOP('',(#2563,#2564,#2565,#2566));
#529=EDGE_LOOP('',(#2567));
#530=EDGE_LOOP('',(#2568,#2569,#2570,#2571));
#531=EDGE_LOOP('',(#2572,#2573,#2574,#2575));
#532=EDGE_LOOP('',(#2576,#2577,#2578,#2579,#2580));
#533=EDGE_LOOP('',(#2581,#2582,#2583,#2584));
#534=EDGE_LOOP('',(#2585,#2586,#2587,#2588,#2589));
#535=EDGE_LOOP('',(#2590,#2591,#2592,#2593,#2594,#2595,#2596,#2597));
#536=EDGE_LOOP('',(#2598,#2599,#2600,#2601));
#537=EDGE_LOOP('',(#2602,#2603,#2604,#2605));
#538=EDGE_LOOP('',(#2606,#2607,#2608,#2609));
#539=EDGE_LOOP('',(#2610,#2611,#2612,#2613));
#540=EDGE_LOOP('',(#2614));
#541=EDGE_LOOP('',(#2615,#2616,#2617,#2618));
#542=EDGE_LOOP('',(#2619,#2620,#2621,#2622));
#543=EDGE_LOOP('',(#2623,#2624,#2625));
#544=EDGE_LOOP('',(#2626,#2627,#2628,#2629));
#545=EDGE_LOOP('',(#2630,#2631,#2632));
#546=EDGE_LOOP('',(#2633,#2634,#2635,#2636));
#547=EDGE_LOOP('',(#2637,#2638,#2639));
#548=EDGE_LOOP('',(#2640,#2641,#2642));
#549=EDGE_LOOP('',(#2643,#2644,#2645,#2646));
#550=EDGE_LOOP('',(#2647));
#551=EDGE_LOOP('',(#2648));
#552=EDGE_LOOP('',(#2649,#2650,#2651,#2652,#2653,#2654,#2655,#2656));
#553=EDGE_LOOP('',(#2657));
#554=EDGE_LOOP('',(#2658));
#555=EDGE_LOOP('',(#2659));
#556=EDGE_LOOP('',(#2660));
#557=EDGE_LOOP('',(#2661,#2662,#2663,#2664));
#558=EDGE_LOOP('',(#2665,#2666,#2667,#2668));
#559=EDGE_LOOP('',(#2669));
#560=EDGE_LOOP('',(#2670));
#561=EDGE_LOOP('',(#2671,#2672,#2673,#2674));
#562=EDGE_LOOP('',(#2675,#2676,#2677,#2678));
#563=EDGE_LOOP('',(#2679,#2680,#2681,#2682));
#564=EDGE_LOOP('',(#2683,#2684,#2685,#2686));
#565=EDGE_LOOP('',(#2687,#2688,#2689,#2690));
#566=EDGE_LOOP('',(#2691,#2692,#2693,#2694));
#567=EDGE_LOOP('',(#2695,#2696,#2697,#2698));
#568=EDGE_LOOP('',(#2699,#2700,#2701,#2702));
#569=EDGE_LOOP('',(#2703,#2704,#2705,#2706));
#570=EDGE_LOOP('',(#2707,#2708,#2709,#2710));
#571=EDGE_LOOP('',(#2711,#2712,#2713,#2714));
#572=EDGE_LOOP('',(#2715,#2716,#2717,#2718));
#573=EDGE_LOOP('',(#2719,#2720,#2721,#2722));
#574=EDGE_LOOP('',(#2723,#2724,#2725,#2726));
#575=EDGE_LOOP('',(#2727,#2728,#2729,#2730));
#576=EDGE_LOOP('',(#2731,#2732,#2733,#2734));
#577=EDGE_LOOP('',(#2735,#2736,#2737,#2738,#2739,#2740,#2741,#2742,#2743,
#2744));
#578=EDGE_LOOP('',(#2745,#2746,#2747,#2748));
#579=EDGE_LOOP('',(#2749,#2750,#2751,#2752,#2753,#2754,#2755,#2756,#2757,
#2758));
#580=EDGE_LOOP('',(#2759,#2760,#2761,#2762));
#581=LINE('',#4181,#908);
#582=LINE('',#4183,#909);
#583=LINE('',#4185,#910);
#584=LINE('',#4187,#911);
#585=LINE('',#4188,#912);
#586=LINE('',#4200,#913);
#587=LINE('',#4210,#914);
#588=LINE('',#4220,#915);
#589=LINE('',#4229,#916);
#590=LINE('',#4231,#917);
#591=LINE('',#4233,#918);
#592=LINE('',#4234,#919);
#593=LINE('',#4237,#920);
#594=LINE('',#4239,#921);
#595=LINE('',#4241,#922);
#596=LINE('',#4242,#923);
#597=LINE('',#4248,#924);
#598=LINE('',#4252,#925);
#599=LINE('',#4256,#926);
#600=LINE('',#4259,#927);
#601=LINE('',#4261,#928);
#602=LINE('',#4263,#929);
#603=LINE('',#4265,#930);
#604=LINE('',#4267,#931);
#605=LINE('',#4268,#932);
#606=LINE('',#4271,#933);
#607=LINE('',#4272,#934);
#608=LINE('',#4288,#935);
#609=LINE('',#4297,#936);
#610=LINE('',#4300,#937);
#611=LINE('',#4301,#938);
#612=LINE('',#4302,#939);
#613=LINE('',#4318,#940);
#614=LINE('',#4328,#941);
#615=LINE('',#4329,#942);
#616=LINE('',#4333,#943);
#617=LINE('',#4335,#944);
#618=LINE('',#4337,#945);
#619=LINE('',#4338,#946);
#620=LINE('',#4341,#947);
#621=LINE('',#4343,#948);
#622=LINE('',#4344,#949);
#623=LINE('',#4347,#950);
#624=LINE('',#4349,#951);
#625=LINE('',#4350,#952);
#626=LINE('',#4352,#953);
#627=LINE('',#4353,#954);
#628=LINE('',#4358,#955);
#629=LINE('',#4360,#956);
#630=LINE('',#4362,#957);
#631=LINE('',#4363,#958);
#632=LINE('',#4366,#959);
#633=LINE('',#4368,#960);
#634=LINE('',#4369,#961);
#635=LINE('',#4372,#962);
#636=LINE('',#4374,#963);
#637=LINE('',#4375,#964);
#638=LINE('',#4377,#965);
#639=LINE('',#4378,#966);
#640=LINE('',#4383,#967);
#641=LINE('',#4385,#968);
#642=LINE('',#4387,#969);
#643=LINE('',#4388,#970);
#644=LINE('',#4391,#971);
#645=LINE('',#4393,#972);
#646=LINE('',#4394,#973);
#647=LINE('',#4397,#974);
#648=LINE('',#4399,#975);
#649=LINE('',#4400,#976);
#650=LINE('',#4402,#977);
#651=LINE('',#4403,#978);
#652=LINE('',#4408,#979);
#653=LINE('',#4410,#980);
#654=LINE('',#4412,#981);
#655=LINE('',#4413,#982);
#656=LINE('',#4416,#983);
#657=LINE('',#4418,#984);
#658=LINE('',#4419,#985);
#659=LINE('',#4422,#986);
#660=LINE('',#4424,#987);
#661=LINE('',#4425,#988);
#662=LINE('',#4427,#989);
#663=LINE('',#4428,#990);
#664=LINE('',#4434,#991);
#665=LINE('',#4440,#992);
#666=LINE('',#4442,#993);
#667=LINE('',#4444,#994);
#668=LINE('',#4445,#995);
#669=LINE('',#4448,#996);
#670=LINE('',#4450,#997);
#671=LINE('',#4451,#998);
#672=LINE('',#4454,#999);
#673=LINE('',#4456,#1000);
#674=LINE('',#4457,#1001);
#675=LINE('',#4459,#1002);
#676=LINE('',#4460,#1003);
#677=LINE('',#4465,#1004);
#678=LINE('',#4467,#1005);
#679=LINE('',#4469,#1006);
#680=LINE('',#4470,#1007);
#681=LINE('',#4473,#1008);
#682=LINE('',#4475,#1009);
#683=LINE('',#4476,#1010);
#684=LINE('',#4479,#1011);
#685=LINE('',#4481,#1012);
#686=LINE('',#4482,#1013);
#687=LINE('',#4484,#1014);
#688=LINE('',#4485,#1015);
#689=LINE('',#4491,#1016);
#690=LINE('',#4498,#1017);
#691=LINE('',#4499,#1018);
#692=LINE('',#4502,#1019);
#693=LINE('',#4503,#1020);
#694=LINE('',#4507,#1021);
#695=LINE('',#4510,#1022);
#696=LINE('',#4511,#1023);
#697=LINE('',#4516,#1024);
#698=LINE('',#4517,#1025);
#699=LINE('',#4519,#1026);
#700=LINE('',#4523,#1027);
#701=LINE('',#4528,#1028);
#702=LINE('',#4532,#1029);
#703=LINE('',#4537,#1030);
#704=LINE('',#4541,#1031);
#705=LINE('',#4545,#1032);
#706=LINE('',#4547,#1033);
#707=LINE('',#4548,#1034);
#708=LINE('',#4551,#1035);
#709=LINE('',#4552,#1036);
#710=LINE('',#4555,#1037);
#711=LINE('',#4557,#1038);
#712=LINE('',#4559,#1039);
#713=LINE('',#4561,#1040);
#714=LINE('',#4563,#1041);
#715=LINE('',#4565,#1042);
#716=LINE('',#4566,#1043);
#717=LINE('',#4568,#1044);
#718=LINE('',#4570,#1045);
#719=LINE('',#4572,#1046);
#720=LINE('',#4573,#1047);
#721=LINE('',#4577,#1048);
#722=LINE('',#4579,#1049);
#723=LINE('',#4580,#1050);
#724=LINE('',#4583,#1051);
#725=LINE('',#4584,#1052);
#726=LINE('',#4587,#1053);
#727=LINE('',#4589,#1054);
#728=LINE('',#4591,#1055);
#729=LINE('',#4593,#1056);
#730=LINE('',#4595,#1057);
#731=LINE('',#4597,#1058);
#732=LINE('',#4598,#1059);
#733=LINE('',#4600,#1060);
#734=LINE('',#4602,#1061);
#735=LINE('',#4604,#1062);
#736=LINE('',#4606,#1063);
#737=LINE('',#4607,#1064);
#738=LINE('',#4611,#1065);
#739=LINE('',#4612,#1066);
#740=LINE('',#4613,#1067);
#741=LINE('',#4615,#1068);
#742=LINE('',#4617,#1069);
#743=LINE('',#4618,#1070);
#744=LINE('',#4622,#1071);
#745=LINE('',#4623,#1072);
#746=LINE('',#4624,#1073);
#747=LINE('',#4626,#1074);
#748=LINE('',#4629,#1075);
#749=LINE('',#4631,#1076);
#750=LINE('',#4632,#1077);
#751=LINE('',#4634,#1078);
#752=LINE('',#4636,#1079);
#753=LINE('',#4637,#1080);
#754=LINE('',#4638,#1081);
#755=LINE('',#4642,#1082);
#756=LINE('',#4648,#1083);
#757=LINE('',#4650,#1084);
#758=LINE('',#4654,#1085);
#759=LINE('',#4664,#1086);
#760=LINE('',#4667,#1087);
#761=LINE('',#4670,#1088);
#762=LINE('',#4671,#1089);
#763=LINE('',#4673,#1090);
#764=LINE('',#4675,#1091);
#765=LINE('',#4677,#1092);
#766=LINE('',#4681,#1093);
#767=LINE('',#4683,#1094);
#768=LINE('',#4684,#1095);
#769=LINE('',#4687,#1096);
#770=LINE('',#4689,#1097);
#771=LINE('',#4690,#1098);
#772=LINE('',#4692,#1099);
#773=LINE('',#4693,#1100);
#774=LINE('',#4695,#1101);
#775=LINE('',#4696,#1102);
#776=LINE('',#4714,#1103);
#777=LINE('',#4724,#1104);
#778=LINE('',#4725,#1105);
#779=LINE('',#4748,#1106);
#780=LINE('',#4750,#1107);
#781=LINE('',#4752,#1108);
#782=LINE('',#4758,#1109);
#783=LINE('',#4762,#1110);
#784=LINE('',#4763,#1111);
#785=LINE('',#4766,#1112);
#786=LINE('',#4768,#1113);
#787=LINE('',#4769,#1114);
#788=LINE('',#4773,#1115);
#789=LINE('',#4776,#1116);
#790=LINE('',#4779,#1117);
#791=LINE('',#4782,#1118);
#792=LINE('',#4783,#1119);
#793=LINE('',#4787,#1120);
#794=LINE('',#4789,#1121);
#795=LINE('',#4791,#1122);
#796=LINE('',#4792,#1123);
#797=LINE('',#4795,#1124);
#798=LINE('',#4798,#1125);
#799=LINE('',#4801,#1126);
#800=LINE('',#4803,#1127);
#801=LINE('',#4804,#1128);
#802=LINE('',#4807,#1129);
#803=LINE('',#4808,#1130);
#804=LINE('',#4813,#1131);
#805=LINE('',#4818,#1132);
#806=LINE('',#4820,#1133);
#807=LINE('',#4822,#1134);
#808=LINE('',#4823,#1135);
#809=LINE('',#4826,#1136);
#810=LINE('',#4829,#1137);
#811=LINE('',#4833,#1138);
#812=LINE('',#4836,#1139);
#813=LINE('',#4839,#1140);
#814=LINE('',#4843,#1141);
#815=LINE('',#4845,#1142);
#816=LINE('',#4847,#1143);
#817=LINE('',#4848,#1144);
#818=LINE('',#4851,#1145);
#819=LINE('',#4854,#1146);
#820=LINE('',#4857,#1147);
#821=LINE('',#4859,#1148);
#822=LINE('',#4860,#1149);
#823=LINE('',#4863,#1150);
#824=LINE('',#4864,#1151);
#825=LINE('',#4869,#1152);
#826=LINE('',#4932,#1153);
#827=LINE('',#4936,#1154);
#828=LINE('',#4939,#1155);
#829=LINE('',#4941,#1156);
#830=LINE('',#4944,#1157);
#831=LINE('',#4945,#1158);
#832=LINE('',#4948,#1159);
#833=LINE('',#4949,#1160);
#834=LINE('',#4951,#1161);
#835=LINE('',#4956,#1162);
#836=LINE('',#4962,#1163);
#837=LINE('',#4968,#1164);
#838=LINE('',#4982,#1165);
#839=LINE('',#4986,#1166);
#840=LINE('',#4991,#1167);
#841=LINE('',#4995,#1168);
#842=LINE('',#4997,#1169);
#843=LINE('',#4998,#1170);
#844=LINE('',#5001,#1171);
#845=LINE('',#5002,#1172);
#846=LINE('',#5006,#1173);
#847=LINE('',#5007,#1174);
#848=LINE('',#5010,#1175);
#849=LINE('',#5011,#1176);
#850=LINE('',#5013,#1177);
#851=LINE('',#5016,#1178);
#852=LINE('',#5017,#1179);
#853=LINE('',#5019,#1180);
#854=LINE('',#5027,#1181);
#855=LINE('',#5030,#1182);
#856=LINE('',#5036,#1183);
#857=LINE('',#5038,#1184);
#858=LINE('',#5046,#1185);
#859=LINE('',#5048,#1186);
#860=LINE('',#5055,#1187);
#861=LINE('',#5057,#1188);
#862=LINE('',#5078,#1189);
#863=LINE('',#5080,#1190);
#864=LINE('',#5087,#1191);
#865=LINE('',#5089,#1192);
#866=LINE('',#5094,#1193);
#867=LINE('',#5096,#1194);
#868=LINE('',#5098,#1195);
#869=LINE('',#5099,#1196);
#870=LINE('',#5102,#1197);
#871=LINE('',#5104,#1198);
#872=LINE('',#5105,#1199);
#873=LINE('',#5108,#1200);
#874=LINE('',#5110,#1201);
#875=LINE('',#5111,#1202);
#876=LINE('',#5113,#1203);
#877=LINE('',#5114,#1204);
#878=LINE('',#5118,#1205);
#879=LINE('',#5120,#1206);
#880=LINE('',#5122,#1207);
#881=LINE('',#5123,#1208);
#882=LINE('',#5126,#1209);
#883=LINE('',#5128,#1210);
#884=LINE('',#5129,#1211);
#885=LINE('',#5132,#1212);
#886=LINE('',#5134,#1213);
#887=LINE('',#5135,#1214);
#888=LINE('',#5138,#1215);
#889=LINE('',#5140,#1216);
#890=LINE('',#5141,#1217);
#891=LINE('',#5144,#1218);
#892=LINE('',#5146,#1219);
#893=LINE('',#5147,#1220);
#894=LINE('',#5150,#1221);
#895=LINE('',#5152,#1222);
#896=LINE('',#5153,#1223);
#897=LINE('',#5156,#1224);
#898=LINE('',#5158,#1225);
#899=LINE('',#5159,#1226);
#900=LINE('',#5162,#1227);
#901=LINE('',#5164,#1228);
#902=LINE('',#5165,#1229);
#903=LINE('',#5168,#1230);
#904=LINE('',#5170,#1231);
#905=LINE('',#5171,#1232);
#906=LINE('',#5173,#1233);
#907=LINE('',#5174,#1234);
#908=VECTOR('',#3355,10.);
#909=VECTOR('',#3356,10.);
#910=VECTOR('',#3357,10.);
#911=VECTOR('',#3358,10.);
#912=VECTOR('',#3359,10.);
#913=VECTOR('',#3362,10.);
#914=VECTOR('',#3363,10.);
#915=VECTOR('',#3364,10.);
#916=VECTOR('',#3365,10.);
#917=VECTOR('',#3366,10.);
#918=VECTOR('',#3367,10.);
#919=VECTOR('',#3368,10.);
#920=VECTOR('',#3371,10.);
#921=VECTOR('',#3372,10.);
#922=VECTOR('',#3373,10.);
#923=VECTOR('',#3374,10.);
#924=VECTOR('',#3379,10.);
#925=VECTOR('',#3382,10.);
#926=VECTOR('',#3385,10.);
#927=VECTOR('',#3388,10.);
#928=VECTOR('',#3389,10.);
#929=VECTOR('',#3390,10.);
#930=VECTOR('',#3391,10.);
#931=VECTOR('',#3392,10.);
#932=VECTOR('',#3393,10.);
#933=VECTOR('',#3396,10.);
#934=VECTOR('',#3397,10.);
#935=VECTOR('',#3398,10.);
#936=VECTOR('',#3399,10.);
#937=VECTOR('',#3402,10.);
#938=VECTOR('',#3403,10.);
#939=VECTOR('',#3404,10.);
#940=VECTOR('',#3405,10.);
#941=VECTOR('',#3408,10.);
#942=VECTOR('',#3409,10.);
#943=VECTOR('',#3412,10.);
#944=VECTOR('',#3413,10.);
#945=VECTOR('',#3414,10.);
#946=VECTOR('',#3415,10.);
#947=VECTOR('',#3418,10.);
#948=VECTOR('',#3419,10.);
#949=VECTOR('',#3420,10.);
#950=VECTOR('',#3423,10.);
#951=VECTOR('',#3424,10.);
#952=VECTOR('',#3425,10.);
#953=VECTOR('',#3428,10.);
#954=VECTOR('',#3429,10.);
#955=VECTOR('',#3434,10.);
#956=VECTOR('',#3435,10.);
#957=VECTOR('',#3436,10.);
#958=VECTOR('',#3437,10.);
#959=VECTOR('',#3440,10.);
#960=VECTOR('',#3441,10.);
#961=VECTOR('',#3442,10.);
#962=VECTOR('',#3445,10.);
#963=VECTOR('',#3446,10.);
#964=VECTOR('',#3447,10.);
#965=VECTOR('',#3450,10.);
#966=VECTOR('',#3451,10.);
#967=VECTOR('',#3456,10.);
#968=VECTOR('',#3457,10.);
#969=VECTOR('',#3458,10.);
#970=VECTOR('',#3459,10.);
#971=VECTOR('',#3462,10.);
#972=VECTOR('',#3463,10.);
#973=VECTOR('',#3464,10.);
#974=VECTOR('',#3467,10.);
#975=VECTOR('',#3468,10.);
#976=VECTOR('',#3469,10.);
#977=VECTOR('',#3472,10.);
#978=VECTOR('',#3473,10.);
#979=VECTOR('',#3478,10.);
#980=VECTOR('',#3479,10.);
#981=VECTOR('',#3480,10.);
#982=VECTOR('',#3481,10.);
#983=VECTOR('',#3484,10.);
#984=VECTOR('',#3485,10.);
#985=VECTOR('',#3486,10.);
#986=VECTOR('',#3489,10.);
#987=VECTOR('',#3490,10.);
#988=VECTOR('',#3491,10.);
#989=VECTOR('',#3494,10.);
#990=VECTOR('',#3495,10.);
#991=VECTOR('',#3502,2.5);
#992=VECTOR('',#3509,10.);
#993=VECTOR('',#3510,10.);
#994=VECTOR('',#3511,10.);
#995=VECTOR('',#3512,10.);
#996=VECTOR('',#3515,10.);
#997=VECTOR('',#3516,10.);
#998=VECTOR('',#3517,10.);
#999=VECTOR('',#3520,10.);
#1000=VECTOR('',#3521,10.);
#1001=VECTOR('',#3522,10.);
#1002=VECTOR('',#3525,10.);
#1003=VECTOR('',#3526,10.);
#1004=VECTOR('',#3531,10.);
#1005=VECTOR('',#3532,10.);
#1006=VECTOR('',#3533,10.);
#1007=VECTOR('',#3534,10.);
#1008=VECTOR('',#3537,10.);
#1009=VECTOR('',#3538,10.);
#1010=VECTOR('',#3539,10.);
#1011=VECTOR('',#3542,10.);
#1012=VECTOR('',#3543,10.);
#1013=VECTOR('',#3544,10.);
#1014=VECTOR('',#3547,10.);
#1015=VECTOR('',#3548,10.);
#1016=VECTOR('',#3555,2.5);
#1017=VECTOR('',#3564,10.);
#1018=VECTOR('',#3565,10.);
#1019=VECTOR('',#3568,10.);
#1020=VECTOR('',#3569,10.);
#1021=VECTOR('',#3574,10.);
#1022=VECTOR('',#3577,10.);
#1023=VECTOR('',#3578,10.);
#1024=VECTOR('',#3583,10.);
#1025=VECTOR('',#3584,10.);
#1026=VECTOR('',#3587,10.);
#1027=VECTOR('',#3592,10.);
#1028=VECTOR('',#3597,0.575);
#1029=VECTOR('',#3602,1.15);
#1030=VECTOR('',#3607,0.575);
#1031=VECTOR('',#3612,1.15);
#1032=VECTOR('',#3615,10.);
#1033=VECTOR('',#3616,10.);
#1034=VECTOR('',#3617,10.);
#1035=VECTOR('',#3620,10.);
#1036=VECTOR('',#3621,10.);
#1037=VECTOR('',#3624,10.);
#1038=VECTOR('',#3625,10.);
#1039=VECTOR('',#3626,10.);
#1040=VECTOR('',#3627,10.);
#1041=VECTOR('',#3628,10.);
#1042=VECTOR('',#3629,10.);
#1043=VECTOR('',#3630,10.);
#1044=VECTOR('',#3631,10.);
#1045=VECTOR('',#3632,10.);
#1046=VECTOR('',#3633,10.);
#1047=VECTOR('',#3634,10.);
#1048=VECTOR('',#3637,10.);
#1049=VECTOR('',#3638,10.);
#1050=VECTOR('',#3639,10.);
#1051=VECTOR('',#3642,10.);
#1052=VECTOR('',#3643,10.);
#1053=VECTOR('',#3646,10.);
#1054=VECTOR('',#3647,10.);
#1055=VECTOR('',#3648,10.);
#1056=VECTOR('',#3649,10.);
#1057=VECTOR('',#3650,10.);
#1058=VECTOR('',#3651,10.);
#1059=VECTOR('',#3652,10.);
#1060=VECTOR('',#3653,10.);
#1061=VECTOR('',#3654,10.);
#1062=VECTOR('',#3655,10.);
#1063=VECTOR('',#3656,10.);
#1064=VECTOR('',#3657,10.);
#1065=VECTOR('',#3660,10.);
#1066=VECTOR('',#3661,10.);
#1067=VECTOR('',#3662,10.);
#1068=VECTOR('',#3665,10.);
#1069=VECTOR('',#3668,10.);
#1070=VECTOR('',#3669,10.);
#1071=VECTOR('',#3672,10.);
#1072=VECTOR('',#3673,10.);
#1073=VECTOR('',#3674,10.);
#1074=VECTOR('',#3677,10.);
#1075=VECTOR('',#3680,10.);
#1076=VECTOR('',#3681,10.);
#1077=VECTOR('',#3682,10.);
#1078=VECTOR('',#3683,10.);
#1079=VECTOR('',#3684,10.);
#1080=VECTOR('',#3685,10.);
#1081=VECTOR('',#3686,10.);
#1082=VECTOR('',#3689,10.);
#1083=VECTOR('',#3696,10.);
#1084=VECTOR('',#3697,10.);
#1085=VECTOR('',#3702,1.15);
#1086=VECTOR('',#3715,2.2);
#1087=VECTOR('',#3718,1.15);
#1088=VECTOR('',#3723,10.);
#1089=VECTOR('',#3724,10.);
#1090=VECTOR('',#3727,10.);
#1091=VECTOR('',#3730,10.);
#1092=VECTOR('',#3733,10.);
#1093=VECTOR('',#3738,10.);
#1094=VECTOR('',#3739,10.);
#1095=VECTOR('',#3740,10.);
#1096=VECTOR('',#3743,10.);
#1097=VECTOR('',#3744,10.);
#1098=VECTOR('',#3745,10.);
#1099=VECTOR('',#3748,10.);
#1100=VECTOR('',#3749,10.);
#1101=VECTOR('',#3752,10.);
#1102=VECTOR('',#3753,10.);
#1103=VECTOR('',#3758,10.);
#1104=VECTOR('',#3761,10.);
#1105=VECTOR('',#3762,10.);
#1106=VECTOR('',#3763,10.);
#1107=VECTOR('',#3766,10.);
#1108=VECTOR('',#3769,10.);
#1109=VECTOR('',#3776,10.);
#1110=VECTOR('',#3779,10.);
#1111=VECTOR('',#3780,10.);
#1112=VECTOR('',#3783,10.);
#1113=VECTOR('',#3784,10.);
#1114=VECTOR('',#3785,10.);
#1115=VECTOR('',#3790,10.);
#1116=VECTOR('',#3793,10.);
#1117=VECTOR('',#3796,10.);
#1118=VECTOR('',#3799,10.);
#1119=VECTOR('',#3800,10.);
#1120=VECTOR('',#3803,10.);
#1121=VECTOR('',#3804,10.);
#1122=VECTOR('',#3805,10.);
#1123=VECTOR('',#3806,10.);
#1124=VECTOR('',#3809,10.);
#1125=VECTOR('',#3812,10.);
#1126=VECTOR('',#3815,10.);
#1127=VECTOR('',#3816,10.);
#1128=VECTOR('',#3817,10.);
#1129=VECTOR('',#3820,10.);
#1130=VECTOR('',#3821,10.);
#1131=VECTOR('',#3826,10.);
#1132=VECTOR('',#3831,10.);
#1133=VECTOR('',#3832,10.);
#1134=VECTOR('',#3833,10.);
#1135=VECTOR('',#3834,10.);
#1136=VECTOR('',#3837,10.);
#1137=VECTOR('',#3840,10.);
#1138=VECTOR('',#3845,10.);
#1139=VECTOR('',#3848,10.);
#1140=VECTOR('',#3851,10.);
#1141=VECTOR('',#3854,10.);
#1142=VECTOR('',#3855,10.);
#1143=VECTOR('',#3856,10.);
#1144=VECTOR('',#3857,10.);
#1145=VECTOR('',#3860,10.);
#1146=VECTOR('',#3863,10.);
#1147=VECTOR('',#3866,10.);
#1148=VECTOR('',#3867,10.);
#1149=VECTOR('',#3868,10.);
#1150=VECTOR('',#3871,10.);
#1151=VECTOR('',#3872,10.);
#1152=VECTOR('',#3877,10.);
#1153=VECTOR('',#3896,10.);
#1154=VECTOR('',#3899,10.);
#1155=VECTOR('',#3902,10.);
#1156=VECTOR('',#3905,10.);
#1157=VECTOR('',#3908,10.);
#1158=VECTOR('',#3909,10.);
#1159=VECTOR('',#3912,10.);
#1160=VECTOR('',#3913,10.);
#1161=VECTOR('',#3916,10.);
#1162=VECTOR('',#3921,10.);
#1163=VECTOR('',#3928,10.);
#1164=VECTOR('',#3935,10.);
#1165=VECTOR('',#3958,0.575);
#1166=VECTOR('',#3963,1.15);
#1167=VECTOR('',#3968,0.575);
#1168=VECTOR('',#3973,1.15);
#1169=VECTOR('',#3976,10.);
#1170=VECTOR('',#3977,10.);
#1171=VECTOR('',#3982,10.);
#1172=VECTOR('',#3983,10.);
#1173=VECTOR('',#3988,10.);
#1174=VECTOR('',#3989,10.);
#1175=VECTOR('',#3992,10.);
#1176=VECTOR('',#3993,10.);
#1177=VECTOR('',#3996,10.);
#1178=VECTOR('',#3999,10.);
#1179=VECTOR('',#4000,10.);
#1180=VECTOR('',#4003,10.);
#1181=VECTOR('',#4012,10.);
#1182=VECTOR('',#4015,10.);
#1183=VECTOR('',#4020,10.);
#1184=VECTOR('',#4023,10.);
#1185=VECTOR('',#4032,10.);
#1186=VECTOR('',#4035,10.);
#1187=VECTOR('',#4044,10.);
#1188=VECTOR('',#4047,10.);
#1189=VECTOR('',#4076,2.2);
#1190=VECTOR('',#4079,1.15);
#1191=VECTOR('',#4088,2.2);
#1192=VECTOR('',#4091,1.15);
#1193=VECTOR('',#4096,10.);
#1194=VECTOR('',#4097,10.);
#1195=VECTOR('',#4098,10.);
#1196=VECTOR('',#4099,10.);
#1197=VECTOR('',#4102,10.);
#1198=VECTOR('',#4103,10.);
#1199=VECTOR('',#4104,10.);
#1200=VECTOR('',#4107,10.);
#1201=VECTOR('',#4108,10.);
#1202=VECTOR('',#4109,10.);
#1203=VECTOR('',#4112,10.);
#1204=VECTOR('',#4113,10.);
#1205=VECTOR('',#4116,10.);
#1206=VECTOR('',#4117,10.);
#1207=VECTOR('',#4118,10.);
#1208=VECTOR('',#4119,10.);
#1209=VECTOR('',#4122,10.);
#1210=VECTOR('',#4123,10.);
#1211=VECTOR('',#4124,10.);
#1212=VECTOR('',#4127,10.);
#1213=VECTOR('',#4128,10.);
#1214=VECTOR('',#4129,10.);
#1215=VECTOR('',#4132,10.);
#1216=VECTOR('',#4133,10.);
#1217=VECTOR('',#4134,10.);
#1218=VECTOR('',#4137,10.);
#1219=VECTOR('',#4138,10.);
#1220=VECTOR('',#4139,10.);
#1221=VECTOR('',#4142,10.);
#1222=VECTOR('',#4143,10.);
#1223=VECTOR('',#4144,10.);
#1224=VECTOR('',#4147,10.);
#1225=VECTOR('',#4148,10.);
#1226=VECTOR('',#4149,10.);
#1227=VECTOR('',#4152,10.);
#1228=VECTOR('',#4153,10.);
#1229=VECTOR('',#4154,10.);
#1230=VECTOR('',#4157,10.);
#1231=VECTOR('',#4158,10.);
#1232=VECTOR('',#4159,10.);
#1233=VECTOR('',#4162,10.);
#1234=VECTOR('',#4163,10.);
#1235=VERTEX_POINT('',#4179);
#1236=VERTEX_POINT('',#4180);
#1237=VERTEX_POINT('',#4182);
#1238=VERTEX_POINT('',#4184);
#1239=VERTEX_POINT('',#4186);
#1240=VERTEX_POINT('',#4190);
#1241=VERTEX_POINT('',#4191);
#1242=VERTEX_POINT('',#4199);
#1243=VERTEX_POINT('',#4201);
#1244=VERTEX_POINT('',#4209);
#1245=VERTEX_POINT('',#4211);
#1246=VERTEX_POINT('',#4219);
#1247=VERTEX_POINT('',#4221);
#1248=VERTEX_POINT('',#4230);
#1249=VERTEX_POINT('',#4232);
#1250=VERTEX_POINT('',#4236);
#1251=VERTEX_POINT('',#4238);
#1252=VERTEX_POINT('',#4240);
#1253=VERTEX_POINT('',#4244);
#1254=VERTEX_POINT('',#4245);
#1255=VERTEX_POINT('',#4247);
#1256=VERTEX_POINT('',#4249);
#1257=VERTEX_POINT('',#4251);
#1258=VERTEX_POINT('',#4253);
#1259=VERTEX_POINT('',#4255);
#1260=VERTEX_POINT('',#4257);
#1261=VERTEX_POINT('',#4260);
#1262=VERTEX_POINT('',#4262);
#1263=VERTEX_POINT('',#4264);
#1264=VERTEX_POINT('',#4266);
#1265=VERTEX_POINT('',#4270);
#1266=VERTEX_POINT('',#4287);
#1267=VERTEX_POINT('',#4289);
#1268=VERTEX_POINT('',#4299);
#1269=VERTEX_POINT('',#4317);
#1270=VERTEX_POINT('',#4327);
#1271=VERTEX_POINT('',#4331);
#1272=VERTEX_POINT('',#4332);
#1273=VERTEX_POINT('',#4334);
#1274=VERTEX_POINT('',#4336);
#1275=VERTEX_POINT('',#4340);
#1276=VERTEX_POINT('',#4342);
#1277=VERTEX_POINT('',#4346);
#1278=VERTEX_POINT('',#4348);
#1279=VERTEX_POINT('',#4356);
#1280=VERTEX_POINT('',#4357);
#1281=VERTEX_POINT('',#4359);
#1282=VERTEX_POINT('',#4361);
#1283=VERTEX_POINT('',#4365);
#1284=VERTEX_POINT('',#4367);
#1285=VERTEX_POINT('',#4371);
#1286=VERTEX_POINT('',#4373);
#1287=VERTEX_POINT('',#4381);
#1288=VERTEX_POINT('',#4382);
#1289=VERTEX_POINT('',#4384);
#1290=VERTEX_POINT('',#4386);
#1291=VERTEX_POINT('',#4390);
#1292=VERTEX_POINT('',#4392);
#1293=VERTEX_POINT('',#4396);
#1294=VERTEX_POINT('',#4398);
#1295=VERTEX_POINT('',#4406);
#1296=VERTEX_POINT('',#4407);
#1297=VERTEX_POINT('',#4409);
#1298=VERTEX_POINT('',#4411);
#1299=VERTEX_POINT('',#4415);
#1300=VERTEX_POINT('',#4417);
#1301=VERTEX_POINT('',#4421);
#1302=VERTEX_POINT('',#4423);
#1303=VERTEX_POINT('',#4431);
#1304=VERTEX_POINT('',#4433);
#1305=VERTEX_POINT('',#4438);
#1306=VERTEX_POINT('',#4439);
#1307=VERTEX_POINT('',#4441);
#1308=VERTEX_POINT('',#4443);
#1309=VERTEX_POINT('',#4447);
#1310=VERTEX_POINT('',#4449);
#1311=VERTEX_POINT('',#4453);
#1312=VERTEX_POINT('',#4455);
#1313=VERTEX_POINT('',#4463);
#1314=VERTEX_POINT('',#4464);
#1315=VERTEX_POINT('',#4466);
#1316=VERTEX_POINT('',#4468);
#1317=VERTEX_POINT('',#4472);
#1318=VERTEX_POINT('',#4474);
#1319=VERTEX_POINT('',#4478);
#1320=VERTEX_POINT('',#4480);
#1321=VERTEX_POINT('',#4488);
#1322=VERTEX_POINT('',#4490);
#1323=VERTEX_POINT('',#4495);
#1324=VERTEX_POINT('',#4496);
#1325=VERTEX_POINT('',#4501);
#1326=VERTEX_POINT('',#4505);
#1327=VERTEX_POINT('',#4509);
#1328=VERTEX_POINT('',#4513);
#1329=VERTEX_POINT('',#4514);
#1330=VERTEX_POINT('',#4521);
#1331=VERTEX_POINT('',#4525);
#1332=VERTEX_POINT('',#4527);
#1333=VERTEX_POINT('',#4530);
#1334=VERTEX_POINT('',#4534);
#1335=VERTEX_POINT('',#4536);
#1336=VERTEX_POINT('',#4539);
#1337=VERTEX_POINT('',#4543);
#1338=VERTEX_POINT('',#4544);
#1339=VERTEX_POINT('',#4546);
#1340=VERTEX_POINT('',#4550);
#1341=VERTEX_POINT('',#4554);
#1342=VERTEX_POINT('',#4556);
#1343=VERTEX_POINT('',#4558);
#1344=VERTEX_POINT('',#4560);
#1345=VERTEX_POINT('',#4562);
#1346=VERTEX_POINT('',#4564);
#1347=VERTEX_POINT('',#4567);
#1348=VERTEX_POINT('',#4569);
#1349=VERTEX_POINT('',#4571);
#1350=VERTEX_POINT('',#4575);
#1351=VERTEX_POINT('',#4576);
#1352=VERTEX_POINT('',#4578);
#1353=VERTEX_POINT('',#4582);
#1354=VERTEX_POINT('',#4586);
#1355=VERTEX_POINT('',#4588);
#1356=VERTEX_POINT('',#4590);
#1357=VERTEX_POINT('',#4592);
#1358=VERTEX_POINT('',#4594);
#1359=VERTEX_POINT('',#4596);
#1360=VERTEX_POINT('',#4599);
#1361=VERTEX_POINT('',#4601);
#1362=VERTEX_POINT('',#4603);
#1363=VERTEX_POINT('',#4605);
#1364=VERTEX_POINT('',#4609);
#1365=VERTEX_POINT('',#4610);
#1366=VERTEX_POINT('',#4620);
#1367=VERTEX_POINT('',#4621);
#1368=VERTEX_POINT('',#4628);
#1369=VERTEX_POINT('',#4630);
#1370=VERTEX_POINT('',#4633);
#1371=VERTEX_POINT('',#4635);
#1372=VERTEX_POINT('',#4640);
#1373=VERTEX_POINT('',#4641);
#1374=VERTEX_POINT('',#4644);
#1375=VERTEX_POINT('',#4647);
#1376=VERTEX_POINT('',#4649);
#1377=VERTEX_POINT('',#4653);
#1378=VERTEX_POINT('',#4657);
#1379=VERTEX_POINT('',#4659);
#1380=VERTEX_POINT('',#4662);
#1381=VERTEX_POINT('',#4666);
#1382=VERTEX_POINT('',#4680);
#1383=VERTEX_POINT('',#4682);
#1384=VERTEX_POINT('',#4686);
#1385=VERTEX_POINT('',#4688);
#1386=VERTEX_POINT('',#4713);
#1387=VERTEX_POINT('',#4723);
#1388=VERTEX_POINT('',#4740);
#1389=VERTEX_POINT('',#4756);
#1390=VERTEX_POINT('',#4757);
#1391=VERTEX_POINT('',#4759);
#1392=VERTEX_POINT('',#4761);
#1393=VERTEX_POINT('',#4765);
#1394=VERTEX_POINT('',#4767);
#1395=VERTEX_POINT('',#4771);
#1396=VERTEX_POINT('',#4775);
#1397=VERTEX_POINT('',#4777);
#1398=VERTEX_POINT('',#4781);
#1399=VERTEX_POINT('',#4785);
#1400=VERTEX_POINT('',#4786);
#1401=VERTEX_POINT('',#4788);
#1402=VERTEX_POINT('',#4790);
#1403=VERTEX_POINT('',#4794);
#1404=VERTEX_POINT('',#4796);
#1405=VERTEX_POINT('',#4800);
#1406=VERTEX_POINT('',#4802);
#1407=VERTEX_POINT('',#4806);
#1408=VERTEX_POINT('',#4810);
#1409=VERTEX_POINT('',#4812);
#1410=VERTEX_POINT('',#4816);
#1411=VERTEX_POINT('',#4817);
#1412=VERTEX_POINT('',#4819);
#1413=VERTEX_POINT('',#4821);
#1414=VERTEX_POINT('',#4825);
#1415=VERTEX_POINT('',#4827);
#1416=VERTEX_POINT('',#4831);
#1417=VERTEX_POINT('',#4835);
#1418=VERTEX_POINT('',#4837);
#1419=VERTEX_POINT('',#4841);
#1420=VERTEX_POINT('',#4842);
#1421=VERTEX_POINT('',#4844);
#1422=VERTEX_POINT('',#4846);
#1423=VERTEX_POINT('',#4850);
#1424=VERTEX_POINT('',#4852);
#1425=VERTEX_POINT('',#4856);
#1426=VERTEX_POINT('',#4858);
#1427=VERTEX_POINT('',#4862);
#1428=VERTEX_POINT('',#4866);
#1429=VERTEX_POINT('',#4868);
#1430=VERTEX_POINT('',#4872);
#1431=VERTEX_POINT('',#4873);
#1432=VERTEX_POINT('',#4884);
#1433=VERTEX_POINT('',#4886);
#1434=VERTEX_POINT('',#4897);
#1435=VERTEX_POINT('',#4899);
#1436=VERTEX_POINT('',#4910);
#1437=VERTEX_POINT('',#4912);
#1438=VERTEX_POINT('',#4919);
#1439=VERTEX_POINT('',#4922);
#1440=VERTEX_POINT('',#4931);
#1441=VERTEX_POINT('',#4933);
#1442=VERTEX_POINT('',#4935);
#1443=VERTEX_POINT('',#4937);
#1444=VERTEX_POINT('',#4943);
#1445=VERTEX_POINT('',#4947);
#1446=VERTEX_POINT('',#4953);
#1447=VERTEX_POINT('',#4955);
#1448=VERTEX_POINT('',#4959);
#1449=VERTEX_POINT('',#4961);
#1450=VERTEX_POINT('',#4965);
#1451=VERTEX_POINT('',#4967);
#1452=VERTEX_POINT('',#4979);
#1453=VERTEX_POINT('',#4981);
#1454=VERTEX_POINT('',#4984);
#1455=VERTEX_POINT('',#4988);
#1456=VERTEX_POINT('',#4990);
#1457=VERTEX_POINT('',#4993);
#1458=VERTEX_POINT('',#5005);
#1459=VERTEX_POINT('',#5009);
#1460=VERTEX_POINT('',#5015);
#1461=VERTEX_POINT('',#5023);
#1462=VERTEX_POINT('',#5024);
#1463=VERTEX_POINT('',#5026);
#1464=VERTEX_POINT('',#5028);
#1465=VERTEX_POINT('',#5032);
#1466=VERTEX_POINT('',#5033);
#1467=VERTEX_POINT('',#5035);
#1468=VERTEX_POINT('',#5042);
#1469=VERTEX_POINT('',#5043);
#1470=VERTEX_POINT('',#5045);
#1471=VERTEX_POINT('',#5052);
#1472=VERTEX_POINT('',#5054);
#1473=VERTEX_POINT('',#5063);
#1474=VERTEX_POINT('',#5065);
#1475=VERTEX_POINT('',#5068);
#1476=VERTEX_POINT('',#5070);
#1477=VERTEX_POINT('',#5073);
#1478=VERTEX_POINT('',#5075);
#1479=VERTEX_POINT('',#5082);
#1480=VERTEX_POINT('',#5084);
#1481=VERTEX_POINT('',#5092);
#1482=VERTEX_POINT('',#5093);
#1483=VERTEX_POINT('',#5095);
#1484=VERTEX_POINT('',#5097);
#1485=VERTEX_POINT('',#5101);
#1486=VERTEX_POINT('',#5103);
#1487=VERTEX_POINT('',#5107);
#1488=VERTEX_POINT('',#5109);
#1489=VERTEX_POINT('',#5116);
#1490=VERTEX_POINT('',#5117);
#1491=VERTEX_POINT('',#5119);
#1492=VERTEX_POINT('',#5121);
#1493=VERTEX_POINT('',#5125);
#1494=VERTEX_POINT('',#5127);
#1495=VERTEX_POINT('',#5131);
#1496=VERTEX_POINT('',#5133);
#1497=VERTEX_POINT('',#5137);
#1498=VERTEX_POINT('',#5139);
#1499=VERTEX_POINT('',#5143);
#1500=VERTEX_POINT('',#5145);
#1501=VERTEX_POINT('',#5149);
#1502=VERTEX_POINT('',#5151);
#1503=VERTEX_POINT('',#5155);
#1504=VERTEX_POINT('',#5157);
#1505=VERTEX_POINT('',#5161);
#1506=VERTEX_POINT('',#5163);
#1507=VERTEX_POINT('',#5167);
#1508=VERTEX_POINT('',#5169);
#1509=EDGE_CURVE('',#1235,#1236,#581,.T.);
#1510=EDGE_CURVE('',#1237,#1236,#582,.T.);
#1511=EDGE_CURVE('',#1238,#1237,#583,.T.);
#1512=EDGE_CURVE('',#1239,#1238,#584,.T.);
#1513=EDGE_CURVE('',#1239,#1235,#585,.T.);
#1514=EDGE_CURVE('',#1240,#1241,#201,.T.);
#1515=EDGE_CURVE('',#1242,#1240,#586,.T.);
#1516=EDGE_CURVE('',#1243,#1242,#202,.T.);
#1517=EDGE_CURVE('',#1244,#1243,#587,.T.);
#1518=EDGE_CURVE('',#1245,#1244,#203,.T.);
#1519=EDGE_CURVE('',#1246,#1245,#588,.T.);
#1520=EDGE_CURVE('',#1247,#1246,#204,.T.);
#1521=EDGE_CURVE('',#1247,#1235,#589,.T.);
#1522=EDGE_CURVE('',#1248,#1239,#590,.T.);
#1523=EDGE_CURVE('',#1248,#1249,#591,.T.);
#1524=EDGE_CURVE('',#1249,#1241,#592,.T.);
#1525=EDGE_CURVE('',#1250,#1249,#593,.T.);
#1526=EDGE_CURVE('',#1251,#1248,#594,.T.);
#1527=EDGE_CURVE('',#1252,#1251,#595,.T.);
#1528=EDGE_CURVE('',#1252,#1250,#596,.T.);
#1529=EDGE_CURVE('',#1253,#1254,#127,.T.);
#1530=EDGE_CURVE('',#1255,#1253,#597,.T.);
#1531=EDGE_CURVE('',#1256,#1255,#128,.T.);
#1532=EDGE_CURVE('',#1257,#1256,#598,.T.);
#1533=EDGE_CURVE('',#1258,#1257,#129,.T.);
#1534=EDGE_CURVE('',#1259,#1258,#599,.T.);
#1535=EDGE_CURVE('',#1260,#1259,#130,.T.);
#1536=EDGE_CURVE('',#1254,#1260,#600,.T.);
#1537=EDGE_CURVE('',#1261,#1238,#601,.T.);
#1538=EDGE_CURVE('',#1262,#1261,#602,.T.);
#1539=EDGE_CURVE('',#1263,#1262,#603,.T.);
#1540=EDGE_CURVE('',#1264,#1263,#604,.T.);
#1541=EDGE_CURVE('',#1251,#1264,#605,.T.);
#1542=EDGE_CURVE('',#1237,#1265,#606,.T.);
#1543=EDGE_CURVE('',#1261,#1265,#607,.T.);
#1544=EDGE_CURVE('',#1266,#1241,#608,.T.);
#1545=EDGE_CURVE('',#1267,#1266,#205,.T.);
#1546=EDGE_CURVE('',#1267,#1240,#609,.T.);
#1547=EDGE_CURVE('',#1268,#1247,#610,.T.);
#1548=EDGE_CURVE('',#1266,#1268,#611,.T.);
#1549=EDGE_CURVE('',#1236,#1250,#612,.T.);
#1550=EDGE_CURVE('',#1269,#1246,#613,.T.);
#1551=EDGE_CURVE('',#1268,#1269,#206,.T.);
#1552=EDGE_CURVE('',#1270,#1245,#614,.T.);
#1553=EDGE_CURVE('',#1269,#1270,#615,.T.);
#1554=EDGE_CURVE('',#1271,#1272,#616,.T.);
#1555=EDGE_CURVE('',#1271,#1273,#617,.T.);
#1556=EDGE_CURVE('',#1273,#1274,#618,.T.);
#1557=EDGE_CURVE('',#1272,#1274,#619,.T.);
#1558=EDGE_CURVE('',#1275,#1271,#620,.T.);
#1559=EDGE_CURVE('',#1275,#1276,#621,.T.);
#1560=EDGE_CURVE('',#1276,#1273,#622,.T.);
#1561=EDGE_CURVE('',#1277,#1275,#623,.T.);
#1562=EDGE_CURVE('',#1277,#1278,#624,.T.);
#1563=EDGE_CURVE('',#1278,#1276,#625,.T.);
#1564=EDGE_CURVE('',#1272,#1277,#626,.T.);
#1565=EDGE_CURVE('',#1274,#1278,#627,.T.);
#1566=EDGE_CURVE('',#1279,#1280,#628,.T.);
#1567=EDGE_CURVE('',#1279,#1281,#629,.T.);
#1568=EDGE_CURVE('',#1281,#1282,#630,.T.);
#1569=EDGE_CURVE('',#1280,#1282,#631,.T.);
#1570=EDGE_CURVE('',#1283,#1279,#632,.T.);
#1571=EDGE_CURVE('',#1283,#1284,#633,.T.);
#1572=EDGE_CURVE('',#1284,#1281,#634,.T.);
#1573=EDGE_CURVE('',#1285,#1283,#635,.T.);
#1574=EDGE_CURVE('',#1285,#1286,#636,.T.);
#1575=EDGE_CURVE('',#1286,#1284,#637,.T.);
#1576=EDGE_CURVE('',#1280,#1285,#638,.T.);
#1577=EDGE_CURVE('',#1282,#1286,#639,.T.);
#1578=EDGE_CURVE('',#1287,#1288,#640,.T.);
#1579=EDGE_CURVE('',#1287,#1289,#641,.T.);
#1580=EDGE_CURVE('',#1289,#1290,#642,.T.);
#1581=EDGE_CURVE('',#1288,#1290,#643,.T.);
#1582=EDGE_CURVE('',#1291,#1287,#644,.T.);
#1583=EDGE_CURVE('',#1291,#1292,#645,.T.);
#1584=EDGE_CURVE('',#1292,#1289,#646,.T.);
#1585=EDGE_CURVE('',#1293,#1291,#647,.T.);
#1586=EDGE_CURVE('',#1293,#1294,#648,.T.);
#1587=EDGE_CURVE('',#1294,#1292,#649,.T.);
#1588=EDGE_CURVE('',#1288,#1293,#650,.T.);
#1589=EDGE_CURVE('',#1290,#1294,#651,.T.);
#1590=EDGE_CURVE('',#1295,#1296,#652,.T.);
#1591=EDGE_CURVE('',#1295,#1297,#653,.T.);
#1592=EDGE_CURVE('',#1297,#1298,#654,.T.);
#1593=EDGE_CURVE('',#1296,#1298,#655,.T.);
#1594=EDGE_CURVE('',#1299,#1295,#656,.T.);
#1595=EDGE_CURVE('',#1299,#1300,#657,.T.);
#1596=EDGE_CURVE('',#1300,#1297,#658,.T.);
#1597=EDGE_CURVE('',#1301,#1299,#659,.T.);
#1598=EDGE_CURVE('',#1301,#1302,#660,.T.);
#1599=EDGE_CURVE('',#1302,#1300,#661,.T.);
#1600=EDGE_CURVE('',#1296,#1301,#662,.T.);
#1601=EDGE_CURVE('',#1298,#1302,#663,.T.);
#1602=EDGE_CURVE('',#1303,#1303,#131,.T.);
#1603=EDGE_CURVE('',#1303,#1304,#664,.T.);
#1604=EDGE_CURVE('',#1304,#1304,#132,.T.);
#1605=EDGE_CURVE('',#1305,#1306,#665,.T.);
#1606=EDGE_CURVE('',#1305,#1307,#666,.T.);
#1607=EDGE_CURVE('',#1307,#1308,#667,.T.);
#1608=EDGE_CURVE('',#1306,#1308,#668,.T.);
#1609=EDGE_CURVE('',#1309,#1305,#669,.T.);
#1610=EDGE_CURVE('',#1309,#1310,#670,.T.);
#1611=EDGE_CURVE('',#1310,#1307,#671,.T.);
#1612=EDGE_CURVE('',#1311,#1309,#672,.T.);
#1613=EDGE_CURVE('',#1311,#1312,#673,.T.);
#1614=EDGE_CURVE('',#1312,#1310,#674,.T.);
#1615=EDGE_CURVE('',#1306,#1311,#675,.T.);
#1616=EDGE_CURVE('',#1308,#1312,#676,.T.);
#1617=EDGE_CURVE('',#1313,#1314,#677,.T.);
#1618=EDGE_CURVE('',#1313,#1315,#678,.T.);
#1619=EDGE_CURVE('',#1315,#1316,#679,.T.);
#1620=EDGE_CURVE('',#1314,#1316,#680,.T.);
#1621=EDGE_CURVE('',#1317,#1313,#681,.T.);
#1622=EDGE_CURVE('',#1317,#1318,#682,.T.);
#1623=EDGE_CURVE('',#1318,#1315,#683,.T.);
#1624=EDGE_CURVE('',#1319,#1317,#684,.T.);
#1625=EDGE_CURVE('',#1319,#1320,#685,.T.);
#1626=EDGE_CURVE('',#1320,#1318,#686,.T.);
#1627=EDGE_CURVE('',#1314,#1319,#687,.T.);
#1628=EDGE_CURVE('',#1316,#1320,#688,.T.);
#1629=EDGE_CURVE('',#1321,#1321,#133,.T.);
#1630=EDGE_CURVE('',#1321,#1322,#689,.T.);
#1631=EDGE_CURVE('',#1322,#1322,#134,.T.);
#1632=EDGE_CURVE('',#1323,#1324,#135,.T.);
#1633=EDGE_CURVE('',#1324,#1253,#690,.T.);
#1634=EDGE_CURVE('',#1254,#1323,#691,.T.);
#1635=EDGE_CURVE('',#1325,#1260,#692,.T.);
#1636=EDGE_CURVE('',#1323,#1325,#693,.T.);
#1637=EDGE_CURVE('',#1326,#1325,#136,.T.);
#1638=EDGE_CURVE('',#1259,#1326,#694,.T.);
#1639=EDGE_CURVE('',#1327,#1258,#695,.T.);
#1640=EDGE_CURVE('',#1326,#1327,#696,.T.);
#1641=EDGE_CURVE('',#1328,#1329,#137,.T.);
#1642=EDGE_CURVE('',#1329,#1256,#697,.T.);
#1643=EDGE_CURVE('',#1255,#1328,#698,.T.);
#1644=EDGE_CURVE('',#1328,#1324,#699,.T.);
#1645=EDGE_CURVE('',#1330,#1327,#138,.T.);
#1646=EDGE_CURVE('',#1257,#1330,#700,.T.);
#1647=EDGE_CURVE('',#1331,#1331,#139,.T.);
#1648=EDGE_CURVE('',#1331,#1332,#701,.T.);
#1649=EDGE_CURVE('',#1333,#1333,#140,.T.);
#1650=EDGE_CURVE('',#1333,#1331,#702,.T.);
#1651=EDGE_CURVE('',#1334,#1334,#141,.T.);
#1652=EDGE_CURVE('',#1334,#1335,#703,.T.);
#1653=EDGE_CURVE('',#1336,#1336,#142,.T.);
#1654=EDGE_CURVE('',#1336,#1334,#704,.T.);
#1655=EDGE_CURVE('',#1337,#1338,#705,.T.);
#1656=EDGE_CURVE('',#1338,#1339,#706,.T.);
#1657=EDGE_CURVE('',#1339,#1337,#707,.T.);
#1658=EDGE_CURVE('',#1337,#1340,#708,.T.);
#1659=EDGE_CURVE('',#1340,#1338,#709,.T.);
#1660=EDGE_CURVE('',#1340,#1341,#710,.T.);
#1661=EDGE_CURVE('',#1342,#1341,#711,.T.);
#1662=EDGE_CURVE('',#1343,#1342,#712,.T.);
#1663=EDGE_CURVE('',#1343,#1344,#713,.T.);
#1664=EDGE_CURVE('',#1344,#1345,#714,.T.);
#1665=EDGE_CURVE('',#1345,#1346,#715,.T.);
#1666=EDGE_CURVE('',#1262,#1346,#716,.T.);
#1667=EDGE_CURVE('',#1265,#1347,#717,.T.);
#1668=EDGE_CURVE('',#1347,#1348,#718,.T.);
#1669=EDGE_CURVE('',#1348,#1349,#719,.T.);
#1670=EDGE_CURVE('',#1349,#1338,#720,.T.);
#1671=EDGE_CURVE('',#1350,#1351,#721,.T.);
#1672=EDGE_CURVE('',#1351,#1352,#722,.T.);
#1673=EDGE_CURVE('',#1352,#1350,#723,.T.);
#1674=EDGE_CURVE('',#1350,#1353,#724,.T.);
#1675=EDGE_CURVE('',#1353,#1351,#725,.T.);
#1676=EDGE_CURVE('',#1353,#1354,#726,.T.);
#1677=EDGE_CURVE('',#1355,#1354,#727,.T.);
#1678=EDGE_CURVE('',#1356,#1355,#728,.T.);
#1679=EDGE_CURVE('',#1356,#1357,#729,.T.);
#1680=EDGE_CURVE('',#1357,#1358,#730,.T.);
#1681=EDGE_CURVE('',#1358,#1359,#731,.T.);
#1682=EDGE_CURVE('',#1264,#1359,#732,.T.);
#1683=EDGE_CURVE('',#1263,#1360,#733,.T.);
#1684=EDGE_CURVE('',#1360,#1361,#734,.T.);
#1685=EDGE_CURVE('',#1361,#1362,#735,.T.);
#1686=EDGE_CURVE('',#1362,#1363,#736,.T.);
#1687=EDGE_CURVE('',#1363,#1351,#737,.T.);
#1688=EDGE_CURVE('',#1364,#1365,#738,.T.);
#1689=EDGE_CURVE('',#1365,#1337,#739,.T.);
#1690=EDGE_CURVE('',#1364,#1339,#740,.T.);
#1691=EDGE_CURVE('',#1365,#1341,#741,.T.);
#1692=EDGE_CURVE('',#1349,#1356,#742,.T.);
#1693=EDGE_CURVE('',#1364,#1355,#743,.T.);
#1694=EDGE_CURVE('',#1366,#1367,#744,.T.);
#1695=EDGE_CURVE('',#1367,#1350,#745,.T.);
#1696=EDGE_CURVE('',#1366,#1352,#746,.T.);
#1697=EDGE_CURVE('',#1367,#1354,#747,.T.);
#1698=EDGE_CURVE('',#1363,#1368,#748,.T.);
#1699=EDGE_CURVE('',#1368,#1369,#749,.T.);
#1700=EDGE_CURVE('',#1369,#1360,#750,.T.);
#1701=EDGE_CURVE('',#1346,#1370,#751,.T.);
#1702=EDGE_CURVE('',#1370,#1371,#752,.T.);
#1703=EDGE_CURVE('',#1371,#1343,#753,.T.);
#1704=EDGE_CURVE('',#1366,#1342,#754,.T.);
#1705=EDGE_CURVE('',#1372,#1373,#755,.T.);
#1706=EDGE_CURVE('',#1373,#1372,#143,.T.);
#1707=EDGE_CURVE('',#1374,#1374,#144,.T.);
#1708=EDGE_CURVE('',#1373,#1375,#756,.T.);
#1709=EDGE_CURVE('',#1376,#1372,#757,.T.);
#1710=EDGE_CURVE('',#1375,#1376,#145,.T.);
#1711=EDGE_CURVE('',#1374,#1377,#758,.T.);
#1712=EDGE_CURVE('',#1377,#1377,#146,.T.);
#1713=EDGE_CURVE('',#1378,#1378,#147,.T.);
#1714=EDGE_CURVE('',#1379,#1379,#148,.T.);
#1715=EDGE_CURVE('',#1380,#1380,#149,.T.);
#1716=EDGE_CURVE('',#1380,#1378,#759,.T.);
#1717=EDGE_CURVE('',#1379,#1381,#760,.T.);
#1718=EDGE_CURVE('',#1381,#1381,#150,.T.);
#1719=EDGE_CURVE('',#1376,#1357,#761,.T.);
#1720=EDGE_CURVE('',#1348,#1375,#762,.T.);
#1721=EDGE_CURVE('',#1252,#1237,#763,.T.);
#1722=EDGE_CURVE('',#1358,#1347,#764,.T.);
#1723=EDGE_CURVE('',#1359,#1252,#765,.T.);
#1724=EDGE_CURVE('',#1369,#1382,#766,.T.);
#1725=EDGE_CURVE('',#1383,#1368,#767,.T.);
#1726=EDGE_CURVE('',#1382,#1383,#768,.T.);
#1727=EDGE_CURVE('',#1382,#1384,#769,.T.);
#1728=EDGE_CURVE('',#1385,#1383,#770,.T.);
#1729=EDGE_CURVE('',#1384,#1385,#771,.T.);
#1730=EDGE_CURVE('',#1384,#1370,#772,.T.);
#1731=EDGE_CURVE('',#1371,#1385,#773,.T.);
#1732=EDGE_CURVE('',#1345,#1361,#774,.T.);
#1733=EDGE_CURVE('',#1362,#1344,#775,.T.);
#1734=EDGE_CURVE('',#1386,#1244,#776,.T.);
#1735=EDGE_CURVE('',#1270,#1386,#207,.T.);
#1736=EDGE_CURVE('',#1387,#1267,#777,.T.);
#1737=EDGE_CURVE('',#1387,#1242,#778,.T.);
#1738=EDGE_CURVE('',#1388,#1387,#208,.T.);
#1739=EDGE_CURVE('',#1388,#1243,#779,.T.);
#1740=EDGE_CURVE('',#1386,#1388,#780,.T.);
#1741=EDGE_CURVE('',#1330,#1329,#781,.T.);
#1742=EDGE_CURVE('',#1389,#1390,#782,.T.);
#1743=EDGE_CURVE('',#1390,#1391,#36,.T.);
#1744=EDGE_CURVE('',#1391,#1392,#783,.T.);
#1745=EDGE_CURVE('',#1392,#1389,#784,.T.);
#1746=EDGE_CURVE('',#1392,#1393,#785,.T.);
#1747=EDGE_CURVE('',#1393,#1394,#786,.T.);
#1748=EDGE_CURVE('',#1394,#1389,#787,.T.);
#1749=EDGE_CURVE('',#1395,#1391,#151,.T.);
#1750=EDGE_CURVE('',#1393,#1395,#788,.T.);
#1751=EDGE_CURVE('',#1396,#1390,#789,.T.);
#1752=EDGE_CURVE('',#1397,#1396,#152,.T.);
#1753=EDGE_CURVE('',#1397,#1395,#790,.T.);
#1754=EDGE_CURVE('',#1398,#1389,#791,.T.);
#1755=EDGE_CURVE('',#1396,#1398,#792,.T.);
#1756=EDGE_CURVE('',#1399,#1400,#793,.T.);
#1757=EDGE_CURVE('',#1400,#1401,#794,.T.);
#1758=EDGE_CURVE('',#1401,#1402,#795,.T.);
#1759=EDGE_CURVE('',#1402,#1399,#796,.T.);
#1760=EDGE_CURVE('',#1402,#1403,#797,.T.);
#1761=EDGE_CURVE('',#1403,#1404,#37,.T.);
#1762=EDGE_CURVE('',#1404,#1399,#798,.T.);
#1763=EDGE_CURVE('',#1405,#1399,#799,.T.);
#1764=EDGE_CURVE('',#1406,#1405,#800,.T.);
#1765=EDGE_CURVE('',#1406,#1400,#801,.T.);
#1766=EDGE_CURVE('',#1407,#1404,#802,.T.);
#1767=EDGE_CURVE('',#1405,#1407,#803,.T.);
#1768=EDGE_CURVE('',#1403,#1408,#153,.T.);
#1769=EDGE_CURVE('',#1409,#1408,#804,.T.);
#1770=EDGE_CURVE('',#1407,#1409,#154,.T.);
#1771=EDGE_CURVE('',#1410,#1411,#805,.T.);
#1772=EDGE_CURVE('',#1411,#1412,#806,.T.);
#1773=EDGE_CURVE('',#1412,#1413,#807,.T.);
#1774=EDGE_CURVE('',#1413,#1410,#808,.T.);
#1775=EDGE_CURVE('',#1413,#1414,#809,.T.);
#1776=EDGE_CURVE('',#1414,#1415,#38,.T.);
#1777=EDGE_CURVE('',#1415,#1410,#810,.T.);
#1778=EDGE_CURVE('',#1416,#1415,#155,.T.);
#1779=EDGE_CURVE('',#1411,#1416,#811,.T.);
#1780=EDGE_CURVE('',#1417,#1414,#812,.T.);
#1781=EDGE_CURVE('',#1418,#1417,#156,.T.);
#1782=EDGE_CURVE('',#1418,#1416,#813,.T.);
#1783=EDGE_CURVE('',#1419,#1420,#814,.T.);
#1784=EDGE_CURVE('',#1420,#1421,#815,.T.);
#1785=EDGE_CURVE('',#1421,#1422,#816,.T.);
#1786=EDGE_CURVE('',#1422,#1419,#817,.T.);
#1787=EDGE_CURVE('',#1422,#1423,#818,.T.);
#1788=EDGE_CURVE('',#1423,#1424,#39,.T.);
#1789=EDGE_CURVE('',#1424,#1419,#819,.T.);
#1790=EDGE_CURVE('',#1425,#1419,#820,.T.);
#1791=EDGE_CURVE('',#1426,#1425,#821,.T.);
#1792=EDGE_CURVE('',#1426,#1420,#822,.T.);
#1793=EDGE_CURVE('',#1427,#1424,#823,.T.);
#1794=EDGE_CURVE('',#1425,#1427,#824,.T.);
#1795=EDGE_CURVE('',#1423,#1428,#157,.T.);
#1796=EDGE_CURVE('',#1429,#1428,#825,.T.);
#1797=EDGE_CURVE('',#1427,#1429,#158,.T.);
#1798=EDGE_CURVE('',#1430,#1431,#209,.T.);
#1799=EDGE_CURVE('',#1431,#1432,#159,.T.);
#1800=EDGE_CURVE('',#1432,#1433,#210,.T.);
#1801=EDGE_CURVE('',#1433,#1434,#160,.T.);
#1802=EDGE_CURVE('',#1434,#1435,#211,.T.);
#1803=EDGE_CURVE('',#1435,#1436,#161,.T.);
#1804=EDGE_CURVE('',#1436,#1437,#212,.T.);
#1805=EDGE_CURVE('',#1437,#1438,#162,.T.);
#1806=EDGE_CURVE('',#1438,#1438,#163,.T.);
#1807=EDGE_CURVE('',#1437,#1439,#213,.T.);
#1808=EDGE_CURVE('',#1439,#1430,#164,.T.);
#1809=EDGE_CURVE('',#1436,#1440,#826,.T.);
#1810=EDGE_CURVE('',#1440,#1441,#165,.T.);
#1811=EDGE_CURVE('',#1442,#1441,#827,.T.);
#1812=EDGE_CURVE('',#1442,#1443,#166,.T.);
#1813=EDGE_CURVE('',#1443,#1439,#828,.T.);
#1814=EDGE_CURVE('',#1440,#1435,#829,.T.);
#1815=EDGE_CURVE('',#1444,#1433,#830,.T.);
#1816=EDGE_CURVE('',#1434,#1444,#831,.T.);
#1817=EDGE_CURVE('',#1445,#1431,#832,.T.);
#1818=EDGE_CURVE('',#1432,#1445,#833,.T.);
#1819=EDGE_CURVE('',#1430,#1443,#834,.T.);
#1820=EDGE_CURVE('',#1444,#1446,#167,.T.);
#1821=EDGE_CURVE('',#1447,#1446,#835,.T.);
#1822=EDGE_CURVE('',#1447,#1440,#168,.T.);
#1823=EDGE_CURVE('',#1445,#1448,#169,.T.);
#1824=EDGE_CURVE('',#1449,#1448,#836,.T.);
#1825=EDGE_CURVE('',#1449,#1444,#170,.T.);
#1826=EDGE_CURVE('',#1443,#1450,#171,.T.);
#1827=EDGE_CURVE('',#1451,#1450,#837,.T.);
#1828=EDGE_CURVE('',#1451,#1445,#172,.T.);
#1829=EDGE_CURVE('',#1451,#1448,#173,.T.);
#1830=EDGE_CURVE('',#1442,#1450,#174,.T.);
#1831=EDGE_CURVE('',#1447,#1441,#175,.T.);
#1832=EDGE_CURVE('',#1449,#1446,#176,.T.);
#1833=EDGE_CURVE('',#1452,#1452,#177,.T.);
#1834=EDGE_CURVE('',#1452,#1453,#838,.T.);
#1835=EDGE_CURVE('',#1454,#1454,#178,.T.);
#1836=EDGE_CURVE('',#1454,#1452,#839,.T.);
#1837=EDGE_CURVE('',#1455,#1455,#179,.T.);
#1838=EDGE_CURVE('',#1455,#1456,#840,.T.);
#1839=EDGE_CURVE('',#1457,#1457,#180,.T.);
#1840=EDGE_CURVE('',#1457,#1455,#841,.T.);
#1841=EDGE_CURVE('',#1429,#1426,#842,.T.);
#1842=EDGE_CURVE('',#1428,#1421,#843,.T.);
#1843=EDGE_CURVE('',#1409,#1406,#844,.T.);
#1844=EDGE_CURVE('',#1408,#1401,#845,.T.);
#1845=EDGE_CURVE('',#1458,#1413,#846,.T.);
#1846=EDGE_CURVE('',#1417,#1458,#847,.T.);
#1847=EDGE_CURVE('',#1459,#1412,#848,.T.);
#1848=EDGE_CURVE('',#1458,#1459,#849,.T.);
#1849=EDGE_CURVE('',#1459,#1418,#850,.T.);
#1850=EDGE_CURVE('',#1460,#1394,#851,.T.);
#1851=EDGE_CURVE('',#1398,#1460,#852,.T.);
#1852=EDGE_CURVE('',#1460,#1397,#853,.T.);
#1853=EDGE_CURVE('',#1461,#1462,#181,.T.);
#1854=EDGE_CURVE('',#1462,#1463,#854,.T.);
#1855=EDGE_CURVE('',#1463,#1464,#182,.T.);
#1856=EDGE_CURVE('',#1464,#1461,#855,.T.);
#1857=EDGE_CURVE('',#1465,#1466,#183,.T.);
#1858=EDGE_CURVE('',#1466,#1467,#856,.T.);
#1859=EDGE_CURVE('',#1467,#1461,#184,.T.);
#1860=EDGE_CURVE('',#1461,#1465,#857,.T.);
#1861=EDGE_CURVE('',#1467,#1462,#185,.T.);
#1862=EDGE_CURVE('',#1468,#1469,#186,.T.);
#1863=EDGE_CURVE('',#1469,#1470,#858,.T.);
#1864=EDGE_CURVE('',#1470,#1465,#187,.T.);
#1865=EDGE_CURVE('',#1465,#1468,#859,.T.);
#1866=EDGE_CURVE('',#1470,#1466,#188,.T.);
#1867=EDGE_CURVE('',#1464,#1471,#189,.T.);
#1868=EDGE_CURVE('',#1471,#1472,#860,.T.);
#1869=EDGE_CURVE('',#1472,#1468,#190,.T.);
#1870=EDGE_CURVE('',#1468,#1464,#861,.T.);
#1871=EDGE_CURVE('',#1472,#1469,#191,.T.);
#1872=EDGE_CURVE('',#1463,#1471,#192,.T.);
#1873=EDGE_CURVE('',#1473,#1473,#193,.T.);
#1874=EDGE_CURVE('',#1474,#1474,#194,.T.);
#1875=EDGE_CURVE('',#1475,#1475,#195,.T.);
#1876=EDGE_CURVE('',#1476,#1476,#196,.T.);
#1877=EDGE_CURVE('',#1477,#1477,#197,.T.);
#1878=EDGE_CURVE('',#1478,#1478,#198,.T.);
#1879=EDGE_CURVE('',#1474,#1477,#862,.T.);
#1880=EDGE_CURVE('',#1478,#1475,#863,.T.);
#1881=EDGE_CURVE('',#1479,#1479,#199,.T.);
#1882=EDGE_CURVE('',#1480,#1480,#200,.T.);
#1883=EDGE_CURVE('',#1473,#1479,#864,.T.);
#1884=EDGE_CURVE('',#1480,#1476,#865,.T.);
#1885=EDGE_CURVE('',#1481,#1482,#866,.T.);
#1886=EDGE_CURVE('',#1481,#1483,#867,.T.);
#1887=EDGE_CURVE('',#1484,#1483,#868,.T.);
#1888=EDGE_CURVE('',#1482,#1484,#869,.T.);
#1889=EDGE_CURVE('',#1482,#1485,#870,.T.);
#1890=EDGE_CURVE('',#1486,#1484,#871,.T.);
#1891=EDGE_CURVE('',#1485,#1486,#872,.T.);
#1892=EDGE_CURVE('',#1485,#1487,#873,.T.);
#1893=EDGE_CURVE('',#1488,#1486,#874,.T.);
#1894=EDGE_CURVE('',#1487,#1488,#875,.T.);
#1895=EDGE_CURVE('',#1487,#1481,#876,.T.);
#1896=EDGE_CURVE('',#1483,#1488,#877,.T.);
#1897=EDGE_CURVE('',#1489,#1490,#878,.T.);
#1898=EDGE_CURVE('',#1489,#1491,#879,.T.);
#1899=EDGE_CURVE('',#1492,#1491,#880,.T.);
#1900=EDGE_CURVE('',#1490,#1492,#881,.T.);
#1901=EDGE_CURVE('',#1493,#1490,#882,.T.);
#1902=EDGE_CURVE('',#1494,#1492,#883,.T.);
#1903=EDGE_CURVE('',#1493,#1494,#884,.T.);
#1904=EDGE_CURVE('',#1493,#1495,#885,.T.);
#1905=EDGE_CURVE('',#1496,#1494,#886,.T.);
#1906=EDGE_CURVE('',#1495,#1496,#887,.T.);
#1907=EDGE_CURVE('',#1495,#1497,#888,.T.);
#1908=EDGE_CURVE('',#1498,#1496,#889,.T.);
#1909=EDGE_CURVE('',#1497,#1498,#890,.T.);
#1910=EDGE_CURVE('',#1497,#1499,#891,.T.);
#1911=EDGE_CURVE('',#1500,#1498,#892,.T.);
#1912=EDGE_CURVE('',#1499,#1500,#893,.T.);
#1913=EDGE_CURVE('',#1501,#1499,#894,.T.);
#1914=EDGE_CURVE('',#1502,#1500,#895,.T.);
#1915=EDGE_CURVE('',#1501,#1502,#896,.T.);
#1916=EDGE_CURVE('',#1503,#1501,#897,.T.);
#1917=EDGE_CURVE('',#1504,#1502,#898,.T.);
#1918=EDGE_CURVE('',#1503,#1504,#899,.T.);
#1919=EDGE_CURVE('',#1505,#1503,#900,.T.);
#1920=EDGE_CURVE('',#1506,#1504,#901,.T.);
#1921=EDGE_CURVE('',#1505,#1506,#902,.T.);
#1922=EDGE_CURVE('',#1507,#1505,#903,.T.);
#1923=EDGE_CURVE('',#1508,#1506,#904,.T.);
#1924=EDGE_CURVE('',#1507,#1508,#905,.T.);
#1925=EDGE_CURVE('',#1507,#1489,#906,.T.);
#1926=EDGE_CURVE('',#1491,#1508,#907,.T.);
#1927=ORIENTED_EDGE('',*,*,#1509,.T.);
#1928=ORIENTED_EDGE('',*,*,#1510,.F.);
#1929=ORIENTED_EDGE('',*,*,#1511,.F.);
#1930=ORIENTED_EDGE('',*,*,#1512,.F.);
#1931=ORIENTED_EDGE('',*,*,#1513,.T.);
#1932=ORIENTED_EDGE('',*,*,#1514,.F.);
#1933=ORIENTED_EDGE('',*,*,#1515,.F.);
#1934=ORIENTED_EDGE('',*,*,#1516,.F.);
#1935=ORIENTED_EDGE('',*,*,#1517,.F.);
#1936=ORIENTED_EDGE('',*,*,#1518,.F.);
#1937=ORIENTED_EDGE('',*,*,#1519,.F.);
#1938=ORIENTED_EDGE('',*,*,#1520,.F.);
#1939=ORIENTED_EDGE('',*,*,#1521,.T.);
#1940=ORIENTED_EDGE('',*,*,#1513,.F.);
#1941=ORIENTED_EDGE('',*,*,#1522,.F.);
#1942=ORIENTED_EDGE('',*,*,#1523,.T.);
#1943=ORIENTED_EDGE('',*,*,#1524,.T.);
#1944=ORIENTED_EDGE('',*,*,#1525,.T.);
#1945=ORIENTED_EDGE('',*,*,#1523,.F.);
#1946=ORIENTED_EDGE('',*,*,#1526,.F.);
#1947=ORIENTED_EDGE('',*,*,#1527,.F.);
#1948=ORIENTED_EDGE('',*,*,#1528,.T.);
#1949=ORIENTED_EDGE('',*,*,#1529,.F.);
#1950=ORIENTED_EDGE('',*,*,#1530,.F.);
#1951=ORIENTED_EDGE('',*,*,#1531,.F.);
#1952=ORIENTED_EDGE('',*,*,#1532,.F.);
#1953=ORIENTED_EDGE('',*,*,#1533,.F.);
#1954=ORIENTED_EDGE('',*,*,#1534,.F.);
#1955=ORIENTED_EDGE('',*,*,#1535,.F.);
#1956=ORIENTED_EDGE('',*,*,#1536,.F.);
#1957=ORIENTED_EDGE('',*,*,#1526,.T.);
#1958=ORIENTED_EDGE('',*,*,#1522,.T.);
#1959=ORIENTED_EDGE('',*,*,#1512,.T.);
#1960=ORIENTED_EDGE('',*,*,#1537,.F.);
#1961=ORIENTED_EDGE('',*,*,#1538,.F.);
#1962=ORIENTED_EDGE('',*,*,#1539,.F.);
#1963=ORIENTED_EDGE('',*,*,#1540,.F.);
#1964=ORIENTED_EDGE('',*,*,#1541,.F.);
#1965=ORIENTED_EDGE('',*,*,#1511,.T.);
#1966=ORIENTED_EDGE('',*,*,#1542,.T.);
#1967=ORIENTED_EDGE('',*,*,#1543,.F.);
#1968=ORIENTED_EDGE('',*,*,#1537,.T.);
#1969=ORIENTED_EDGE('',*,*,#1514,.T.);
#1970=ORIENTED_EDGE('',*,*,#1544,.F.);
#1971=ORIENTED_EDGE('',*,*,#1545,.F.);
#1972=ORIENTED_EDGE('',*,*,#1546,.T.);
#1973=ORIENTED_EDGE('',*,*,#1547,.F.);
#1974=ORIENTED_EDGE('',*,*,#1548,.F.);
#1975=ORIENTED_EDGE('',*,*,#1544,.T.);
#1976=ORIENTED_EDGE('',*,*,#1524,.F.);
#1977=ORIENTED_EDGE('',*,*,#1525,.F.);
#1978=ORIENTED_EDGE('',*,*,#1549,.F.);
#1979=ORIENTED_EDGE('',*,*,#1509,.F.);
#1980=ORIENTED_EDGE('',*,*,#1521,.F.);
#1981=ORIENTED_EDGE('',*,*,#1520,.T.);
#1982=ORIENTED_EDGE('',*,*,#1550,.F.);
#1983=ORIENTED_EDGE('',*,*,#1551,.F.);
#1984=ORIENTED_EDGE('',*,*,#1547,.T.);
#1985=ORIENTED_EDGE('',*,*,#1519,.T.);
#1986=ORIENTED_EDGE('',*,*,#1552,.F.);
#1987=ORIENTED_EDGE('',*,*,#1553,.F.);
#1988=ORIENTED_EDGE('',*,*,#1550,.T.);
#1989=ORIENTED_EDGE('',*,*,#1554,.F.);
#1990=ORIENTED_EDGE('',*,*,#1555,.T.);
#1991=ORIENTED_EDGE('',*,*,#1556,.T.);
#1992=ORIENTED_EDGE('',*,*,#1557,.F.);
#1993=ORIENTED_EDGE('',*,*,#1558,.F.);
#1994=ORIENTED_EDGE('',*,*,#1559,.T.);
#1995=ORIENTED_EDGE('',*,*,#1560,.T.);
#1996=ORIENTED_EDGE('',*,*,#1555,.F.);
#1997=ORIENTED_EDGE('',*,*,#1561,.F.);
#1998=ORIENTED_EDGE('',*,*,#1562,.T.);
#1999=ORIENTED_EDGE('',*,*,#1563,.T.);
#2000=ORIENTED_EDGE('',*,*,#1559,.F.);
#2001=ORIENTED_EDGE('',*,*,#1564,.F.);
#2002=ORIENTED_EDGE('',*,*,#1557,.T.);
#2003=ORIENTED_EDGE('',*,*,#1565,.T.);
#2004=ORIENTED_EDGE('',*,*,#1562,.F.);
#2005=ORIENTED_EDGE('',*,*,#1565,.F.);
#2006=ORIENTED_EDGE('',*,*,#1556,.F.);
#2007=ORIENTED_EDGE('',*,*,#1560,.F.);
#2008=ORIENTED_EDGE('',*,*,#1563,.F.);
#2009=ORIENTED_EDGE('',*,*,#1566,.F.);
#2010=ORIENTED_EDGE('',*,*,#1567,.T.);
#2011=ORIENTED_EDGE('',*,*,#1568,.T.);
#2012=ORIENTED_EDGE('',*,*,#1569,.F.);
#2013=ORIENTED_EDGE('',*,*,#1570,.F.);
#2014=ORIENTED_EDGE('',*,*,#1571,.T.);
#2015=ORIENTED_EDGE('',*,*,#1572,.T.);
#2016=ORIENTED_EDGE('',*,*,#1567,.F.);
#2017=ORIENTED_EDGE('',*,*,#1573,.F.);
#2018=ORIENTED_EDGE('',*,*,#1574,.T.);
#2019=ORIENTED_EDGE('',*,*,#1575,.T.);
#2020=ORIENTED_EDGE('',*,*,#1571,.F.);
#2021=ORIENTED_EDGE('',*,*,#1576,.F.);
#2022=ORIENTED_EDGE('',*,*,#1569,.T.);
#2023=ORIENTED_EDGE('',*,*,#1577,.T.);
#2024=ORIENTED_EDGE('',*,*,#1574,.F.);
#2025=ORIENTED_EDGE('',*,*,#1577,.F.);
#2026=ORIENTED_EDGE('',*,*,#1568,.F.);
#2027=ORIENTED_EDGE('',*,*,#1572,.F.);
#2028=ORIENTED_EDGE('',*,*,#1575,.F.);
#2029=ORIENTED_EDGE('',*,*,#1578,.F.);
#2030=ORIENTED_EDGE('',*,*,#1579,.T.);
#2031=ORIENTED_EDGE('',*,*,#1580,.T.);
#2032=ORIENTED_EDGE('',*,*,#1581,.F.);
#2033=ORIENTED_EDGE('',*,*,#1582,.F.);
#2034=ORIENTED_EDGE('',*,*,#1583,.T.);
#2035=ORIENTED_EDGE('',*,*,#1584,.T.);
#2036=ORIENTED_EDGE('',*,*,#1579,.F.);
#2037=ORIENTED_EDGE('',*,*,#1585,.F.);
#2038=ORIENTED_EDGE('',*,*,#1586,.T.);
#2039=ORIENTED_EDGE('',*,*,#1587,.T.);
#2040=ORIENTED_EDGE('',*,*,#1583,.F.);
#2041=ORIENTED_EDGE('',*,*,#1588,.F.);
#2042=ORIENTED_EDGE('',*,*,#1581,.T.);
#2043=ORIENTED_EDGE('',*,*,#1589,.T.);
#2044=ORIENTED_EDGE('',*,*,#1586,.F.);
#2045=ORIENTED_EDGE('',*,*,#1589,.F.);
#2046=ORIENTED_EDGE('',*,*,#1580,.F.);
#2047=ORIENTED_EDGE('',*,*,#1584,.F.);
#2048=ORIENTED_EDGE('',*,*,#1587,.F.);
#2049=ORIENTED_EDGE('',*,*,#1590,.F.);
#2050=ORIENTED_EDGE('',*,*,#1591,.T.);
#2051=ORIENTED_EDGE('',*,*,#1592,.T.);
#2052=ORIENTED_EDGE('',*,*,#1593,.F.);
#2053=ORIENTED_EDGE('',*,*,#1594,.F.);
#2054=ORIENTED_EDGE('',*,*,#1595,.T.);
#2055=ORIENTED_EDGE('',*,*,#1596,.T.);
#2056=ORIENTED_EDGE('',*,*,#1591,.F.);
#2057=ORIENTED_EDGE('',*,*,#1597,.F.);
#2058=ORIENTED_EDGE('',*,*,#1598,.T.);
#2059=ORIENTED_EDGE('',*,*,#1599,.T.);
#2060=ORIENTED_EDGE('',*,*,#1595,.F.);
#2061=ORIENTED_EDGE('',*,*,#1600,.F.);
#2062=ORIENTED_EDGE('',*,*,#1593,.T.);
#2063=ORIENTED_EDGE('',*,*,#1601,.T.);
#2064=ORIENTED_EDGE('',*,*,#1598,.F.);
#2065=ORIENTED_EDGE('',*,*,#1601,.F.);
#2066=ORIENTED_EDGE('',*,*,#1592,.F.);
#2067=ORIENTED_EDGE('',*,*,#1596,.F.);
#2068=ORIENTED_EDGE('',*,*,#1599,.F.);
#2069=ORIENTED_EDGE('',*,*,#1602,.F.);
#2070=ORIENTED_EDGE('',*,*,#1603,.T.);
#2071=ORIENTED_EDGE('',*,*,#1604,.T.);
#2072=ORIENTED_EDGE('',*,*,#1603,.F.);
#2073=ORIENTED_EDGE('',*,*,#1604,.F.);
#2074=ORIENTED_EDGE('',*,*,#1605,.F.);
#2075=ORIENTED_EDGE('',*,*,#1606,.T.);
#2076=ORIENTED_EDGE('',*,*,#1607,.T.);
#2077=ORIENTED_EDGE('',*,*,#1608,.F.);
#2078=ORIENTED_EDGE('',*,*,#1609,.F.);
#2079=ORIENTED_EDGE('',*,*,#1610,.T.);
#2080=ORIENTED_EDGE('',*,*,#1611,.T.);
#2081=ORIENTED_EDGE('',*,*,#1606,.F.);
#2082=ORIENTED_EDGE('',*,*,#1612,.F.);
#2083=ORIENTED_EDGE('',*,*,#1613,.T.);
#2084=ORIENTED_EDGE('',*,*,#1614,.T.);
#2085=ORIENTED_EDGE('',*,*,#1610,.F.);
#2086=ORIENTED_EDGE('',*,*,#1615,.F.);
#2087=ORIENTED_EDGE('',*,*,#1608,.T.);
#2088=ORIENTED_EDGE('',*,*,#1616,.T.);
#2089=ORIENTED_EDGE('',*,*,#1613,.F.);
#2090=ORIENTED_EDGE('',*,*,#1616,.F.);
#2091=ORIENTED_EDGE('',*,*,#1607,.F.);
#2092=ORIENTED_EDGE('',*,*,#1611,.F.);
#2093=ORIENTED_EDGE('',*,*,#1614,.F.);
#2094=ORIENTED_EDGE('',*,*,#1617,.F.);
#2095=ORIENTED_EDGE('',*,*,#1618,.T.);
#2096=ORIENTED_EDGE('',*,*,#1619,.T.);
#2097=ORIENTED_EDGE('',*,*,#1620,.F.);
#2098=ORIENTED_EDGE('',*,*,#1621,.F.);
#2099=ORIENTED_EDGE('',*,*,#1622,.T.);
#2100=ORIENTED_EDGE('',*,*,#1623,.T.);
#2101=ORIENTED_EDGE('',*,*,#1618,.F.);
#2102=ORIENTED_EDGE('',*,*,#1624,.F.);
#2103=ORIENTED_EDGE('',*,*,#1625,.T.);
#2104=ORIENTED_EDGE('',*,*,#1626,.T.);
#2105=ORIENTED_EDGE('',*,*,#1622,.F.);
#2106=ORIENTED_EDGE('',*,*,#1627,.F.);
#2107=ORIENTED_EDGE('',*,*,#1620,.T.);
#2108=ORIENTED_EDGE('',*,*,#1628,.T.);
#2109=ORIENTED_EDGE('',*,*,#1625,.F.);
#2110=ORIENTED_EDGE('',*,*,#1628,.F.);
#2111=ORIENTED_EDGE('',*,*,#1619,.F.);
#2112=ORIENTED_EDGE('',*,*,#1623,.F.);
#2113=ORIENTED_EDGE('',*,*,#1626,.F.);
#2114=ORIENTED_EDGE('',*,*,#1629,.F.);
#2115=ORIENTED_EDGE('',*,*,#1630,.T.);
#2116=ORIENTED_EDGE('',*,*,#1631,.T.);
#2117=ORIENTED_EDGE('',*,*,#1630,.F.);
#2118=ORIENTED_EDGE('',*,*,#1631,.F.);
#2119=ORIENTED_EDGE('',*,*,#1632,.T.);
#2120=ORIENTED_EDGE('',*,*,#1633,.T.);
#2121=ORIENTED_EDGE('',*,*,#1529,.T.);
#2122=ORIENTED_EDGE('',*,*,#1634,.T.);
#2123=ORIENTED_EDGE('',*,*,#1634,.F.);
#2124=ORIENTED_EDGE('',*,*,#1536,.T.);
#2125=ORIENTED_EDGE('',*,*,#1635,.F.);
#2126=ORIENTED_EDGE('',*,*,#1636,.F.);
#2127=ORIENTED_EDGE('',*,*,#1629,.T.);
#2128=ORIENTED_EDGE('',*,*,#1637,.T.);
#2129=ORIENTED_EDGE('',*,*,#1635,.T.);
#2130=ORIENTED_EDGE('',*,*,#1535,.T.);
#2131=ORIENTED_EDGE('',*,*,#1638,.T.);
#2132=ORIENTED_EDGE('',*,*,#1638,.F.);
#2133=ORIENTED_EDGE('',*,*,#1534,.T.);
#2134=ORIENTED_EDGE('',*,*,#1639,.F.);
#2135=ORIENTED_EDGE('',*,*,#1640,.F.);
#2136=ORIENTED_EDGE('',*,*,#1602,.T.);
#2137=ORIENTED_EDGE('',*,*,#1605,.T.);
#2138=ORIENTED_EDGE('',*,*,#1615,.T.);
#2139=ORIENTED_EDGE('',*,*,#1612,.T.);
#2140=ORIENTED_EDGE('',*,*,#1609,.T.);
#2141=ORIENTED_EDGE('',*,*,#1617,.T.);
#2142=ORIENTED_EDGE('',*,*,#1627,.T.);
#2143=ORIENTED_EDGE('',*,*,#1624,.T.);
#2144=ORIENTED_EDGE('',*,*,#1621,.T.);
#2145=ORIENTED_EDGE('',*,*,#1641,.T.);
#2146=ORIENTED_EDGE('',*,*,#1642,.T.);
#2147=ORIENTED_EDGE('',*,*,#1531,.T.);
#2148=ORIENTED_EDGE('',*,*,#1643,.T.);
#2149=ORIENTED_EDGE('',*,*,#1633,.F.);
#2150=ORIENTED_EDGE('',*,*,#1644,.F.);
#2151=ORIENTED_EDGE('',*,*,#1643,.F.);
#2152=ORIENTED_EDGE('',*,*,#1530,.T.);
#2153=ORIENTED_EDGE('',*,*,#1554,.T.);
#2154=ORIENTED_EDGE('',*,*,#1564,.T.);
#2155=ORIENTED_EDGE('',*,*,#1561,.T.);
#2156=ORIENTED_EDGE('',*,*,#1558,.T.);
#2157=ORIENTED_EDGE('',*,*,#1566,.T.);
#2158=ORIENTED_EDGE('',*,*,#1576,.T.);
#2159=ORIENTED_EDGE('',*,*,#1573,.T.);
#2160=ORIENTED_EDGE('',*,*,#1570,.T.);
#2161=ORIENTED_EDGE('',*,*,#1578,.T.);
#2162=ORIENTED_EDGE('',*,*,#1588,.T.);
#2163=ORIENTED_EDGE('',*,*,#1585,.T.);
#2164=ORIENTED_EDGE('',*,*,#1582,.T.);
#2165=ORIENTED_EDGE('',*,*,#1645,.T.);
#2166=ORIENTED_EDGE('',*,*,#1639,.T.);
#2167=ORIENTED_EDGE('',*,*,#1533,.T.);
#2168=ORIENTED_EDGE('',*,*,#1646,.T.);
#2169=ORIENTED_EDGE('',*,*,#1647,.F.);
#2170=ORIENTED_EDGE('',*,*,#1648,.T.);
#2171=ORIENTED_EDGE('',*,*,#1648,.F.);
#2172=ORIENTED_EDGE('',*,*,#1649,.F.);
#2173=ORIENTED_EDGE('',*,*,#1650,.T.);
#2174=ORIENTED_EDGE('',*,*,#1647,.T.);
#2175=ORIENTED_EDGE('',*,*,#1650,.F.);
#2176=ORIENTED_EDGE('',*,*,#1651,.F.);
#2177=ORIENTED_EDGE('',*,*,#1652,.T.);
#2178=ORIENTED_EDGE('',*,*,#1652,.F.);
#2179=ORIENTED_EDGE('',*,*,#1653,.F.);
#2180=ORIENTED_EDGE('',*,*,#1654,.T.);
#2181=ORIENTED_EDGE('',*,*,#1651,.T.);
#2182=ORIENTED_EDGE('',*,*,#1654,.F.);
#2183=ORIENTED_EDGE('',*,*,#1655,.T.);
#2184=ORIENTED_EDGE('',*,*,#1656,.T.);
#2185=ORIENTED_EDGE('',*,*,#1657,.T.);
#2186=ORIENTED_EDGE('',*,*,#1658,.T.);
#2187=ORIENTED_EDGE('',*,*,#1659,.T.);
#2188=ORIENTED_EDGE('',*,*,#1655,.F.);
#2189=ORIENTED_EDGE('',*,*,#1659,.F.);
#2190=ORIENTED_EDGE('',*,*,#1660,.T.);
#2191=ORIENTED_EDGE('',*,*,#1661,.F.);
#2192=ORIENTED_EDGE('',*,*,#1662,.F.);
#2193=ORIENTED_EDGE('',*,*,#1663,.T.);
#2194=ORIENTED_EDGE('',*,*,#1664,.T.);
#2195=ORIENTED_EDGE('',*,*,#1665,.T.);
#2196=ORIENTED_EDGE('',*,*,#1666,.F.);
#2197=ORIENTED_EDGE('',*,*,#1538,.T.);
#2198=ORIENTED_EDGE('',*,*,#1543,.T.);
#2199=ORIENTED_EDGE('',*,*,#1667,.T.);
#2200=ORIENTED_EDGE('',*,*,#1668,.T.);
#2201=ORIENTED_EDGE('',*,*,#1669,.T.);
#2202=ORIENTED_EDGE('',*,*,#1670,.T.);
#2203=ORIENTED_EDGE('',*,*,#1671,.T.);
#2204=ORIENTED_EDGE('',*,*,#1672,.T.);
#2205=ORIENTED_EDGE('',*,*,#1673,.T.);
#2206=ORIENTED_EDGE('',*,*,#1674,.T.);
#2207=ORIENTED_EDGE('',*,*,#1675,.T.);
#2208=ORIENTED_EDGE('',*,*,#1671,.F.);
#2209=ORIENTED_EDGE('',*,*,#1675,.F.);
#2210=ORIENTED_EDGE('',*,*,#1676,.T.);
#2211=ORIENTED_EDGE('',*,*,#1677,.F.);
#2212=ORIENTED_EDGE('',*,*,#1678,.F.);
#2213=ORIENTED_EDGE('',*,*,#1679,.T.);
#2214=ORIENTED_EDGE('',*,*,#1680,.T.);
#2215=ORIENTED_EDGE('',*,*,#1681,.T.);
#2216=ORIENTED_EDGE('',*,*,#1682,.F.);
#2217=ORIENTED_EDGE('',*,*,#1540,.T.);
#2218=ORIENTED_EDGE('',*,*,#1683,.T.);
#2219=ORIENTED_EDGE('',*,*,#1684,.T.);
#2220=ORIENTED_EDGE('',*,*,#1685,.T.);
#2221=ORIENTED_EDGE('',*,*,#1686,.T.);
#2222=ORIENTED_EDGE('',*,*,#1687,.T.);
#2223=ORIENTED_EDGE('',*,*,#1688,.T.);
#2224=ORIENTED_EDGE('',*,*,#1689,.T.);
#2225=ORIENTED_EDGE('',*,*,#1657,.F.);
#2226=ORIENTED_EDGE('',*,*,#1690,.F.);
#2227=ORIENTED_EDGE('',*,*,#1691,.T.);
#2228=ORIENTED_EDGE('',*,*,#1660,.F.);
#2229=ORIENTED_EDGE('',*,*,#1658,.F.);
#2230=ORIENTED_EDGE('',*,*,#1689,.F.);
#2231=ORIENTED_EDGE('',*,*,#1656,.F.);
#2232=ORIENTED_EDGE('',*,*,#1670,.F.);
#2233=ORIENTED_EDGE('',*,*,#1692,.T.);
#2234=ORIENTED_EDGE('',*,*,#1678,.T.);
#2235=ORIENTED_EDGE('',*,*,#1693,.F.);
#2236=ORIENTED_EDGE('',*,*,#1690,.T.);
#2237=ORIENTED_EDGE('',*,*,#1694,.T.);
#2238=ORIENTED_EDGE('',*,*,#1695,.T.);
#2239=ORIENTED_EDGE('',*,*,#1673,.F.);
#2240=ORIENTED_EDGE('',*,*,#1696,.F.);
#2241=ORIENTED_EDGE('',*,*,#1697,.T.);
#2242=ORIENTED_EDGE('',*,*,#1676,.F.);
#2243=ORIENTED_EDGE('',*,*,#1674,.F.);
#2244=ORIENTED_EDGE('',*,*,#1695,.F.);
#2245=ORIENTED_EDGE('',*,*,#1672,.F.);
#2246=ORIENTED_EDGE('',*,*,#1687,.F.);
#2247=ORIENTED_EDGE('',*,*,#1698,.T.);
#2248=ORIENTED_EDGE('',*,*,#1699,.T.);
#2249=ORIENTED_EDGE('',*,*,#1700,.T.);
#2250=ORIENTED_EDGE('',*,*,#1683,.F.);
#2251=ORIENTED_EDGE('',*,*,#1539,.T.);
#2252=ORIENTED_EDGE('',*,*,#1666,.T.);
#2253=ORIENTED_EDGE('',*,*,#1701,.T.);
#2254=ORIENTED_EDGE('',*,*,#1702,.T.);
#2255=ORIENTED_EDGE('',*,*,#1703,.T.);
#2256=ORIENTED_EDGE('',*,*,#1662,.T.);
#2257=ORIENTED_EDGE('',*,*,#1704,.F.);
#2258=ORIENTED_EDGE('',*,*,#1696,.T.);
#2259=ORIENTED_EDGE('',*,*,#1705,.F.);
#2260=ORIENTED_EDGE('',*,*,#1706,.F.);
#2261=ORIENTED_EDGE('',*,*,#1707,.T.);
#2262=ORIENTED_EDGE('',*,*,#1708,.F.);
#2263=ORIENTED_EDGE('',*,*,#1706,.T.);
#2264=ORIENTED_EDGE('',*,*,#1709,.F.);
#2265=ORIENTED_EDGE('',*,*,#1710,.F.);
#2266=ORIENTED_EDGE('',*,*,#1707,.F.);
#2267=ORIENTED_EDGE('',*,*,#1711,.T.);
#2268=ORIENTED_EDGE('',*,*,#1712,.F.);
#2269=ORIENTED_EDGE('',*,*,#1711,.F.);
#2270=ORIENTED_EDGE('',*,*,#1713,.F.);
#2271=ORIENTED_EDGE('',*,*,#1714,.T.);
#2272=ORIENTED_EDGE('',*,*,#1715,.F.);
#2273=ORIENTED_EDGE('',*,*,#1716,.T.);
#2274=ORIENTED_EDGE('',*,*,#1713,.T.);
#2275=ORIENTED_EDGE('',*,*,#1716,.F.);
#2276=ORIENTED_EDGE('',*,*,#1714,.F.);
#2277=ORIENTED_EDGE('',*,*,#1717,.T.);
#2278=ORIENTED_EDGE('',*,*,#1718,.F.);
#2279=ORIENTED_EDGE('',*,*,#1717,.F.);
#2280=ORIENTED_EDGE('',*,*,#1710,.T.);
#2281=ORIENTED_EDGE('',*,*,#1719,.T.);
#2282=ORIENTED_EDGE('',*,*,#1679,.F.);
#2283=ORIENTED_EDGE('',*,*,#1692,.F.);
#2284=ORIENTED_EDGE('',*,*,#1669,.F.);
#2285=ORIENTED_EDGE('',*,*,#1720,.T.);
#2286=ORIENTED_EDGE('',*,*,#1549,.T.);
#2287=ORIENTED_EDGE('',*,*,#1528,.F.);
#2288=ORIENTED_EDGE('',*,*,#1721,.T.);
#2289=ORIENTED_EDGE('',*,*,#1510,.T.);
#2290=ORIENTED_EDGE('',*,*,#1708,.T.);
#2291=ORIENTED_EDGE('',*,*,#1720,.F.);
#2292=ORIENTED_EDGE('',*,*,#1668,.F.);
#2293=ORIENTED_EDGE('',*,*,#1722,.F.);
#2294=ORIENTED_EDGE('',*,*,#1680,.F.);
#2295=ORIENTED_EDGE('',*,*,#1719,.F.);
#2296=ORIENTED_EDGE('',*,*,#1709,.T.);
#2297=ORIENTED_EDGE('',*,*,#1705,.T.);
#2298=ORIENTED_EDGE('',*,*,#1722,.T.);
#2299=ORIENTED_EDGE('',*,*,#1667,.F.);
#2300=ORIENTED_EDGE('',*,*,#1542,.F.);
#2301=ORIENTED_EDGE('',*,*,#1721,.F.);
#2302=ORIENTED_EDGE('',*,*,#1723,.F.);
#2303=ORIENTED_EDGE('',*,*,#1681,.F.);
#2304=ORIENTED_EDGE('',*,*,#1712,.T.);
#2305=ORIENTED_EDGE('',*,*,#1527,.T.);
#2306=ORIENTED_EDGE('',*,*,#1541,.T.);
#2307=ORIENTED_EDGE('',*,*,#1682,.T.);
#2308=ORIENTED_EDGE('',*,*,#1723,.T.);
#2309=ORIENTED_EDGE('',*,*,#1724,.F.);
#2310=ORIENTED_EDGE('',*,*,#1699,.F.);
#2311=ORIENTED_EDGE('',*,*,#1725,.F.);
#2312=ORIENTED_EDGE('',*,*,#1726,.F.);
#2313=ORIENTED_EDGE('',*,*,#1727,.F.);
#2314=ORIENTED_EDGE('',*,*,#1726,.T.);
#2315=ORIENTED_EDGE('',*,*,#1728,.F.);
#2316=ORIENTED_EDGE('',*,*,#1729,.F.);
#2317=ORIENTED_EDGE('',*,*,#1730,.F.);
#2318=ORIENTED_EDGE('',*,*,#1729,.T.);
#2319=ORIENTED_EDGE('',*,*,#1731,.F.);
#2320=ORIENTED_EDGE('',*,*,#1702,.F.);
#2321=ORIENTED_EDGE('',*,*,#1732,.F.);
#2322=ORIENTED_EDGE('',*,*,#1664,.F.);
#2323=ORIENTED_EDGE('',*,*,#1733,.F.);
#2324=ORIENTED_EDGE('',*,*,#1685,.F.);
#2325=ORIENTED_EDGE('',*,*,#1733,.T.);
#2326=ORIENTED_EDGE('',*,*,#1663,.F.);
#2327=ORIENTED_EDGE('',*,*,#1703,.F.);
#2328=ORIENTED_EDGE('',*,*,#1731,.T.);
#2329=ORIENTED_EDGE('',*,*,#1728,.T.);
#2330=ORIENTED_EDGE('',*,*,#1725,.T.);
#2331=ORIENTED_EDGE('',*,*,#1698,.F.);
#2332=ORIENTED_EDGE('',*,*,#1686,.F.);
#2333=ORIENTED_EDGE('',*,*,#1715,.T.);
#2334=ORIENTED_EDGE('',*,*,#1732,.T.);
#2335=ORIENTED_EDGE('',*,*,#1684,.F.);
#2336=ORIENTED_EDGE('',*,*,#1700,.F.);
#2337=ORIENTED_EDGE('',*,*,#1724,.T.);
#2338=ORIENTED_EDGE('',*,*,#1727,.T.);
#2339=ORIENTED_EDGE('',*,*,#1730,.T.);
#2340=ORIENTED_EDGE('',*,*,#1701,.F.);
#2341=ORIENTED_EDGE('',*,*,#1665,.F.);
#2342=ORIENTED_EDGE('',*,*,#1718,.T.);
#2343=ORIENTED_EDGE('',*,*,#1518,.T.);
#2344=ORIENTED_EDGE('',*,*,#1734,.F.);
#2345=ORIENTED_EDGE('',*,*,#1735,.F.);
#2346=ORIENTED_EDGE('',*,*,#1552,.T.);
#2347=ORIENTED_EDGE('',*,*,#1515,.T.);
#2348=ORIENTED_EDGE('',*,*,#1546,.F.);
#2349=ORIENTED_EDGE('',*,*,#1736,.F.);
#2350=ORIENTED_EDGE('',*,*,#1737,.T.);
#2351=ORIENTED_EDGE('',*,*,#1516,.T.);
#2352=ORIENTED_EDGE('',*,*,#1737,.F.);
#2353=ORIENTED_EDGE('',*,*,#1738,.F.);
#2354=ORIENTED_EDGE('',*,*,#1739,.T.);
#2355=ORIENTED_EDGE('',*,*,#1517,.T.);
#2356=ORIENTED_EDGE('',*,*,#1739,.F.);
#2357=ORIENTED_EDGE('',*,*,#1740,.F.);
#2358=ORIENTED_EDGE('',*,*,#1734,.T.);
#2359=ORIENTED_EDGE('',*,*,#1642,.F.);
#2360=ORIENTED_EDGE('',*,*,#1741,.F.);
#2361=ORIENTED_EDGE('',*,*,#1646,.F.);
#2362=ORIENTED_EDGE('',*,*,#1532,.T.);
#2363=ORIENTED_EDGE('',*,*,#1590,.T.);
#2364=ORIENTED_EDGE('',*,*,#1600,.T.);
#2365=ORIENTED_EDGE('',*,*,#1597,.T.);
#2366=ORIENTED_EDGE('',*,*,#1594,.T.);
#2367=ORIENTED_EDGE('',*,*,#1735,.T.);
#2368=ORIENTED_EDGE('',*,*,#1740,.T.);
#2369=ORIENTED_EDGE('',*,*,#1738,.T.);
#2370=ORIENTED_EDGE('',*,*,#1736,.T.);
#2371=ORIENTED_EDGE('',*,*,#1545,.T.);
#2372=ORIENTED_EDGE('',*,*,#1548,.T.);
#2373=ORIENTED_EDGE('',*,*,#1551,.T.);
#2374=ORIENTED_EDGE('',*,*,#1553,.T.);
#2375=ORIENTED_EDGE('',*,*,#1632,.F.);
#2376=ORIENTED_EDGE('',*,*,#1636,.T.);
#2377=ORIENTED_EDGE('',*,*,#1637,.F.);
#2378=ORIENTED_EDGE('',*,*,#1640,.T.);
#2379=ORIENTED_EDGE('',*,*,#1645,.F.);
#2380=ORIENTED_EDGE('',*,*,#1741,.T.);
#2381=ORIENTED_EDGE('',*,*,#1641,.F.);
#2382=ORIENTED_EDGE('',*,*,#1644,.T.);
#2383=ORIENTED_EDGE('',*,*,#1649,.T.);
#2384=ORIENTED_EDGE('',*,*,#1653,.T.);
#2385=ORIENTED_EDGE('',*,*,#1693,.T.);
#2386=ORIENTED_EDGE('',*,*,#1677,.T.);
#2387=ORIENTED_EDGE('',*,*,#1697,.F.);
#2388=ORIENTED_EDGE('',*,*,#1694,.F.);
#2389=ORIENTED_EDGE('',*,*,#1704,.T.);
#2390=ORIENTED_EDGE('',*,*,#1661,.T.);
#2391=ORIENTED_EDGE('',*,*,#1691,.F.);
#2392=ORIENTED_EDGE('',*,*,#1688,.F.);
#2393=ORIENTED_EDGE('',*,*,#1742,.T.);
#2394=ORIENTED_EDGE('',*,*,#1743,.T.);
#2395=ORIENTED_EDGE('',*,*,#1744,.T.);
#2396=ORIENTED_EDGE('',*,*,#1745,.T.);
#2397=ORIENTED_EDGE('',*,*,#1746,.T.);
#2398=ORIENTED_EDGE('',*,*,#1747,.T.);
#2399=ORIENTED_EDGE('',*,*,#1748,.T.);
#2400=ORIENTED_EDGE('',*,*,#1745,.F.);
#2401=ORIENTED_EDGE('',*,*,#1746,.F.);
#2402=ORIENTED_EDGE('',*,*,#1744,.F.);
#2403=ORIENTED_EDGE('',*,*,#1749,.F.);
#2404=ORIENTED_EDGE('',*,*,#1750,.F.);
#2405=ORIENTED_EDGE('',*,*,#1743,.F.);
#2406=ORIENTED_EDGE('',*,*,#1751,.F.);
#2407=ORIENTED_EDGE('',*,*,#1752,.F.);
#2408=ORIENTED_EDGE('',*,*,#1753,.T.);
#2409=ORIENTED_EDGE('',*,*,#1749,.T.);
#2410=ORIENTED_EDGE('',*,*,#1742,.F.);
#2411=ORIENTED_EDGE('',*,*,#1754,.F.);
#2412=ORIENTED_EDGE('',*,*,#1755,.F.);
#2413=ORIENTED_EDGE('',*,*,#1751,.T.);
#2414=ORIENTED_EDGE('',*,*,#1756,.T.);
#2415=ORIENTED_EDGE('',*,*,#1757,.T.);
#2416=ORIENTED_EDGE('',*,*,#1758,.T.);
#2417=ORIENTED_EDGE('',*,*,#1759,.T.);
#2418=ORIENTED_EDGE('',*,*,#1760,.T.);
#2419=ORIENTED_EDGE('',*,*,#1761,.T.);
#2420=ORIENTED_EDGE('',*,*,#1762,.T.);
#2421=ORIENTED_EDGE('',*,*,#1759,.F.);
#2422=ORIENTED_EDGE('',*,*,#1756,.F.);
#2423=ORIENTED_EDGE('',*,*,#1763,.F.);
#2424=ORIENTED_EDGE('',*,*,#1764,.F.);
#2425=ORIENTED_EDGE('',*,*,#1765,.T.);
#2426=ORIENTED_EDGE('',*,*,#1762,.F.);
#2427=ORIENTED_EDGE('',*,*,#1766,.F.);
#2428=ORIENTED_EDGE('',*,*,#1767,.F.);
#2429=ORIENTED_EDGE('',*,*,#1763,.T.);
#2430=ORIENTED_EDGE('',*,*,#1761,.F.);
#2431=ORIENTED_EDGE('',*,*,#1768,.T.);
#2432=ORIENTED_EDGE('',*,*,#1769,.F.);
#2433=ORIENTED_EDGE('',*,*,#1770,.F.);
#2434=ORIENTED_EDGE('',*,*,#1766,.T.);
#2435=ORIENTED_EDGE('',*,*,#1771,.T.);
#2436=ORIENTED_EDGE('',*,*,#1772,.T.);
#2437=ORIENTED_EDGE('',*,*,#1773,.T.);
#2438=ORIENTED_EDGE('',*,*,#1774,.T.);
#2439=ORIENTED_EDGE('',*,*,#1775,.T.);
#2440=ORIENTED_EDGE('',*,*,#1776,.T.);
#2441=ORIENTED_EDGE('',*,*,#1777,.T.);
#2442=ORIENTED_EDGE('',*,*,#1774,.F.);
#2443=ORIENTED_EDGE('',*,*,#1771,.F.);
#2444=ORIENTED_EDGE('',*,*,#1777,.F.);
#2445=ORIENTED_EDGE('',*,*,#1778,.F.);
#2446=ORIENTED_EDGE('',*,*,#1779,.F.);
#2447=ORIENTED_EDGE('',*,*,#1776,.F.);
#2448=ORIENTED_EDGE('',*,*,#1780,.F.);
#2449=ORIENTED_EDGE('',*,*,#1781,.F.);
#2450=ORIENTED_EDGE('',*,*,#1782,.T.);
#2451=ORIENTED_EDGE('',*,*,#1778,.T.);
#2452=ORIENTED_EDGE('',*,*,#1783,.T.);
#2453=ORIENTED_EDGE('',*,*,#1784,.T.);
#2454=ORIENTED_EDGE('',*,*,#1785,.T.);
#2455=ORIENTED_EDGE('',*,*,#1786,.T.);
#2456=ORIENTED_EDGE('',*,*,#1787,.T.);
#2457=ORIENTED_EDGE('',*,*,#1788,.T.);
#2458=ORIENTED_EDGE('',*,*,#1789,.T.);
#2459=ORIENTED_EDGE('',*,*,#1786,.F.);
#2460=ORIENTED_EDGE('',*,*,#1783,.F.);
#2461=ORIENTED_EDGE('',*,*,#1790,.F.);
#2462=ORIENTED_EDGE('',*,*,#1791,.F.);
#2463=ORIENTED_EDGE('',*,*,#1792,.T.);
#2464=ORIENTED_EDGE('',*,*,#1789,.F.);
#2465=ORIENTED_EDGE('',*,*,#1793,.F.);
#2466=ORIENTED_EDGE('',*,*,#1794,.F.);
#2467=ORIENTED_EDGE('',*,*,#1790,.T.);
#2468=ORIENTED_EDGE('',*,*,#1788,.F.);
#2469=ORIENTED_EDGE('',*,*,#1795,.T.);
#2470=ORIENTED_EDGE('',*,*,#1796,.F.);
#2471=ORIENTED_EDGE('',*,*,#1797,.F.);
#2472=ORIENTED_EDGE('',*,*,#1793,.T.);
#2473=ORIENTED_EDGE('',*,*,#1798,.T.);
#2474=ORIENTED_EDGE('',*,*,#1799,.T.);
#2475=ORIENTED_EDGE('',*,*,#1800,.T.);
#2476=ORIENTED_EDGE('',*,*,#1801,.T.);
#2477=ORIENTED_EDGE('',*,*,#1802,.T.);
#2478=ORIENTED_EDGE('',*,*,#1803,.T.);
#2479=ORIENTED_EDGE('',*,*,#1804,.T.);
#2480=ORIENTED_EDGE('',*,*,#1805,.T.);
#2481=ORIENTED_EDGE('',*,*,#1806,.T.);
#2482=ORIENTED_EDGE('',*,*,#1805,.F.);
#2483=ORIENTED_EDGE('',*,*,#1807,.T.);
#2484=ORIENTED_EDGE('',*,*,#1808,.T.);
#2485=ORIENTED_EDGE('',*,*,#1804,.F.);
#2486=ORIENTED_EDGE('',*,*,#1809,.T.);
#2487=ORIENTED_EDGE('',*,*,#1810,.T.);
#2488=ORIENTED_EDGE('',*,*,#1811,.F.);
#2489=ORIENTED_EDGE('',*,*,#1812,.T.);
#2490=ORIENTED_EDGE('',*,*,#1813,.T.);
#2491=ORIENTED_EDGE('',*,*,#1807,.F.);
#2492=ORIENTED_EDGE('',*,*,#1803,.F.);
#2493=ORIENTED_EDGE('',*,*,#1814,.F.);
#2494=ORIENTED_EDGE('',*,*,#1809,.F.);
#2495=ORIENTED_EDGE('',*,*,#1801,.F.);
#2496=ORIENTED_EDGE('',*,*,#1815,.F.);
#2497=ORIENTED_EDGE('',*,*,#1816,.F.);
#2498=ORIENTED_EDGE('',*,*,#1799,.F.);
#2499=ORIENTED_EDGE('',*,*,#1817,.F.);
#2500=ORIENTED_EDGE('',*,*,#1818,.F.);
#2501=ORIENTED_EDGE('',*,*,#1808,.F.);
#2502=ORIENTED_EDGE('',*,*,#1813,.F.);
#2503=ORIENTED_EDGE('',*,*,#1819,.F.);
#2504=ORIENTED_EDGE('',*,*,#1802,.F.);
#2505=ORIENTED_EDGE('',*,*,#1816,.T.);
#2506=ORIENTED_EDGE('',*,*,#1820,.T.);
#2507=ORIENTED_EDGE('',*,*,#1821,.F.);
#2508=ORIENTED_EDGE('',*,*,#1822,.T.);
#2509=ORIENTED_EDGE('',*,*,#1814,.T.);
#2510=ORIENTED_EDGE('',*,*,#1800,.F.);
#2511=ORIENTED_EDGE('',*,*,#1818,.T.);
#2512=ORIENTED_EDGE('',*,*,#1823,.T.);
#2513=ORIENTED_EDGE('',*,*,#1824,.F.);
#2514=ORIENTED_EDGE('',*,*,#1825,.T.);
#2515=ORIENTED_EDGE('',*,*,#1815,.T.);
#2516=ORIENTED_EDGE('',*,*,#1798,.F.);
#2517=ORIENTED_EDGE('',*,*,#1819,.T.);
#2518=ORIENTED_EDGE('',*,*,#1826,.T.);
#2519=ORIENTED_EDGE('',*,*,#1827,.F.);
#2520=ORIENTED_EDGE('',*,*,#1828,.T.);
#2521=ORIENTED_EDGE('',*,*,#1817,.T.);
#2522=ORIENTED_EDGE('',*,*,#1828,.F.);
#2523=ORIENTED_EDGE('',*,*,#1829,.T.);
#2524=ORIENTED_EDGE('',*,*,#1823,.F.);
#2525=ORIENTED_EDGE('',*,*,#1812,.F.);
#2526=ORIENTED_EDGE('',*,*,#1830,.T.);
#2527=ORIENTED_EDGE('',*,*,#1826,.F.);
#2528=ORIENTED_EDGE('',*,*,#1822,.F.);
#2529=ORIENTED_EDGE('',*,*,#1831,.T.);
#2530=ORIENTED_EDGE('',*,*,#1810,.F.);
#2531=ORIENTED_EDGE('',*,*,#1825,.F.);
#2532=ORIENTED_EDGE('',*,*,#1832,.T.);
#2533=ORIENTED_EDGE('',*,*,#1820,.F.);
#2534=ORIENTED_EDGE('',*,*,#1833,.F.);
#2535=ORIENTED_EDGE('',*,*,#1834,.T.);
#2536=ORIENTED_EDGE('',*,*,#1834,.F.);
#2537=ORIENTED_EDGE('',*,*,#1835,.F.);
#2538=ORIENTED_EDGE('',*,*,#1836,.T.);
#2539=ORIENTED_EDGE('',*,*,#1833,.T.);
#2540=ORIENTED_EDGE('',*,*,#1836,.F.);
#2541=ORIENTED_EDGE('',*,*,#1837,.F.);
#2542=ORIENTED_EDGE('',*,*,#1838,.T.);
#2543=ORIENTED_EDGE('',*,*,#1838,.F.);
#2544=ORIENTED_EDGE('',*,*,#1839,.F.);
#2545=ORIENTED_EDGE('',*,*,#1840,.T.);
#2546=ORIENTED_EDGE('',*,*,#1837,.T.);
#2547=ORIENTED_EDGE('',*,*,#1840,.F.);
#2548=ORIENTED_EDGE('',*,*,#1784,.F.);
#2549=ORIENTED_EDGE('',*,*,#1792,.F.);
#2550=ORIENTED_EDGE('',*,*,#1841,.F.);
#2551=ORIENTED_EDGE('',*,*,#1796,.T.);
#2552=ORIENTED_EDGE('',*,*,#1842,.T.);
#2553=ORIENTED_EDGE('',*,*,#1785,.F.);
#2554=ORIENTED_EDGE('',*,*,#1842,.F.);
#2555=ORIENTED_EDGE('',*,*,#1795,.F.);
#2556=ORIENTED_EDGE('',*,*,#1787,.F.);
#2557=ORIENTED_EDGE('',*,*,#1839,.T.);
#2558=ORIENTED_EDGE('',*,*,#1757,.F.);
#2559=ORIENTED_EDGE('',*,*,#1765,.F.);
#2560=ORIENTED_EDGE('',*,*,#1843,.F.);
#2561=ORIENTED_EDGE('',*,*,#1769,.T.);
#2562=ORIENTED_EDGE('',*,*,#1844,.T.);
#2563=ORIENTED_EDGE('',*,*,#1758,.F.);
#2564=ORIENTED_EDGE('',*,*,#1844,.F.);
#2565=ORIENTED_EDGE('',*,*,#1768,.F.);
#2566=ORIENTED_EDGE('',*,*,#1760,.F.);
#2567=ORIENTED_EDGE('',*,*,#1835,.T.);
#2568=ORIENTED_EDGE('',*,*,#1775,.F.);
#2569=ORIENTED_EDGE('',*,*,#1845,.F.);
#2570=ORIENTED_EDGE('',*,*,#1846,.F.);
#2571=ORIENTED_EDGE('',*,*,#1780,.T.);
#2572=ORIENTED_EDGE('',*,*,#1773,.F.);
#2573=ORIENTED_EDGE('',*,*,#1847,.F.);
#2574=ORIENTED_EDGE('',*,*,#1848,.F.);
#2575=ORIENTED_EDGE('',*,*,#1845,.T.);
#2576=ORIENTED_EDGE('',*,*,#1772,.F.);
#2577=ORIENTED_EDGE('',*,*,#1779,.T.);
#2578=ORIENTED_EDGE('',*,*,#1782,.F.);
#2579=ORIENTED_EDGE('',*,*,#1849,.F.);
#2580=ORIENTED_EDGE('',*,*,#1847,.T.);
#2581=ORIENTED_EDGE('',*,*,#1748,.F.);
#2582=ORIENTED_EDGE('',*,*,#1850,.F.);
#2583=ORIENTED_EDGE('',*,*,#1851,.F.);
#2584=ORIENTED_EDGE('',*,*,#1754,.T.);
#2585=ORIENTED_EDGE('',*,*,#1747,.F.);
#2586=ORIENTED_EDGE('',*,*,#1750,.T.);
#2587=ORIENTED_EDGE('',*,*,#1753,.F.);
#2588=ORIENTED_EDGE('',*,*,#1852,.F.);
#2589=ORIENTED_EDGE('',*,*,#1850,.T.);
#2590=ORIENTED_EDGE('',*,*,#1829,.F.);
#2591=ORIENTED_EDGE('',*,*,#1827,.T.);
#2592=ORIENTED_EDGE('',*,*,#1830,.F.);
#2593=ORIENTED_EDGE('',*,*,#1811,.T.);
#2594=ORIENTED_EDGE('',*,*,#1831,.F.);
#2595=ORIENTED_EDGE('',*,*,#1821,.T.);
#2596=ORIENTED_EDGE('',*,*,#1832,.F.);
#2597=ORIENTED_EDGE('',*,*,#1824,.T.);
#2598=ORIENTED_EDGE('',*,*,#1797,.T.);
#2599=ORIENTED_EDGE('',*,*,#1841,.T.);
#2600=ORIENTED_EDGE('',*,*,#1791,.T.);
#2601=ORIENTED_EDGE('',*,*,#1794,.T.);
#2602=ORIENTED_EDGE('',*,*,#1770,.T.);
#2603=ORIENTED_EDGE('',*,*,#1843,.T.);
#2604=ORIENTED_EDGE('',*,*,#1764,.T.);
#2605=ORIENTED_EDGE('',*,*,#1767,.T.);
#2606=ORIENTED_EDGE('',*,*,#1781,.T.);
#2607=ORIENTED_EDGE('',*,*,#1846,.T.);
#2608=ORIENTED_EDGE('',*,*,#1848,.T.);
#2609=ORIENTED_EDGE('',*,*,#1849,.T.);
#2610=ORIENTED_EDGE('',*,*,#1755,.T.);
#2611=ORIENTED_EDGE('',*,*,#1851,.T.);
#2612=ORIENTED_EDGE('',*,*,#1852,.T.);
#2613=ORIENTED_EDGE('',*,*,#1752,.T.);
#2614=ORIENTED_EDGE('',*,*,#1806,.F.);
#2615=ORIENTED_EDGE('',*,*,#1853,.T.);
#2616=ORIENTED_EDGE('',*,*,#1854,.T.);
#2617=ORIENTED_EDGE('',*,*,#1855,.T.);
#2618=ORIENTED_EDGE('',*,*,#1856,.T.);
#2619=ORIENTED_EDGE('',*,*,#1857,.T.);
#2620=ORIENTED_EDGE('',*,*,#1858,.T.);
#2621=ORIENTED_EDGE('',*,*,#1859,.T.);
#2622=ORIENTED_EDGE('',*,*,#1860,.T.);
#2623=ORIENTED_EDGE('',*,*,#1859,.F.);
#2624=ORIENTED_EDGE('',*,*,#1861,.T.);
#2625=ORIENTED_EDGE('',*,*,#1853,.F.);
#2626=ORIENTED_EDGE('',*,*,#1862,.T.);
#2627=ORIENTED_EDGE('',*,*,#1863,.T.);
#2628=ORIENTED_EDGE('',*,*,#1864,.T.);
#2629=ORIENTED_EDGE('',*,*,#1865,.T.);
#2630=ORIENTED_EDGE('',*,*,#1864,.F.);
#2631=ORIENTED_EDGE('',*,*,#1866,.T.);
#2632=ORIENTED_EDGE('',*,*,#1857,.F.);
#2633=ORIENTED_EDGE('',*,*,#1867,.T.);
#2634=ORIENTED_EDGE('',*,*,#1868,.T.);
#2635=ORIENTED_EDGE('',*,*,#1869,.T.);
#2636=ORIENTED_EDGE('',*,*,#1870,.T.);
#2637=ORIENTED_EDGE('',*,*,#1869,.F.);
#2638=ORIENTED_EDGE('',*,*,#1871,.T.);
#2639=ORIENTED_EDGE('',*,*,#1862,.F.);
#2640=ORIENTED_EDGE('',*,*,#1855,.F.);
#2641=ORIENTED_EDGE('',*,*,#1872,.T.);
#2642=ORIENTED_EDGE('',*,*,#1867,.F.);
#2643=ORIENTED_EDGE('',*,*,#1856,.F.);
#2644=ORIENTED_EDGE('',*,*,#1870,.F.);
#2645=ORIENTED_EDGE('',*,*,#1865,.F.);
#2646=ORIENTED_EDGE('',*,*,#1860,.F.);
#2647=ORIENTED_EDGE('',*,*,#1873,.T.);
#2648=ORIENTED_EDGE('',*,*,#1874,.T.);
#2649=ORIENTED_EDGE('',*,*,#1866,.F.);
#2650=ORIENTED_EDGE('',*,*,#1863,.F.);
#2651=ORIENTED_EDGE('',*,*,#1871,.F.);
#2652=ORIENTED_EDGE('',*,*,#1868,.F.);
#2653=ORIENTED_EDGE('',*,*,#1872,.F.);
#2654=ORIENTED_EDGE('',*,*,#1854,.F.);
#2655=ORIENTED_EDGE('',*,*,#1861,.F.);
#2656=ORIENTED_EDGE('',*,*,#1858,.F.);
#2657=ORIENTED_EDGE('',*,*,#1875,.T.);
#2658=ORIENTED_EDGE('',*,*,#1876,.T.);
#2659=ORIENTED_EDGE('',*,*,#1877,.F.);
#2660=ORIENTED_EDGE('',*,*,#1878,.T.);
#2661=ORIENTED_EDGE('',*,*,#1874,.F.);
#2662=ORIENTED_EDGE('',*,*,#1879,.T.);
#2663=ORIENTED_EDGE('',*,*,#1877,.T.);
#2664=ORIENTED_EDGE('',*,*,#1879,.F.);
#2665=ORIENTED_EDGE('',*,*,#1878,.F.);
#2666=ORIENTED_EDGE('',*,*,#1880,.T.);
#2667=ORIENTED_EDGE('',*,*,#1875,.F.);
#2668=ORIENTED_EDGE('',*,*,#1880,.F.);
#2669=ORIENTED_EDGE('',*,*,#1881,.F.);
#2670=ORIENTED_EDGE('',*,*,#1882,.T.);
#2671=ORIENTED_EDGE('',*,*,#1873,.F.);
#2672=ORIENTED_EDGE('',*,*,#1883,.T.);
#2673=ORIENTED_EDGE('',*,*,#1881,.T.);
#2674=ORIENTED_EDGE('',*,*,#1883,.F.);
#2675=ORIENTED_EDGE('',*,*,#1882,.F.);
#2676=ORIENTED_EDGE('',*,*,#1884,.T.);
#2677=ORIENTED_EDGE('',*,*,#1876,.F.);
#2678=ORIENTED_EDGE('',*,*,#1884,.F.);
#2679=ORIENTED_EDGE('',*,*,#1885,.F.);
#2680=ORIENTED_EDGE('',*,*,#1886,.T.);
#2681=ORIENTED_EDGE('',*,*,#1887,.F.);
#2682=ORIENTED_EDGE('',*,*,#1888,.F.);
#2683=ORIENTED_EDGE('',*,*,#1889,.F.);
#2684=ORIENTED_EDGE('',*,*,#1888,.T.);
#2685=ORIENTED_EDGE('',*,*,#1890,.F.);
#2686=ORIENTED_EDGE('',*,*,#1891,.F.);
#2687=ORIENTED_EDGE('',*,*,#1892,.F.);
#2688=ORIENTED_EDGE('',*,*,#1891,.T.);
#2689=ORIENTED_EDGE('',*,*,#1893,.F.);
#2690=ORIENTED_EDGE('',*,*,#1894,.F.);
#2691=ORIENTED_EDGE('',*,*,#1895,.F.);
#2692=ORIENTED_EDGE('',*,*,#1894,.T.);
#2693=ORIENTED_EDGE('',*,*,#1896,.F.);
#2694=ORIENTED_EDGE('',*,*,#1886,.F.);
#2695=ORIENTED_EDGE('',*,*,#1897,.F.);
#2696=ORIENTED_EDGE('',*,*,#1898,.T.);
#2697=ORIENTED_EDGE('',*,*,#1899,.F.);
#2698=ORIENTED_EDGE('',*,*,#1900,.F.);
#2699=ORIENTED_EDGE('',*,*,#1901,.T.);
#2700=ORIENTED_EDGE('',*,*,#1900,.T.);
#2701=ORIENTED_EDGE('',*,*,#1902,.F.);
#2702=ORIENTED_EDGE('',*,*,#1903,.F.);
#2703=ORIENTED_EDGE('',*,*,#1904,.F.);
#2704=ORIENTED_EDGE('',*,*,#1903,.T.);
#2705=ORIENTED_EDGE('',*,*,#1905,.F.);
#2706=ORIENTED_EDGE('',*,*,#1906,.F.);
#2707=ORIENTED_EDGE('',*,*,#1907,.F.);
#2708=ORIENTED_EDGE('',*,*,#1906,.T.);
#2709=ORIENTED_EDGE('',*,*,#1908,.F.);
#2710=ORIENTED_EDGE('',*,*,#1909,.F.);
#2711=ORIENTED_EDGE('',*,*,#1910,.F.);
#2712=ORIENTED_EDGE('',*,*,#1909,.T.);
#2713=ORIENTED_EDGE('',*,*,#1911,.F.);
#2714=ORIENTED_EDGE('',*,*,#1912,.F.);
#2715=ORIENTED_EDGE('',*,*,#1913,.T.);
#2716=ORIENTED_EDGE('',*,*,#1912,.T.);
#2717=ORIENTED_EDGE('',*,*,#1914,.F.);
#2718=ORIENTED_EDGE('',*,*,#1915,.F.);
#2719=ORIENTED_EDGE('',*,*,#1916,.T.);
#2720=ORIENTED_EDGE('',*,*,#1915,.T.);
#2721=ORIENTED_EDGE('',*,*,#1917,.F.);
#2722=ORIENTED_EDGE('',*,*,#1918,.F.);
#2723=ORIENTED_EDGE('',*,*,#1919,.T.);
#2724=ORIENTED_EDGE('',*,*,#1918,.T.);
#2725=ORIENTED_EDGE('',*,*,#1920,.F.);
#2726=ORIENTED_EDGE('',*,*,#1921,.F.);
#2727=ORIENTED_EDGE('',*,*,#1922,.T.);
#2728=ORIENTED_EDGE('',*,*,#1921,.T.);
#2729=ORIENTED_EDGE('',*,*,#1923,.F.);
#2730=ORIENTED_EDGE('',*,*,#1924,.F.);
#2731=ORIENTED_EDGE('',*,*,#1925,.F.);
#2732=ORIENTED_EDGE('',*,*,#1924,.T.);
#2733=ORIENTED_EDGE('',*,*,#1926,.F.);
#2734=ORIENTED_EDGE('',*,*,#1898,.F.);
#2735=ORIENTED_EDGE('',*,*,#1925,.T.);
#2736=ORIENTED_EDGE('',*,*,#1897,.T.);
#2737=ORIENTED_EDGE('',*,*,#1901,.F.);
#2738=ORIENTED_EDGE('',*,*,#1904,.T.);
#2739=ORIENTED_EDGE('',*,*,#1907,.T.);
#2740=ORIENTED_EDGE('',*,*,#1910,.T.);
#2741=ORIENTED_EDGE('',*,*,#1913,.F.);
#2742=ORIENTED_EDGE('',*,*,#1916,.F.);
#2743=ORIENTED_EDGE('',*,*,#1919,.F.);
#2744=ORIENTED_EDGE('',*,*,#1922,.F.);
#2745=ORIENTED_EDGE('',*,*,#1895,.T.);
#2746=ORIENTED_EDGE('',*,*,#1885,.T.);
#2747=ORIENTED_EDGE('',*,*,#1889,.T.);
#2748=ORIENTED_EDGE('',*,*,#1892,.T.);
#2749=ORIENTED_EDGE('',*,*,#1926,.T.);
#2750=ORIENTED_EDGE('',*,*,#1923,.T.);
#2751=ORIENTED_EDGE('',*,*,#1920,.T.);
#2752=ORIENTED_EDGE('',*,*,#1917,.T.);
#2753=ORIENTED_EDGE('',*,*,#1914,.T.);
#2754=ORIENTED_EDGE('',*,*,#1911,.T.);
#2755=ORIENTED_EDGE('',*,*,#1908,.T.);
#2756=ORIENTED_EDGE('',*,*,#1905,.T.);
#2757=ORIENTED_EDGE('',*,*,#1902,.T.);
#2758=ORIENTED_EDGE('',*,*,#1899,.T.);
#2759=ORIENTED_EDGE('',*,*,#1896,.T.);
#2760=ORIENTED_EDGE('',*,*,#1893,.T.);
#2761=ORIENTED_EDGE('',*,*,#1890,.T.);
#2762=ORIENTED_EDGE('',*,*,#1887,.T.);
#2763=PLANE('',#3101);
#2764=PLANE('',#3102);
#2765=PLANE('',#3103);
#2766=PLANE('',#3104);
#2767=PLANE('',#3109);
#2768=PLANE('',#3110);
#2769=PLANE('',#3111);
#2770=PLANE('',#3112);
#2771=PLANE('',#3113);
#2772=PLANE('',#3114);
#2773=PLANE('',#3115);
#2774=PLANE('',#3116);
#2775=PLANE('',#3117);
#2776=PLANE('',#3118);
#2777=PLANE('',#3119);
#2778=PLANE('',#3120);
#2779=PLANE('',#3121);
#2780=PLANE('',#3122);
#2781=PLANE('',#3123);
#2782=PLANE('',#3124);
#2783=PLANE('',#3125);
#2784=PLANE('',#3126);
#2785=PLANE('',#3127);
#2786=PLANE('',#3128);
#2787=PLANE('',#3129);
#2788=PLANE('',#3130);
#2789=PLANE('',#3131);
#2790=PLANE('',#3135);
#2791=PLANE('',#3136);
#2792=PLANE('',#3137);
#2793=PLANE('',#3138);
#2794=PLANE('',#3139);
#2795=PLANE('',#3140);
#2796=PLANE('',#3141);
#2797=PLANE('',#3142);
#2798=PLANE('',#3143);
#2799=PLANE('',#3144);
#2800=PLANE('',#3145);
#2801=PLANE('',#3149);
#2802=PLANE('',#3152);
#2803=PLANE('',#3155);
#2804=PLANE('',#3158);
#2805=PLANE('',#3169);
#2806=PLANE('',#3170);
#2807=PLANE('',#3171);
#2808=PLANE('',#3172);
#2809=PLANE('',#3173);
#2810=PLANE('',#3174);
#2811=PLANE('',#3175);
#2812=PLANE('',#3176);
#2813=PLANE('',#3177);
#2814=PLANE('',#3178);
#2815=PLANE('',#3179);
#2816=PLANE('',#3180);
#2817=PLANE('',#3181);
#2818=PLANE('',#3188);
#2819=PLANE('',#3195);
#2820=PLANE('',#3196);
#2821=PLANE('',#3197);
#2822=PLANE('',#3198);
#2823=PLANE('',#3199);
#2824=PLANE('',#3200);
#2825=PLANE('',#3201);
#2826=PLANE('',#3202);
#2827=PLANE('',#3203);
#2828=PLANE('',#3204);
#2829=PLANE('',#3205);
#2830=PLANE('',#3206);
#2831=PLANE('',#3207);
#2832=PLANE('',#3208);
#2833=PLANE('',#3209);
#2834=PLANE('',#3211);
#2835=PLANE('',#3213);
#2836=PLANE('',#3214);
#2837=PLANE('',#3218);
#2838=PLANE('',#3219);
#2839=PLANE('',#3220);
#2840=PLANE('',#3222);
#2841=PLANE('',#3223);
#2842=PLANE('',#3227);
#2843=PLANE('',#3228);
#2844=PLANE('',#3230);
#2845=PLANE('',#3234);
#2846=PLANE('',#3235);
#2847=PLANE('',#3237);
#2848=PLANE('',#3238);
#2849=PLANE('',#3252);
#2850=PLANE('',#3253);
#2851=PLANE('',#3254);
#2852=PLANE('',#3255);
#2853=PLANE('',#3281);
#2854=PLANE('',#3282);
#2855=PLANE('',#3283);
#2856=PLANE('',#3284);
#2857=PLANE('',#3285);
#2858=PLANE('',#3286);
#2859=PLANE('',#3287);
#2860=PLANE('',#3288);
#2861=PLANE('',#3289);
#2862=PLANE('',#3290);
#2863=PLANE('',#3312);
#2864=PLANE('',#3315);
#2865=PLANE('',#3318);
#2866=PLANE('',#3323);
#2867=PLANE('',#3329);
#2868=PLANE('',#3330);
#2869=PLANE('',#3331);
#2870=PLANE('',#3332);
#2871=PLANE('',#3333);
#2872=PLANE('',#3334);
#2873=PLANE('',#3335);
#2874=PLANE('',#3336);
#2875=PLANE('',#3337);
#2876=PLANE('',#3338);
#2877=PLANE('',#3339);
#2878=PLANE('',#3340);
#2879=PLANE('',#3341);
#2880=PLANE('',#3342);
#2881=PLANE('',#3343);
#2882=PLANE('',#3344);
#2883=ADVANCED_FACE('',(#214),#2763,.F.);
#2884=ADVANCED_FACE('',(#215),#2764,.F.);
#2885=ADVANCED_FACE('',(#216),#2765,.F.);
#2886=ADVANCED_FACE('',(#217,#94),#2766,.F.);
#2887=ADVANCED_FACE('',(#218),#2767,.T.);
#2888=ADVANCED_FACE('',(#219),#90,.F.);
#2889=ADVANCED_FACE('',(#220),#2768,.F.);
#2890=ADVANCED_FACE('',(#221),#91,.F.);
#2891=ADVANCED_FACE('',(#222),#2769,.F.);
#2892=ADVANCED_FACE('',(#223),#2770,.F.);
#2893=ADVANCED_FACE('',(#224),#2771,.F.);
#2894=ADVANCED_FACE('',(#225),#2772,.F.);
#2895=ADVANCED_FACE('',(#226),#2773,.F.);
#2896=ADVANCED_FACE('',(#227),#2774,.F.);
#2897=ADVANCED_FACE('',(#228),#2775,.F.);
#2898=ADVANCED_FACE('',(#229),#2776,.F.);
#2899=ADVANCED_FACE('',(#230),#2777,.F.);
#2900=ADVANCED_FACE('',(#231),#2778,.F.);
#2901=ADVANCED_FACE('',(#232),#2779,.F.);
#2902=ADVANCED_FACE('',(#233),#2780,.F.);
#2903=ADVANCED_FACE('',(#234),#2781,.F.);
#2904=ADVANCED_FACE('',(#235),#2782,.F.);
#2905=ADVANCED_FACE('',(#236),#2783,.F.);
#2906=ADVANCED_FACE('',(#237),#2784,.F.);
#2907=ADVANCED_FACE('',(#238),#2785,.F.);
#2908=ADVANCED_FACE('',(#239),#2786,.F.);
#2909=ADVANCED_FACE('',(#240),#2787,.F.);
#2910=ADVANCED_FACE('',(#241),#2788,.F.);
#2911=ADVANCED_FACE('',(#242),#2789,.F.);
#2912=ADVANCED_FACE('',(#243),#60,.F.);
#2913=ADVANCED_FACE('',(#244),#2790,.T.);
#2914=ADVANCED_FACE('',(#245),#2791,.F.);
#2915=ADVANCED_FACE('',(#246),#2792,.F.);
#2916=ADVANCED_FACE('',(#247),#2793,.F.);
#2917=ADVANCED_FACE('',(#248),#2794,.F.);
#2918=ADVANCED_FACE('',(#249),#2795,.F.);
#2919=ADVANCED_FACE('',(#250),#2796,.F.);
#2920=ADVANCED_FACE('',(#251),#2797,.F.);
#2921=ADVANCED_FACE('',(#252),#2798,.F.);
#2922=ADVANCED_FACE('',(#253),#2799,.F.);
#2923=ADVANCED_FACE('',(#254),#2800,.F.);
#2924=ADVANCED_FACE('',(#255),#61,.F.);
#2925=ADVANCED_FACE('',(#256),#2801,.T.);
#2926=ADVANCED_FACE('',(#257),#62,.T.);
#2927=ADVANCED_FACE('',(#258,#95),#2802,.T.);
#2928=ADVANCED_FACE('',(#259),#63,.T.);
#2929=ADVANCED_FACE('',(#260,#96,#97,#98),#2803,.T.);
#2930=ADVANCED_FACE('',(#261),#64,.T.);
#2931=ADVANCED_FACE('',(#262,#99,#100,#101),#2804,.T.);
#2932=ADVANCED_FACE('',(#263),#65,.T.);
#2933=ADVANCED_FACE('',(#264),#56,.F.);
#2934=ADVANCED_FACE('',(#265),#66,.F.);
#2935=ADVANCED_FACE('',(#266),#57,.F.);
#2936=ADVANCED_FACE('',(#267),#67,.F.);
#2937=ADVANCED_FACE('',(#268),#2805,.T.);
#2938=ADVANCED_FACE('',(#269),#2806,.T.);
#2939=ADVANCED_FACE('',(#270),#2807,.T.);
#2940=ADVANCED_FACE('',(#271),#2808,.T.);
#2941=ADVANCED_FACE('',(#272),#2809,.T.);
#2942=ADVANCED_FACE('',(#273),#2810,.T.);
#2943=ADVANCED_FACE('',(#274),#2811,.T.);
#2944=ADVANCED_FACE('',(#275),#2812,.T.);
#2945=ADVANCED_FACE('',(#276),#2813,.T.);
#2946=ADVANCED_FACE('',(#277),#2814,.T.);
#2947=ADVANCED_FACE('',(#278),#2815,.T.);
#2948=ADVANCED_FACE('',(#279),#2816,.T.);
#2949=ADVANCED_FACE('',(#280,#102),#2817,.F.);
#2950=ADVANCED_FACE('',(#281),#68,.F.);
#2951=ADVANCED_FACE('',(#282),#69,.F.);
#2952=ADVANCED_FACE('',(#283,#103),#2818,.F.);
#2953=ADVANCED_FACE('',(#284),#70,.F.);
#2954=ADVANCED_FACE('',(#285),#71,.F.);
#2955=ADVANCED_FACE('',(#286),#2819,.T.);
#2956=ADVANCED_FACE('',(#287),#2820,.T.);
#2957=ADVANCED_FACE('',(#288),#2821,.T.);
#2958=ADVANCED_FACE('',(#289,#104),#2822,.F.);
#2959=ADVANCED_FACE('',(#290),#2823,.T.);
#2960=ADVANCED_FACE('',(#291),#2824,.T.);
#2961=ADVANCED_FACE('',(#292),#2825,.T.);
#2962=ADVANCED_FACE('',(#293),#2826,.T.);
#2963=ADVANCED_FACE('',(#294),#2827,.T.);
#2964=ADVANCED_FACE('',(#295,#105),#2828,.T.);
#2965=ADVANCED_FACE('',(#296,#106),#2829,.F.);
#2966=ADVANCED_FACE('',(#297),#92,.F.);
#2967=ADVANCED_FACE('',(#298),#2830,.F.);
#2968=ADVANCED_FACE('',(#299),#93,.F.);
#2969=ADVANCED_FACE('',(#300),#2831,.F.);
#2970=ADVANCED_FACE('',(#301,#107,#108),#2832,.T.);
#2971=ADVANCED_FACE('',(#302,#109,#110,#111),#2833,.T.);
#2972=ADVANCED_FACE('',(#303),#2834,.T.);
#2973=ADVANCED_FACE('',(#304),#2835,.T.);
#2974=ADVANCED_FACE('',(#305),#2836,.T.);
#2975=ADVANCED_FACE('',(#306),#72,.F.);
#2976=ADVANCED_FACE('',(#307),#2837,.T.);
#2977=ADVANCED_FACE('',(#308),#2838,.T.);
#2978=ADVANCED_FACE('',(#309),#2839,.T.);
#2979=ADVANCED_FACE('',(#310),#2840,.T.);
#2980=ADVANCED_FACE('',(#311),#2841,.T.);
#2981=ADVANCED_FACE('',(#312),#73,.F.);
#2982=ADVANCED_FACE('',(#313),#2842,.T.);
#2983=ADVANCED_FACE('',(#314),#2843,.T.);
#2984=ADVANCED_FACE('',(#315),#2844,.T.);
#2985=ADVANCED_FACE('',(#316),#74,.F.);
#2986=ADVANCED_FACE('',(#317),#2845,.T.);
#2987=ADVANCED_FACE('',(#318),#2846,.T.);
#2988=ADVANCED_FACE('',(#319),#2847,.T.);
#2989=ADVANCED_FACE('',(#320),#2848,.T.);
#2990=ADVANCED_FACE('',(#321),#75,.F.);
#2991=ADVANCED_FACE('',(#322),#35,.T.);
#2992=ADVANCED_FACE('',(#323),#76,.T.);
#2993=ADVANCED_FACE('',(#324),#2849,.T.);
#2994=ADVANCED_FACE('',(#325),#2850,.T.);
#2995=ADVANCED_FACE('',(#326),#2851,.T.);
#2996=ADVANCED_FACE('',(#327),#2852,.T.);
#2997=ADVANCED_FACE('',(#328),#77,.T.);
#2998=ADVANCED_FACE('',(#329),#78,.T.);
#2999=ADVANCED_FACE('',(#330),#79,.T.);
#3000=ADVANCED_FACE('',(#331),#27,.T.);
#3001=ADVANCED_FACE('',(#332),#28,.T.);
#3002=ADVANCED_FACE('',(#333),#29,.T.);
#3003=ADVANCED_FACE('',(#334),#30,.T.);
#3004=ADVANCED_FACE('',(#335),#58,.F.);
#3005=ADVANCED_FACE('',(#336),#80,.F.);
#3006=ADVANCED_FACE('',(#337),#59,.F.);
#3007=ADVANCED_FACE('',(#338),#81,.F.);
#3008=ADVANCED_FACE('',(#339),#2853,.T.);
#3009=ADVANCED_FACE('',(#340,#112),#2854,.T.);
#3010=ADVANCED_FACE('',(#341),#2855,.T.);
#3011=ADVANCED_FACE('',(#342,#113),#2856,.T.);
#3012=ADVANCED_FACE('',(#343),#2857,.T.);
#3013=ADVANCED_FACE('',(#344),#2858,.T.);
#3014=ADVANCED_FACE('',(#345),#2859,.T.);
#3015=ADVANCED_FACE('',(#346),#2860,.T.);
#3016=ADVANCED_FACE('',(#347),#2861,.T.);
#3017=ADVANCED_FACE('',(#348,#114,#115,#116,#117,#118),#2862,.F.);
#3018=ADVANCED_FACE('',(#349),#82,.T.);
#3019=ADVANCED_FACE('',(#350),#83,.T.);
#3020=ADVANCED_FACE('',(#351),#31,.T.);
#3021=ADVANCED_FACE('',(#352),#84,.T.);
#3022=ADVANCED_FACE('',(#353),#32,.T.);
#3023=ADVANCED_FACE('',(#354),#85,.T.);
#3024=ADVANCED_FACE('',(#355),#33,.T.);
#3025=ADVANCED_FACE('',(#356),#34,.T.);
#3026=ADVANCED_FACE('',(#357,#119,#120),#2863,.T.);
#3027=ADVANCED_FACE('',(#358,#121,#122),#2864,.F.);
#3028=ADVANCED_FACE('',(#359,#123),#2865,.F.);
#3029=ADVANCED_FACE('',(#360),#86,.F.);
#3030=ADVANCED_FACE('',(#361),#87,.F.);
#3031=ADVANCED_FACE('',(#362,#124),#2866,.F.);
#3032=ADVANCED_FACE('',(#363),#88,.F.);
#3033=ADVANCED_FACE('',(#364),#89,.F.);
#3034=ADVANCED_FACE('',(#365),#2867,.T.);
#3035=ADVANCED_FACE('',(#366),#2868,.T.);
#3036=ADVANCED_FACE('',(#367),#2869,.T.);
#3037=ADVANCED_FACE('',(#368),#2870,.T.);
#3038=ADVANCED_FACE('',(#369),#2871,.T.);
#3039=ADVANCED_FACE('',(#370),#2872,.T.);
#3040=ADVANCED_FACE('',(#371),#2873,.T.);
#3041=ADVANCED_FACE('',(#372),#2874,.T.);
#3042=ADVANCED_FACE('',(#373),#2875,.T.);
#3043=ADVANCED_FACE('',(#374),#2876,.T.);
#3044=ADVANCED_FACE('',(#375),#2877,.T.);
#3045=ADVANCED_FACE('',(#376),#2878,.T.);
#3046=ADVANCED_FACE('',(#377),#2879,.T.);
#3047=ADVANCED_FACE('',(#378),#2880,.T.);
#3048=ADVANCED_FACE('',(#379,#125),#2881,.T.);
#3049=ADVANCED_FACE('',(#380,#126),#2882,.T.);
#3050=CLOSED_SHELL('',(#2883,#2884,#2885,#2886,#2887,#2888,#2889,#2890,
#2891,#2892,#2893,#2894,#2895,#2896,#2897,#2898,#2899,#2900,#2901,#2902,
#2903,#2904,#2905,#2906,#2907,#2908,#2909,#2910,#2911,#2912,#2913,#2914,
#2915,#2916,#2917,#2918,#2919,#2920,#2921,#2922,#2923,#2924,#2925,#2926,
#2927,#2928,#2929,#2930,#2931,#2932,#2933,#2934,#2935,#2936,#2937,#2938,
#2939,#2940,#2941,#2942,#2943,#2944,#2945,#2946,#2947,#2948,#2949,#2950,
#2951,#2952,#2953,#2954,#2955,#2956,#2957,#2958,#2959,#2960,#2961,#2962,
#2963,#2964,#2965,#2966,#2967,#2968,#2969,#2970,#2971));
#3051=CLOSED_SHELL('',(#2972,#2973,#2974,#2975,#2976,#2977,#2978,#2979,
#2980,#2981,#2982,#2983,#2984,#2985,#2986,#2987,#2988,#2989,#2990,#2991,
#2992,#2993,#2994,#2995,#2996,#2997,#2998,#2999,#3000,#3001,#3002,#3003,
#3004,#3005,#3006,#3007,#3008,#3009,#3010,#3011,#3012,#3013,#3014,#3015,
#3016,#3017));
#3052=CLOSED_SHELL('',(#3018,#3019,#3020,#3021,#3022,#3023,#3024,#3025,
#3026,#3027,#3028,#3029,#3030,#3031,#3032,#3033));
#3053=CLOSED_SHELL('',(#3034,#3035,#3036,#3037,#3038,#3039,#3040,#3041,
#3042,#3043,#3044,#3045,#3046,#3047,#3048,#3049));
#3054=DERIVED_UNIT_ELEMENT(#3062,1.);
#3055=DERIVED_UNIT_ELEMENT(#5194,-3.);
#3056=DERIVED_UNIT_ELEMENT(#3062,1.);
#3057=DERIVED_UNIT_ELEMENT(#5194,-3.);
#3058=DERIVED_UNIT_ELEMENT(#3062,1.);
#3059=DERIVED_UNIT_ELEMENT(#5194,-3.);
#3060=DERIVED_UNIT_ELEMENT(#3062,1.);
#3061=DERIVED_UNIT_ELEMENT(#5194,-3.);
#3062=(
MASS_UNIT()
NAMED_UNIT(*)
SI_UNIT(.KILO.,.GRAM.)
);
#3063=DERIVED_UNIT((#3054,#3055));
#3064=DERIVED_UNIT((#3056,#3057));
#3065=DERIVED_UNIT((#3058,#3059));
#3066=DERIVED_UNIT((#3060,#3061));
#3067=MEASURE_REPRESENTATION_ITEM('density measure',
POSITIVE_RATIO_MEASURE(7850.),#3063);
#3068=MEASURE_REPRESENTATION_ITEM('density measure',
POSITIVE_RATIO_MEASURE(7850.),#3064);
#3069=MEASURE_REPRESENTATION_ITEM('density measure',
POSITIVE_RATIO_MEASURE(7850.),#3065);
#3070=MEASURE_REPRESENTATION_ITEM('density measure',
POSITIVE_RATIO_MEASURE(7850.),#3066);
#3071=PROPERTY_DEFINITION_REPRESENTATION(#3091,#3079);
#3072=PROPERTY_DEFINITION_REPRESENTATION(#3092,#3080);
#3073=PROPERTY_DEFINITION_REPRESENTATION(#3093,#3081);
#3074=PROPERTY_DEFINITION_REPRESENTATION(#3094,#3082);
#3075=PROPERTY_DEFINITION_REPRESENTATION(#3095,#3083);
#3076=PROPERTY_DEFINITION_REPRESENTATION(#3096,#3084);
#3077=PROPERTY_DEFINITION_REPRESENTATION(#3097,#3085);
#3078=PROPERTY_DEFINITION_REPRESENTATION(#3098,#3086);
#3079=REPRESENTATION('material name',(#3087),#5188);
#3080=REPRESENTATION('density',(#3067),#5188);
#3081=REPRESENTATION('material name',(#3088),#5189);
#3082=REPRESENTATION('density',(#3068),#5189);
#3083=REPRESENTATION('material name',(#3089),#5190);
#3084=REPRESENTATION('density',(#3069),#5190);
#3085=REPRESENTATION('material name',(#3090),#5191);
#3086=REPRESENTATION('density',(#3070),#5191);
#3087=DESCRIPTIVE_REPRESENTATION_ITEM('Steel','Steel');
#3088=DESCRIPTIVE_REPRESENTATION_ITEM('Steel','Steel');
#3089=DESCRIPTIVE_REPRESENTATION_ITEM('Steel','Steel');
#3090=DESCRIPTIVE_REPRESENTATION_ITEM('Steel','Steel');
#3091=PROPERTY_DEFINITION('material property','material name',#5218);
#3092=PROPERTY_DEFINITION('material property','density of part',#5218);
#3093=PROPERTY_DEFINITION('material property','material name',#5219);
#3094=PROPERTY_DEFINITION('material property','density of part',#5219);
#3095=PROPERTY_DEFINITION('material property','material name',#5220);
#3096=PROPERTY_DEFINITION('material property','density of part',#5220);
#3097=PROPERTY_DEFINITION('material property','material name',#5221);
#3098=PROPERTY_DEFINITION('material property','density of part',#5221);
#3099=AXIS2_PLACEMENT_3D('',#4176,#3349,#3350);
#3100=AXIS2_PLACEMENT_3D('',#4177,#3351,#3352);
#3101=AXIS2_PLACEMENT_3D('',#4178,#3353,#3354);
#3102=AXIS2_PLACEMENT_3D('',#4189,#3360,#3361);
#3103=AXIS2_PLACEMENT_3D('',#4235,#3369,#3370);
#3104=AXIS2_PLACEMENT_3D('',#4243,#3375,#3376);
#3105=AXIS2_PLACEMENT_3D('',#4246,#3377,#3378);
#3106=AXIS2_PLACEMENT_3D('',#4250,#3380,#3381);
#3107=AXIS2_PLACEMENT_3D('',#4254,#3383,#3384);
#3108=AXIS2_PLACEMENT_3D('',#4258,#3386,#3387);
#3109=AXIS2_PLACEMENT_3D('',#4269,#3394,#3395);
#3110=AXIS2_PLACEMENT_3D('',#4298,#3400,#3401);
#3111=AXIS2_PLACEMENT_3D('',#4326,#3406,#3407);
#3112=AXIS2_PLACEMENT_3D('',#4330,#3410,#3411);
#3113=AXIS2_PLACEMENT_3D('',#4339,#3416,#3417);
#3114=AXIS2_PLACEMENT_3D('',#4345,#3421,#3422);
#3115=AXIS2_PLACEMENT_3D('',#4351,#3426,#3427);
#3116=AXIS2_PLACEMENT_3D('',#4354,#3430,#3431);
#3117=AXIS2_PLACEMENT_3D('',#4355,#3432,#3433);
#3118=AXIS2_PLACEMENT_3D('',#4364,#3438,#3439);
#3119=AXIS2_PLACEMENT_3D('',#4370,#3443,#3444);
#3120=AXIS2_PLACEMENT_3D('',#4376,#3448,#3449);
#3121=AXIS2_PLACEMENT_3D('',#4379,#3452,#3453);
#3122=AXIS2_PLACEMENT_3D('',#4380,#3454,#3455);
#3123=AXIS2_PLACEMENT_3D('',#4389,#3460,#3461);
#3124=AXIS2_PLACEMENT_3D('',#4395,#3465,#3466);
#3125=AXIS2_PLACEMENT_3D('',#4401,#3470,#3471);
#3126=AXIS2_PLACEMENT_3D('',#4404,#3474,#3475);
#3127=AXIS2_PLACEMENT_3D('',#4405,#3476,#3477);
#3128=AXIS2_PLACEMENT_3D('',#4414,#3482,#3483);
#3129=AXIS2_PLACEMENT_3D('',#4420,#3487,#3488);
#3130=AXIS2_PLACEMENT_3D('',#4426,#3492,#3493);
#3131=AXIS2_PLACEMENT_3D('',#4429,#3496,#3497);
#3132=AXIS2_PLACEMENT_3D('',#4430,#3498,#3499);
#3133=AXIS2_PLACEMENT_3D('',#4432,#3500,#3501);
#3134=AXIS2_PLACEMENT_3D('',#4435,#3503,#3504);
#3135=AXIS2_PLACEMENT_3D('',#4436,#3505,#3506);
#3136=AXIS2_PLACEMENT_3D('',#4437,#3507,#3508);
#3137=AXIS2_PLACEMENT_3D('',#4446,#3513,#3514);
#3138=AXIS2_PLACEMENT_3D('',#4452,#3518,#3519);
#3139=AXIS2_PLACEMENT_3D('',#4458,#3523,#3524);
#3140=AXIS2_PLACEMENT_3D('',#4461,#3527,#3528);
#3141=AXIS2_PLACEMENT_3D('',#4462,#3529,#3530);
#3142=AXIS2_PLACEMENT_3D('',#4471,#3535,#3536);
#3143=AXIS2_PLACEMENT_3D('',#4477,#3540,#3541);
#3144=AXIS2_PLACEMENT_3D('',#4483,#3545,#3546);
#3145=AXIS2_PLACEMENT_3D('',#4486,#3549,#3550);
#3146=AXIS2_PLACEMENT_3D('',#4487,#3551,#3552);
#3147=AXIS2_PLACEMENT_3D('',#4489,#3553,#3554);
#3148=AXIS2_PLACEMENT_3D('',#4492,#3556,#3557);
#3149=AXIS2_PLACEMENT_3D('',#4493,#3558,#3559);
#3150=AXIS2_PLACEMENT_3D('',#4494,#3560,#3561);
#3151=AXIS2_PLACEMENT_3D('',#4497,#3562,#3563);
#3152=AXIS2_PLACEMENT_3D('',#4500,#3566,#3567);
#3153=AXIS2_PLACEMENT_3D('',#4504,#3570,#3571);
#3154=AXIS2_PLACEMENT_3D('',#4506,#3572,#3573);
#3155=AXIS2_PLACEMENT_3D('',#4508,#3575,#3576);
#3156=AXIS2_PLACEMENT_3D('',#4512,#3579,#3580);
#3157=AXIS2_PLACEMENT_3D('',#4515,#3581,#3582);
#3158=AXIS2_PLACEMENT_3D('',#4518,#3585,#3586);
#3159=AXIS2_PLACEMENT_3D('',#4520,#3588,#3589);
#3160=AXIS2_PLACEMENT_3D('',#4522,#3590,#3591);
#3161=AXIS2_PLACEMENT_3D('',#4524,#3593,#3594);
#3162=AXIS2_PLACEMENT_3D('',#4526,#3595,#3596);
#3163=AXIS2_PLACEMENT_3D('',#4529,#3598,#3599);
#3164=AXIS2_PLACEMENT_3D('',#4531,#3600,#3601);
#3165=AXIS2_PLACEMENT_3D('',#4533,#3603,#3604);
#3166=AXIS2_PLACEMENT_3D('',#4535,#3605,#3606);
#3167=AXIS2_PLACEMENT_3D('',#4538,#3608,#3609);
#3168=AXIS2_PLACEMENT_3D('',#4540,#3610,#3611);
#3169=AXIS2_PLACEMENT_3D('',#4542,#3613,#3614);
#3170=AXIS2_PLACEMENT_3D('',#4549,#3618,#3619);
#3171=AXIS2_PLACEMENT_3D('',#4553,#3622,#3623);
#3172=AXIS2_PLACEMENT_3D('',#4574,#3635,#3636);
#3173=AXIS2_PLACEMENT_3D('',#4581,#3640,#3641);
#3174=AXIS2_PLACEMENT_3D('',#4585,#3644,#3645);
#3175=AXIS2_PLACEMENT_3D('',#4608,#3658,#3659);
#3176=AXIS2_PLACEMENT_3D('',#4614,#3663,#3664);
#3177=AXIS2_PLACEMENT_3D('',#4616,#3666,#3667);
#3178=AXIS2_PLACEMENT_3D('',#4619,#3670,#3671);
#3179=AXIS2_PLACEMENT_3D('',#4625,#3675,#3676);
#3180=AXIS2_PLACEMENT_3D('',#4627,#3678,#3679);
#3181=AXIS2_PLACEMENT_3D('',#4639,#3687,#3688);
#3182=AXIS2_PLACEMENT_3D('',#4643,#3690,#3691);
#3183=AXIS2_PLACEMENT_3D('',#4645,#3692,#3693);
#3184=AXIS2_PLACEMENT_3D('',#4646,#3694,#3695);
#3185=AXIS2_PLACEMENT_3D('',#4651,#3698,#3699);
#3186=AXIS2_PLACEMENT_3D('',#4652,#3700,#3701);
#3187=AXIS2_PLACEMENT_3D('',#4655,#3703,#3704);
#3188=AXIS2_PLACEMENT_3D('',#4656,#3705,#3706);
#3189=AXIS2_PLACEMENT_3D('',#4658,#3707,#3708);
#3190=AXIS2_PLACEMENT_3D('',#4660,#3709,#3710);
#3191=AXIS2_PLACEMENT_3D('',#4661,#3711,#3712);
#3192=AXIS2_PLACEMENT_3D('',#4663,#3713,#3714);
#3193=AXIS2_PLACEMENT_3D('',#4665,#3716,#3717);
#3194=AXIS2_PLACEMENT_3D('',#4668,#3719,#3720);
#3195=AXIS2_PLACEMENT_3D('',#4669,#3721,#3722);
#3196=AXIS2_PLACEMENT_3D('',#4672,#3725,#3726);
#3197=AXIS2_PLACEMENT_3D('',#4674,#3728,#3729);
#3198=AXIS2_PLACEMENT_3D('',#4676,#3731,#3732);
#3199=AXIS2_PLACEMENT_3D('',#4678,#3734,#3735);
#3200=AXIS2_PLACEMENT_3D('',#4679,#3736,#3737);
#3201=AXIS2_PLACEMENT_3D('',#4685,#3741,#3742);
#3202=AXIS2_PLACEMENT_3D('',#4691,#3746,#3747);
#3203=AXIS2_PLACEMENT_3D('',#4694,#3750,#3751);
#3204=AXIS2_PLACEMENT_3D('',#4697,#3754,#3755);
#3205=AXIS2_PLACEMENT_3D('',#4698,#3756,#3757);
#3206=AXIS2_PLACEMENT_3D('',#4722,#3759,#3760);
#3207=AXIS2_PLACEMENT_3D('',#4749,#3764,#3765);
#3208=AXIS2_PLACEMENT_3D('',#4751,#3767,#3768);
#3209=AXIS2_PLACEMENT_3D('',#4753,#3770,#3771);
#3210=AXIS2_PLACEMENT_3D('',#4754,#3772,#3773);
#3211=AXIS2_PLACEMENT_3D('',#4755,#3774,#3775);
#3212=AXIS2_PLACEMENT_3D('',#4760,#3777,#3778);
#3213=AXIS2_PLACEMENT_3D('',#4764,#3781,#3782);
#3214=AXIS2_PLACEMENT_3D('',#4770,#3786,#3787);
#3215=AXIS2_PLACEMENT_3D('',#4772,#3788,#3789);
#3216=AXIS2_PLACEMENT_3D('',#4774,#3791,#3792);
#3217=AXIS2_PLACEMENT_3D('',#4778,#3794,#3795);
#3218=AXIS2_PLACEMENT_3D('',#4780,#3797,#3798);
#3219=AXIS2_PLACEMENT_3D('',#4784,#3801,#3802);
#3220=AXIS2_PLACEMENT_3D('',#4793,#3807,#3808);
#3221=AXIS2_PLACEMENT_3D('',#4797,#3810,#3811);
#3222=AXIS2_PLACEMENT_3D('',#4799,#3813,#3814);
#3223=AXIS2_PLACEMENT_3D('',#4805,#3818,#3819);
#3224=AXIS2_PLACEMENT_3D('',#4809,#3822,#3823);
#3225=AXIS2_PLACEMENT_3D('',#4811,#3824,#3825);
#3226=AXIS2_PLACEMENT_3D('',#4814,#3827,#3828);
#3227=AXIS2_PLACEMENT_3D('',#4815,#3829,#3830);
#3228=AXIS2_PLACEMENT_3D('',#4824,#3835,#3836);
#3229=AXIS2_PLACEMENT_3D('',#4828,#3838,#3839);
#3230=AXIS2_PLACEMENT_3D('',#4830,#3841,#3842);
#3231=AXIS2_PLACEMENT_3D('',#4832,#3843,#3844);
#3232=AXIS2_PLACEMENT_3D('',#4834,#3846,#3847);
#3233=AXIS2_PLACEMENT_3D('',#4838,#3849,#3850);
#3234=AXIS2_PLACEMENT_3D('',#4840,#3852,#3853);
#3235=AXIS2_PLACEMENT_3D('',#4849,#3858,#3859);
#3236=AXIS2_PLACEMENT_3D('',#4853,#3861,#3862);
#3237=AXIS2_PLACEMENT_3D('',#4855,#3864,#3865);
#3238=AXIS2_PLACEMENT_3D('',#4861,#3869,#3870);
#3239=AXIS2_PLACEMENT_3D('',#4865,#3873,#3874);
#3240=AXIS2_PLACEMENT_3D('',#4867,#3875,#3876);
#3241=AXIS2_PLACEMENT_3D('',#4870,#3878,#3879);
#3242=AXIS2_PLACEMENT_3D('',#4871,#3880,#3881);
#3243=AXIS2_PLACEMENT_3D('',#4885,#3882,#3883);
#3244=AXIS2_PLACEMENT_3D('',#4898,#3884,#3885);
#3245=AXIS2_PLACEMENT_3D('',#4911,#3886,#3887);
#3246=AXIS2_PLACEMENT_3D('',#4920,#3888,#3889);
#3247=AXIS2_PLACEMENT_3D('',#4921,#3890,#3891);
#3248=AXIS2_PLACEMENT_3D('',#4929,#3892,#3893);
#3249=AXIS2_PLACEMENT_3D('',#4930,#3894,#3895);
#3250=AXIS2_PLACEMENT_3D('',#4934,#3897,#3898);
#3251=AXIS2_PLACEMENT_3D('',#4938,#3900,#3901);
#3252=AXIS2_PLACEMENT_3D('',#4940,#3903,#3904);
#3253=AXIS2_PLACEMENT_3D('',#4942,#3906,#3907);
#3254=AXIS2_PLACEMENT_3D('',#4946,#3910,#3911);
#3255=AXIS2_PLACEMENT_3D('',#4950,#3914,#3915);
#3256=AXIS2_PLACEMENT_3D('',#4952,#3917,#3918);
#3257=AXIS2_PLACEMENT_3D('',#4954,#3919,#3920);
#3258=AXIS2_PLACEMENT_3D('',#4957,#3922,#3923);
#3259=AXIS2_PLACEMENT_3D('',#4958,#3924,#3925);
#3260=AXIS2_PLACEMENT_3D('',#4960,#3926,#3927);
#3261=AXIS2_PLACEMENT_3D('',#4963,#3929,#3930);
#3262=AXIS2_PLACEMENT_3D('',#4964,#3931,#3932);
#3263=AXIS2_PLACEMENT_3D('',#4966,#3933,#3934);
#3264=AXIS2_PLACEMENT_3D('',#4969,#3936,#3937);
#3265=AXIS2_PLACEMENT_3D('',#4970,#3938,#3939);
#3266=AXIS2_PLACEMENT_3D('',#4971,#3940,#3941);
#3267=AXIS2_PLACEMENT_3D('',#4972,#3942,#3943);
#3268=AXIS2_PLACEMENT_3D('',#4973,#3944,#3945);
#3269=AXIS2_PLACEMENT_3D('',#4974,#3946,#3947);
#3270=AXIS2_PLACEMENT_3D('',#4975,#3948,#3949);
#3271=AXIS2_PLACEMENT_3D('',#4976,#3950,#3951);
#3272=AXIS2_PLACEMENT_3D('',#4977,#3952,#3953);
#3273=AXIS2_PLACEMENT_3D('',#4978,#3954,#3955);
#3274=AXIS2_PLACEMENT_3D('',#4980,#3956,#3957);
#3275=AXIS2_PLACEMENT_3D('',#4983,#3959,#3960);
#3276=AXIS2_PLACEMENT_3D('',#4985,#3961,#3962);
#3277=AXIS2_PLACEMENT_3D('',#4987,#3964,#3965);
#3278=AXIS2_PLACEMENT_3D('',#4989,#3966,#3967);
#3279=AXIS2_PLACEMENT_3D('',#4992,#3969,#3970);
#3280=AXIS2_PLACEMENT_3D('',#4994,#3971,#3972);
#3281=AXIS2_PLACEMENT_3D('',#4996,#3974,#3975);
#3282=AXIS2_PLACEMENT_3D('',#4999,#3978,#3979);
#3283=AXIS2_PLACEMENT_3D('',#5000,#3980,#3981);
#3284=AXIS2_PLACEMENT_3D('',#5003,#3984,#3985);
#3285=AXIS2_PLACEMENT_3D('',#5004,#3986,#3987);
#3286=AXIS2_PLACEMENT_3D('',#5008,#3990,#3991);
#3287=AXIS2_PLACEMENT_3D('',#5012,#3994,#3995);
#3288=AXIS2_PLACEMENT_3D('',#5014,#3997,#3998);
#3289=AXIS2_PLACEMENT_3D('',#5018,#4001,#4002);
#3290=AXIS2_PLACEMENT_3D('',#5020,#4004,#4005);
#3291=AXIS2_PLACEMENT_3D('',#5021,#4006,#4007);
#3292=AXIS2_PLACEMENT_3D('',#5022,#4008,#4009);
#3293=AXIS2_PLACEMENT_3D('',#5025,#4010,#4011);
#3294=AXIS2_PLACEMENT_3D('',#5029,#4013,#4014);
#3295=AXIS2_PLACEMENT_3D('',#5031,#4016,#4017);
#3296=AXIS2_PLACEMENT_3D('',#5034,#4018,#4019);
#3297=AXIS2_PLACEMENT_3D('',#5037,#4021,#4022);
#3298=AXIS2_PLACEMENT_3D('',#5039,#4024,#4025);
#3299=AXIS2_PLACEMENT_3D('',#5040,#4026,#4027);
#3300=AXIS2_PLACEMENT_3D('',#5041,#4028,#4029);
#3301=AXIS2_PLACEMENT_3D('',#5044,#4030,#4031);
#3302=AXIS2_PLACEMENT_3D('',#5047,#4033,#4034);
#3303=AXIS2_PLACEMENT_3D('',#5049,#4036,#4037);
#3304=AXIS2_PLACEMENT_3D('',#5050,#4038,#4039);
#3305=AXIS2_PLACEMENT_3D('',#5051,#4040,#4041);
#3306=AXIS2_PLACEMENT_3D('',#5053,#4042,#4043);
#3307=AXIS2_PLACEMENT_3D('',#5056,#4045,#4046);
#3308=AXIS2_PLACEMENT_3D('',#5058,#4048,#4049);
#3309=AXIS2_PLACEMENT_3D('',#5059,#4050,#4051);
#3310=AXIS2_PLACEMENT_3D('',#5060,#4052,#4053);
#3311=AXIS2_PLACEMENT_3D('',#5061,#4054,#4055);
#3312=AXIS2_PLACEMENT_3D('',#5062,#4056,#4057);
#3313=AXIS2_PLACEMENT_3D('',#5064,#4058,#4059);
#3314=AXIS2_PLACEMENT_3D('',#5066,#4060,#4061);
#3315=AXIS2_PLACEMENT_3D('',#5067,#4062,#4063);
#3316=AXIS2_PLACEMENT_3D('',#5069,#4064,#4065);
#3317=AXIS2_PLACEMENT_3D('',#5071,#4066,#4067);
#3318=AXIS2_PLACEMENT_3D('',#5072,#4068,#4069);
#3319=AXIS2_PLACEMENT_3D('',#5074,#4070,#4071);
#3320=AXIS2_PLACEMENT_3D('',#5076,#4072,#4073);
#3321=AXIS2_PLACEMENT_3D('',#5077,#4074,#4075);
#3322=AXIS2_PLACEMENT_3D('',#5079,#4077,#4078);
#3323=AXIS2_PLACEMENT_3D('',#5081,#4080,#4081);
#3324=AXIS2_PLACEMENT_3D('',#5083,#4082,#4083);
#3325=AXIS2_PLACEMENT_3D('',#5085,#4084,#4085);
#3326=AXIS2_PLACEMENT_3D('',#5086,#4086,#4087);
#3327=AXIS2_PLACEMENT_3D('',#5088,#4089,#4090);
#3328=AXIS2_PLACEMENT_3D('',#5090,#4092,#4093);
#3329=AXIS2_PLACEMENT_3D('',#5091,#4094,#4095);
#3330=AXIS2_PLACEMENT_3D('',#5100,#4100,#4101);
#3331=AXIS2_PLACEMENT_3D('',#5106,#4105,#4106);
#3332=AXIS2_PLACEMENT_3D('',#5112,#4110,#4111);
#3333=AXIS2_PLACEMENT_3D('',#5115,#4114,#4115);
#3334=AXIS2_PLACEMENT_3D('',#5124,#4120,#4121);
#3335=AXIS2_PLACEMENT_3D('',#5130,#4125,#4126);
#3336=AXIS2_PLACEMENT_3D('',#5136,#4130,#4131);
#3337=AXIS2_PLACEMENT_3D('',#5142,#4135,#4136);
#3338=AXIS2_PLACEMENT_3D('',#5148,#4140,#4141);
#3339=AXIS2_PLACEMENT_3D('',#5154,#4145,#4146);
#3340=AXIS2_PLACEMENT_3D('',#5160,#4150,#4151);
#3341=AXIS2_PLACEMENT_3D('',#5166,#4155,#4156);
#3342=AXIS2_PLACEMENT_3D('',#5172,#4160,#4161);
#3343=AXIS2_PLACEMENT_3D('',#5175,#4164,#4165);
#3344=AXIS2_PLACEMENT_3D('',#5176,#4166,#4167);
#3345=AXIS2_PLACEMENT_3D('',#5177,#4168,#4169);
#3346=AXIS2_PLACEMENT_3D('',#5178,#4170,#4171);
#3347=AXIS2_PLACEMENT_3D('',#5179,#4172,#4173);
#3348=AXIS2_PLACEMENT_3D('',#5180,#4174,#4175);
#3349=DIRECTION('axis',(0.,0.,1.));
#3350=DIRECTION('refdir',(1.,0.,0.));
#3351=DIRECTION('axis',(0.,0.,1.));
#3352=DIRECTION('refdir',(1.,0.,0.));
#3353=DIRECTION('center_axis',(-0.707106781186554,-0.707106781186541,0.));
#3354=DIRECTION('ref_axis',(-0.707106781186541,0.707106781186554,0.));
#3355=DIRECTION('',(-0.707106781186541,0.707106781186554,0.));
#3356=DIRECTION('',(0.,0.,-1.));
#3357=DIRECTION('',(0.,0.,-1.));
#3358=DIRECTION('',(-0.707106781186541,0.707106781186554,0.));
#3359=DIRECTION('',(0.,0.,-1.));
#3360=DIRECTION('center_axis',(0.,-1.,0.));
#3361=DIRECTION('ref_axis',(-1.,0.,0.));
#3362=DIRECTION('',(0.,0.,-1.));
#3363=DIRECTION('',(1.,0.,4.6648365856223E-16));
#3364=DIRECTION('',(-3.03460960064205E-13,0.,1.));
#3365=DIRECTION('',(-1.,0.,0.));
#3366=DIRECTION('',(-1.,0.,0.));
#3367=DIRECTION('',(0.,0.,-1.));
#3368=DIRECTION('',(-1.,0.,0.));
#3369=DIRECTION('center_axis',(0.707106781186551,-0.707106781186544,0.));
#3370=DIRECTION('ref_axis',(-0.707106781186544,-0.707106781186551,0.));
#3371=DIRECTION('',(-0.707106781186544,-0.707106781186551,0.));
#3372=DIRECTION('',(-0.707106781186544,-0.707106781186551,0.));
#3373=DIRECTION('',(0.,0.,1.));
#3374=DIRECTION('',(0.,0.,-1.));
#3375=DIRECTION('center_axis',(0.,0.,-1.));
#3376=DIRECTION('ref_axis',(1.,0.,0.));
#3377=DIRECTION('center_axis',(0.,0.,-1.));
#3378=DIRECTION('ref_axis',(-0.707106781186547,0.707106781186547,0.));
#3379=DIRECTION('',(9.88842595969857E-17,1.,0.));
#3380=DIRECTION('center_axis',(0.,0.,-1.));
#3381=DIRECTION('ref_axis',(-0.707106781186547,-0.707106781186547,0.));
#3382=DIRECTION('',(-1.,2.96652778790957E-16,0.));
#3383=DIRECTION('center_axis',(0.,0.,-1.));
#3384=DIRECTION('ref_axis',(0.707106781186547,-0.707106781186547,0.));
#3385=DIRECTION('',(0.,-1.,0.));
#3386=DIRECTION('center_axis',(0.,0.,-1.));
#3387=DIRECTION('ref_axis',(0.707106781186547,0.707106781186548,0.));
#3388=DIRECTION('',(1.,9.88842595969857E-17,0.));
#3389=DIRECTION('',(1.,0.,0.));
#3390=DIRECTION('',(0.,-1.,0.));
#3391=DIRECTION('',(-1.,0.,0.));
#3392=DIRECTION('',(-7.41860669243229E-16,1.,0.));
#3393=DIRECTION('',(1.,0.,0.));
#3394=DIRECTION('center_axis',(0.,1.,0.));
#3395=DIRECTION('ref_axis',(1.,0.,0.));
#3396=DIRECTION('',(-1.,0.,5.47776111555526E-24));
#3397=DIRECTION('',(0.,0.,-1.));
#3398=DIRECTION('',(5.04646829375076E-16,1.,0.));
#3399=DIRECTION('',(5.04646829375076E-16,1.,0.));
#3400=DIRECTION('center_axis',(0.,0.,-1.));
#3401=DIRECTION('ref_axis',(-1.,4.92229228386236E-16,0.));
#3402=DIRECTION('',(5.04646829375076E-16,1.,0.));
#3403=DIRECTION('',(-1.,2.96652778790957E-16,0.));
#3404=DIRECTION('',(1.,0.,0.));
#3405=DIRECTION('',(5.04646829375076E-16,1.,0.));
#3406=DIRECTION('center_axis',(-1.,5.04646829375076E-16,-3.03460960064205E-13));
#3407=DIRECTION('ref_axis',(-3.03460960064205E-13,1.4937235421775E-28,1.));
#3408=DIRECTION('',(5.04646829375076E-16,1.,0.));
#3409=DIRECTION('',(-3.03460960064205E-13,9.00225370576181E-29,1.));
#3410=DIRECTION('center_axis',(0.,0.,-1.));
#3411=DIRECTION('ref_axis',(9.84458456772473E-17,1.,0.));
#3412=DIRECTION('',(9.88842595969857E-17,1.,0.));
#3413=DIRECTION('',(1.,0.,0.));
#3414=DIRECTION('',(9.84458456772473E-17,1.,0.));
#3415=DIRECTION('',(1.,0.,0.));
#3416=DIRECTION('center_axis',(0.,-1.,0.));
#3417=DIRECTION('ref_axis',(0.,0.,-1.));
#3418=DIRECTION('',(0.,0.,-1.));
#3419=DIRECTION('',(1.,0.,0.));
#3420=DIRECTION('',(0.,0.,-1.));
#3421=DIRECTION('center_axis',(0.,0.,1.));
#3422=DIRECTION('ref_axis',(-9.84458456772473E-17,-1.,0.));
#3423=DIRECTION('',(-9.88842595969857E-17,-1.,0.));
#3424=DIRECTION('',(1.,0.,0.));
#3425=DIRECTION('',(-9.84458456772473E-17,-1.,0.));
#3426=DIRECTION('center_axis',(0.,1.,2.22044604925031E-16));
#3427=DIRECTION('ref_axis',(-2.18593689099149E-32,-2.22044604925031E-16,
1.));
#3428=DIRECTION('',(-2.19567163555169E-32,-2.22044604925031E-16,1.));
#3429=DIRECTION('',(-2.18593689099149E-32,-2.22044604925031E-16,1.));
#3430=DIRECTION('center_axis',(1.,0.,0.));
#3431=DIRECTION('ref_axis',(0.,0.,-1.));
#3432=DIRECTION('center_axis',(6.96117250580292E-17,0.707106781186571,-0.707106781186524));
#3433=DIRECTION('ref_axis',(6.96117250580237E-17,0.707106781186524,0.707106781186571));
#3434=DIRECTION('',(6.99217305136372E-17,0.707106781186524,0.707106781186571));
#3435=DIRECTION('',(1.,-9.84458456772487E-17,0.));
#3436=DIRECTION('',(6.96117250580237E-17,0.707106781186524,0.707106781186571));
#3437=DIRECTION('',(1.,-9.84458456772487E-17,0.));
#3438=DIRECTION('center_axis',(-6.96117250580246E-17,-0.707106781186524,
-0.707106781186571));
#3439=DIRECTION('ref_axis',(6.96117250580283E-17,0.707106781186571,-0.707106781186524));
#3440=DIRECTION('',(6.99217305136418E-17,0.707106781186571,-0.707106781186524));
#3441=DIRECTION('',(1.,-9.84458456772487E-17,0.));
#3442=DIRECTION('',(6.96117250580283E-17,0.707106781186571,-0.707106781186524));
#3443=DIRECTION('center_axis',(-6.96117250580292E-17,-0.707106781186571,
0.707106781186524));
#3444=DIRECTION('ref_axis',(-6.96117250580237E-17,-0.707106781186524,-0.707106781186571));
#3445=DIRECTION('',(-6.99217305136372E-17,-0.707106781186524,-0.707106781186571));
#3446=DIRECTION('',(1.,-9.84458456772487E-17,0.));
#3447=DIRECTION('',(-6.96117250580237E-17,-0.707106781186524,-0.707106781186571));
#3448=DIRECTION('center_axis',(6.96117250580246E-17,0.707106781186524,0.707106781186571));
#3449=DIRECTION('ref_axis',(-6.96117250580283E-17,-0.707106781186571,0.707106781186524));
#3450=DIRECTION('',(-6.99217305136418E-17,-0.707106781186571,0.707106781186524));
#3451=DIRECTION('',(-6.96117250580283E-17,-0.707106781186571,0.707106781186524));
#3452=DIRECTION('center_axis',(1.,-9.84458456772486E-17,0.));
#3453=DIRECTION('ref_axis',(0.,0.,-1.));
#3454=DIRECTION('center_axis',(0.,1.,0.));
#3455=DIRECTION('ref_axis',(0.,0.,1.));
#3456=DIRECTION('',(0.,0.,1.));
#3457=DIRECTION('',(1.,0.,0.));
#3458=DIRECTION('',(0.,0.,1.));
#3459=DIRECTION('',(1.,0.,0.));
#3460=DIRECTION('center_axis',(0.,0.,-1.));
#3461=DIRECTION('ref_axis',(9.84458456772473E-17,1.,0.));
#3462=DIRECTION('',(9.88842595969857E-17,1.,0.));
#3463=DIRECTION('',(1.,0.,0.));
#3464=DIRECTION('',(9.84458456772473E-17,1.,0.));
#3465=DIRECTION('center_axis',(0.,-1.,-6.66133814775093E-15));
#3466=DIRECTION('ref_axis',(6.55781067297448E-31,6.66133814775093E-15,-1.));
#3467=DIRECTION('',(6.58701490665507E-31,6.66133814775093E-15,-1.));
#3468=DIRECTION('',(1.,0.,0.));
#3469=DIRECTION('',(6.55781067297448E-31,6.66133814775093E-15,-1.));
#3470=DIRECTION('center_axis',(0.,0.,1.));
#3471=DIRECTION('ref_axis',(-9.84458456772473E-17,-1.,0.));
#3472=DIRECTION('',(-9.88842595969857E-17,-1.,0.));
#3473=DIRECTION('',(-9.84458456772473E-17,-1.,0.));
#3474=DIRECTION('center_axis',(1.,0.,0.));
#3475=DIRECTION('ref_axis',(0.,0.,-1.));
#3476=DIRECTION('center_axis',(0.707106781186547,-3.92523114670943E-16,
-0.707106781186548));
#3477=DIRECTION('ref_axis',(-0.707106781186548,3.4805862529013E-16,-0.707106781186547));
#3478=DIRECTION('',(-0.707106781186548,2.09765191540919E-16,-0.707106781186547));
#3479=DIRECTION('',(5.55111512312578E-16,1.,0.));
#3480=DIRECTION('',(-0.707106781186548,3.4805862529013E-16,-0.707106781186547));
#3481=DIRECTION('',(5.55111512312578E-16,1.,0.));
#3482=DIRECTION('center_axis',(0.707106781186548,-3.92523114670944E-16,
0.707106781186547));
#3483=DIRECTION('ref_axis',(0.707106781186547,-3.48058625290129E-16,-0.707106781186548));
#3484=DIRECTION('',(0.707106781186547,-2.09765191540918E-16,-0.707106781186548));
#3485=DIRECTION('',(5.55111512312578E-16,1.,0.));
#3486=DIRECTION('',(0.707106781186547,-3.48058625290129E-16,-0.707106781186548));
#3487=DIRECTION('center_axis',(-0.707106781186547,3.92523114670943E-16,
0.707106781186548));
#3488=DIRECTION('ref_axis',(0.707106781186548,-3.4805862529013E-16,0.707106781186547));
#3489=DIRECTION('',(0.707106781186548,-2.09765191540919E-16,0.707106781186547));
#3490=DIRECTION('',(5.55111512312578E-16,1.,0.));
#3491=DIRECTION('',(0.707106781186548,-3.4805862529013E-16,0.707106781186547));
#3492=DIRECTION('center_axis',(-0.707106781186548,3.92523114670944E-16,
-0.707106781186547));
#3493=DIRECTION('ref_axis',(-0.707106781186547,3.48058625290129E-16,0.707106781186548));
#3494=DIRECTION('',(-0.707106781186547,2.09765191540918E-16,0.707106781186548));
#3495=DIRECTION('',(-0.707106781186547,3.48058625290129E-16,0.707106781186548));
#3496=DIRECTION('center_axis',(5.55111512312578E-16,1.,0.));
#3497=DIRECTION('ref_axis',(0.,0.,1.));
#3498=DIRECTION('center_axis',(-1.,0.,0.));
#3499=DIRECTION('ref_axis',(0.,1.,0.));
#3500=DIRECTION('center_axis',(-1.,0.,0.));
#3501=DIRECTION('ref_axis',(0.,1.,0.));
#3502=DIRECTION('',(-1.,0.,0.));
#3503=DIRECTION('center_axis',(-1.,0.,0.));
#3504=DIRECTION('ref_axis',(0.,1.,0.));
#3505=DIRECTION('center_axis',(1.,0.,0.));
#3506=DIRECTION('ref_axis',(0.,1.,0.));
#3507=DIRECTION('center_axis',(0.,-1.,-1.44284584280627E-12));
#3508=DIRECTION('ref_axis',(0.,-1.44284584280627E-12,1.));
#3509=DIRECTION('',(0.,-1.44284584280627E-12,1.));
#3510=DIRECTION('',(-1.,0.,0.));
#3511=DIRECTION('',(0.,-1.44284584280627E-12,1.));
#3512=DIRECTION('',(-1.,0.,0.));
#3513=DIRECTION('center_axis',(0.,-1.63819575189238E-13,-1.));
#3514=DIRECTION('ref_axis',(0.,-1.,1.63819575189238E-13));
#3515=DIRECTION('',(0.,-1.,1.63819575189238E-13));
#3516=DIRECTION('',(-1.,0.,0.));
#3517=DIRECTION('',(0.,-1.,1.63819575189238E-13));
#3518=DIRECTION('center_axis',(0.,1.,-2.60902410787076E-14));
#3519=DIRECTION('ref_axis',(0.,-2.60902410787076E-14,-1.));
#3520=DIRECTION('',(0.,-2.60902410787076E-14,-1.));
#3521=DIRECTION('',(-1.,0.,0.));
#3522=DIRECTION('',(0.,-2.60902410787076E-14,-1.));
#3523=DIRECTION('center_axis',(0.,-2.4893667374388E-13,1.));
#3524=DIRECTION('ref_axis',(0.,1.,2.4893667374388E-13));
#3525=DIRECTION('',(0.,1.,2.4893667374388E-13));
#3526=DIRECTION('',(0.,1.,2.4893667374388E-13));
#3527=DIRECTION('center_axis',(-1.,0.,0.));
#3528=DIRECTION('ref_axis',(0.,0.,1.));
#3529=DIRECTION('center_axis',(0.,1.,5.07371922255096E-14));
#3530=DIRECTION('ref_axis',(0.,5.07371922255096E-14,-1.));
#3531=DIRECTION('',(0.,5.07371922255096E-14,-1.));
#3532=DIRECTION('',(-1.,0.,0.));
#3533=DIRECTION('',(0.,5.07371922255096E-14,-1.));
#3534=DIRECTION('',(-1.,0.,0.));
#3535=DIRECTION('center_axis',(0.,-2.4893667374388E-13,1.));
#3536=DIRECTION('ref_axis',(0.,1.,2.4893667374388E-13));
#3537=DIRECTION('',(0.,1.,2.4893667374388E-13));
#3538=DIRECTION('',(-1.,0.,0.));
#3539=DIRECTION('',(0.,1.,2.4893667374388E-13));
#3540=DIRECTION('center_axis',(0.,-1.,-2.3092638912235E-14));
#3541=DIRECTION('ref_axis',(0.,-2.3092638912235E-14,1.));
#3542=DIRECTION('',(0.,-2.3092638912235E-14,1.));
#3543=DIRECTION('',(-1.,0.,0.));
#3544=DIRECTION('',(0.,-2.3092638912235E-14,1.));
#3545=DIRECTION('center_axis',(0.,-1.63819575189238E-13,-1.));
#3546=DIRECTION('ref_axis',(0.,-1.,1.63819575189238E-13));
#3547=DIRECTION('',(0.,-1.,1.63819575189238E-13));
#3548=DIRECTION('',(0.,-1.,1.63819575189238E-13));
#3549=DIRECTION('center_axis',(-1.,0.,0.));
#3550=DIRECTION('ref_axis',(0.,0.,1.));
#3551=DIRECTION('center_axis',(0.,-1.,0.));
#3552=DIRECTION('ref_axis',(-1.,0.,0.));
#3553=DIRECTION('center_axis',(9.88842595969857E-17,-1.,0.));
#3554=DIRECTION('ref_axis',(-1.,0.,0.));
#3555=DIRECTION('',(0.,-1.,0.));
#3556=DIRECTION('center_axis',(-9.84458456772473E-17,-1.,0.));
#3557=DIRECTION('ref_axis',(-1.,9.84458456772473E-17,0.));
#3558=DIRECTION('center_axis',(9.84458456772473E-17,1.,0.));
#3559=DIRECTION('ref_axis',(-1.,9.84458456772473E-17,0.));
#3560=DIRECTION('center_axis',(0.,0.,-1.));
#3561=DIRECTION('ref_axis',(-0.707106781186547,0.707106781186547,0.));
#3562=DIRECTION('center_axis',(0.,0.,1.));
#3563=DIRECTION('ref_axis',(-0.707106781186547,0.707106781186547,0.));
#3564=DIRECTION('',(0.,0.,1.));
#3565=DIRECTION('',(0.,0.,-1.));
#3566=DIRECTION('center_axis',(-9.88842595969857E-17,1.,0.));
#3567=DIRECTION('ref_axis',(1.,9.88842595969857E-17,0.));
#3568=DIRECTION('',(0.,0.,1.));
#3569=DIRECTION('',(1.,9.88842595969857E-17,0.));
#3570=DIRECTION('center_axis',(0.,0.,-1.));
#3571=DIRECTION('ref_axis',(0.707106781186547,0.707106781186548,0.));
#3572=DIRECTION('center_axis',(0.,0.,1.));
#3573=DIRECTION('ref_axis',(0.707106781186547,0.707106781186548,0.));
#3574=DIRECTION('',(0.,0.,-1.));
#3575=DIRECTION('center_axis',(1.,0.,0.));
#3576=DIRECTION('ref_axis',(0.,-1.,0.));
#3577=DIRECTION('',(0.,0.,1.));
#3578=DIRECTION('',(0.,-1.,0.));
#3579=DIRECTION('center_axis',(0.,0.,-1.));
#3580=DIRECTION('ref_axis',(-0.707106781186547,-0.707106781186547,0.));
#3581=DIRECTION('center_axis',(0.,0.,1.));
#3582=DIRECTION('ref_axis',(-0.707106781186547,-0.707106781186547,0.));
#3583=DIRECTION('',(0.,0.,1.));
#3584=DIRECTION('',(0.,0.,-1.));
#3585=DIRECTION('center_axis',(-1.,9.88842595969857E-17,0.));
#3586=DIRECTION('ref_axis',(9.88842595969857E-17,1.,0.));
#3587=DIRECTION('',(9.88842595969857E-17,1.,0.));
#3588=DIRECTION('center_axis',(0.,0.,-1.));
#3589=DIRECTION('ref_axis',(0.707106781186547,-0.707106781186547,0.));
#3590=DIRECTION('center_axis',(0.,0.,1.));
#3591=DIRECTION('ref_axis',(0.707106781186547,-0.707106781186547,0.));
#3592=DIRECTION('',(0.,0.,-1.));
#3593=DIRECTION('center_axis',(0.,0.,-1.));
#3594=DIRECTION('ref_axis',(-1.,0.,0.));
#3595=DIRECTION('center_axis',(0.,0.,1.));
#3596=DIRECTION('ref_axis',(-1.,0.,0.));
#3597=DIRECTION('',(-0.857167300702112,-1.04972719113862E-16,0.515038074910054));
#3598=DIRECTION('center_axis',(0.,0.,1.));
#3599=DIRECTION('ref_axis',(-1.,0.,0.));
#3600=DIRECTION('center_axis',(0.,0.,1.));
#3601=DIRECTION('ref_axis',(-1.,0.,0.));
#3602=DIRECTION('',(0.,0.,1.));
#3603=DIRECTION('center_axis',(0.,0.,-1.));
#3604=DIRECTION('ref_axis',(-1.,0.,0.));
#3605=DIRECTION('center_axis',(0.,0.,1.));
#3606=DIRECTION('ref_axis',(-1.,0.,0.));
#3607=DIRECTION('',(-0.857167300702112,-1.04972719113862E-16,0.515038074910054));
#3608=DIRECTION('center_axis',(0.,0.,1.));
#3609=DIRECTION('ref_axis',(-1.,0.,0.));
#3610=DIRECTION('center_axis',(0.,0.,1.));
#3611=DIRECTION('ref_axis',(-1.,0.,0.));
#3612=DIRECTION('',(0.,0.,1.));
#3613=DIRECTION('center_axis',(0.,0.707106781186547,0.707106781186548));
#3614=DIRECTION('ref_axis',(1.,0.,0.));
#3615=DIRECTION('',(-0.577350269189626,-0.577350269189626,0.577350269189626));
#3616=DIRECTION('',(1.,0.,0.));
#3617=DIRECTION('',(0.,0.707106781186548,-0.707106781186547));
#3618=DIRECTION('center_axis',(0.707106781186548,0.,0.707106781186547));
#3619=DIRECTION('ref_axis',(0.707106781186547,0.,-0.707106781186548));
#3620=DIRECTION('',(-0.707106781186547,-2.61682076447295E-16,0.707106781186548));
#3621=DIRECTION('',(0.,-1.,0.));
#3622=DIRECTION('center_axis',(1.,0.,0.));
#3623=DIRECTION('ref_axis',(0.,-1.,0.));
#3624=DIRECTION('',(0.,0.,-1.));
#3625=DIRECTION('',(0.,-1.,0.));
#3626=DIRECTION('',(0.,0.,-1.));
#3627=DIRECTION('',(0.,-1.,0.));
#3628=DIRECTION('',(0.,0.,1.));
#3629=DIRECTION('',(0.,1.,2.18375682300382E-21));
#3630=DIRECTION('',(0.,0.,-1.));
#3631=DIRECTION('',(0.,1.,2.18375682300382E-21));
#3632=DIRECTION('',(0.,0.,-1.));
#3633=DIRECTION('',(0.,-1.,0.));
#3634=DIRECTION('',(0.,0.,-1.));
#3635=DIRECTION('center_axis',(0.,-0.707106781186548,0.707106781186547));
#3636=DIRECTION('ref_axis',(1.,0.,0.));
#3637=DIRECTION('',(0.577350269189626,0.577350269189626,0.577350269189626));
#3638=DIRECTION('',(-1.,0.,0.));
#3639=DIRECTION('',(0.,-0.707106781186547,-0.707106781186548));
#3640=DIRECTION('center_axis',(-0.707106781186548,-5.24574709917478E-16,
0.707106781186548));
#3641=DIRECTION('ref_axis',(0.707106781186548,0.,0.707106781186548));
#3642=DIRECTION('',(0.707106781186548,0.,0.707106781186548));
#3643=DIRECTION('',(-7.41860669243229E-16,1.,0.));
#3644=DIRECTION('center_axis',(-1.,-7.41860669243229E-16,0.));
#3645=DIRECTION('ref_axis',(-7.41860669243229E-16,1.,0.));
#3646=DIRECTION('',(0.,0.,-1.));
#3647=DIRECTION('',(-7.41860669243229E-16,1.,0.));
#3648=DIRECTION('',(0.,0.,-1.));
#3649=DIRECTION('',(-7.41860669243229E-16,1.,0.));
#3650=DIRECTION('',(0.,0.,1.));
#3651=DIRECTION('',(7.41860669243229E-16,-1.,-2.18375682300382E-21));
#3652=DIRECTION('',(0.,0.,-1.));
#3653=DIRECTION('',(0.,0.,-1.));
#3654=DIRECTION('',(7.41860669243229E-16,-1.,-2.18375682300382E-21));
#3655=DIRECTION('',(0.,0.,-1.));
#3656=DIRECTION('',(-7.41860669243229E-16,1.,0.));
#3657=DIRECTION('',(0.,0.,-1.));
#3658=DIRECTION('center_axis',(1.,0.,0.));
#3659=DIRECTION('ref_axis',(0.,1.,0.));
#3660=DIRECTION('',(0.,1.,0.));
#3661=DIRECTION('',(0.,0.,1.));
#3662=DIRECTION('',(0.,0.,1.));
#3663=DIRECTION('center_axis',(-3.70074341541718E-16,1.,0.));
#3664=DIRECTION('ref_axis',(-1.,-3.70074341541718E-16,0.));
#3665=DIRECTION('',(-1.,-3.70074341541718E-16,0.));
#3666=DIRECTION('center_axis',(0.,1.,0.));
#3667=DIRECTION('ref_axis',(1.,0.,0.));
#3668=DIRECTION('',(1.,0.,0.));
#3669=DIRECTION('',(1.,0.,0.));
#3670=DIRECTION('center_axis',(-1.,0.,0.));
#3671=DIRECTION('ref_axis',(0.,-1.,0.));
#3672=DIRECTION('',(0.,-1.,0.));
#3673=DIRECTION('',(0.,0.,1.));
#3674=DIRECTION('',(0.,0.,1.));
#3675=DIRECTION('center_axis',(0.,-1.,0.));
#3676=DIRECTION('ref_axis',(1.,0.,0.));
#3677=DIRECTION('',(1.,0.,0.));
#3678=DIRECTION('center_axis',(0.,-1.,0.));
#3679=DIRECTION('ref_axis',(-1.,0.,0.));
#3680=DIRECTION('',(-1.,0.,0.));
#3681=DIRECTION('',(0.,0.,1.));
#3682=DIRECTION('',(1.,0.,-5.47776111555526E-24));
#3683=DIRECTION('',(1.,0.,-5.47776111555526E-24));
#3684=DIRECTION('',(0.,0.,-1.));
#3685=DIRECTION('',(-1.,0.,0.));
#3686=DIRECTION('',(-1.,0.,0.));
#3687=DIRECTION('center_axis',(0.,0.,1.));
#3688=DIRECTION('ref_axis',(-1.,0.,0.));
#3689=DIRECTION('',(-1.,0.,0.));
#3690=DIRECTION('center_axis',(0.,0.,1.));
#3691=DIRECTION('ref_axis',(-1.,0.,0.));
#3692=DIRECTION('center_axis',(0.,0.,1.));
#3693=DIRECTION('ref_axis',(-1.,0.,0.));
#3694=DIRECTION('center_axis',(0.,0.,1.));
#3695=DIRECTION('ref_axis',(-6.12323399573677E-17,-1.,0.));
#3696=DIRECTION('',(0.,0.,-1.));
#3697=DIRECTION('',(0.,0.,1.));
#3698=DIRECTION('center_axis',(0.,0.,1.));
#3699=DIRECTION('ref_axis',(-1.,0.,0.));
#3700=DIRECTION('center_axis',(0.,0.,1.));
#3701=DIRECTION('ref_axis',(-1.,0.,0.));
#3702=DIRECTION('',(0.,0.,1.));
#3703=DIRECTION('center_axis',(-5.47776111555526E-24,2.18375682300382E-21,
-1.));
#3704=DIRECTION('ref_axis',(-1.,0.,0.));
#3705=DIRECTION('center_axis',(0.,0.,1.));
#3706=DIRECTION('ref_axis',(-1.,0.,0.));
#3707=DIRECTION('center_axis',(0.,0.,1.));
#3708=DIRECTION('ref_axis',(-1.,0.,0.));
#3709=DIRECTION('center_axis',(0.,0.,1.));
#3710=DIRECTION('ref_axis',(-1.,0.,0.));
#3711=DIRECTION('center_axis',(0.,0.,1.));
#3712=DIRECTION('ref_axis',(-1.,0.,0.));
#3713=DIRECTION('center_axis',(0.,0.,1.));
#3714=DIRECTION('ref_axis',(-1.,0.,0.));
#3715=DIRECTION('',(0.,0.,1.));
#3716=DIRECTION('center_axis',(0.,0.,1.));
#3717=DIRECTION('ref_axis',(-1.,0.,0.));
#3718=DIRECTION('',(0.,0.,1.));
#3719=DIRECTION('center_axis',(-5.47776111555526E-24,2.18375682300382E-21,
-1.));
#3720=DIRECTION('ref_axis',(-1.,0.,0.));
#3721=DIRECTION('center_axis',(0.,0.,-1.));
#3722=DIRECTION('ref_axis',(-1.,0.,0.));
#3723=DIRECTION('',(1.,0.,-5.47776111555526E-24));
#3724=DIRECTION('',(1.,0.,-5.47776111555526E-24));
#3725=DIRECTION('center_axis',(1.14132410652805E-16,-1.,0.));
#3726=DIRECTION('ref_axis',(-1.,-1.14132410652805E-16,5.70662108041634E-17));
#3727=DIRECTION('',(-1.,0.,5.47776111555526E-24));
#3728=DIRECTION('center_axis',(0.,1.,0.));
#3729=DIRECTION('ref_axis',(1.,0.,-5.47776111555526E-24));
#3730=DIRECTION('',(-1.,0.,5.47776111555526E-24));
#3731=DIRECTION('center_axis',(-5.47776111555526E-24,2.18375682300382E-21,
-1.));
#3732=DIRECTION('ref_axis',(-1.,0.,5.47776111555526E-24));
#3733=DIRECTION('',(-1.,0.,5.47776111555526E-24));
#3734=DIRECTION('center_axis',(0.,1.,0.));
#3735=DIRECTION('ref_axis',(1.,0.,0.));
#3736=DIRECTION('center_axis',(-1.,1.19620982108789E-44,0.));
#3737=DIRECTION('ref_axis',(1.19620982108789E-44,1.,2.18375682300382E-21));
#3738=DIRECTION('',(-1.19620982108789E-44,-1.,-2.18375682300382E-21));
#3739=DIRECTION('',(1.19620982108789E-44,1.,2.18375682300382E-21));
#3740=DIRECTION('',(0.,0.,-1.));
#3741=DIRECTION('center_axis',(0.,1.,0.));
#3742=DIRECTION('ref_axis',(1.,0.,-5.47776111555526E-24));
#3743=DIRECTION('',(-1.,0.,5.47776111555526E-24));
#3744=DIRECTION('',(1.,0.,-5.47776111555526E-24));
#3745=DIRECTION('',(0.,0.,-1.));
#3746=DIRECTION('center_axis',(1.,-1.11022302462518E-14,0.));
#3747=DIRECTION('ref_axis',(-1.11022302462518E-14,-1.,-2.18375682300382E-21));
#3748=DIRECTION('',(1.11022302462518E-14,1.,2.18375682300382E-21));
#3749=DIRECTION('',(-1.11022302462518E-14,-1.,-2.18375682300382E-21));
#3750=DIRECTION('center_axis',(0.,-1.,0.));
#3751=DIRECTION('ref_axis',(-1.,0.,5.47776111555526E-24));
#3752=DIRECTION('',(1.,0.,-5.47776111555526E-24));
#3753=DIRECTION('',(-1.,0.,5.47776111555526E-24));
#3754=DIRECTION('center_axis',(0.,0.,-1.));
#3755=DIRECTION('ref_axis',(-1.,0.,0.));
#3756=DIRECTION('center_axis',(-5.47776111555526E-24,2.18375682300382E-21,
-1.));
#3757=DIRECTION('ref_axis',(-1.,0.,5.47776111555526E-24));
#3758=DIRECTION('',(5.04646829375076E-16,1.,0.));
#3759=DIRECTION('center_axis',(1.,-5.04646829375076E-16,0.));
#3760=DIRECTION('ref_axis',(0.,0.,-1.));
#3761=DIRECTION('',(0.,0.,-1.));
#3762=DIRECTION('',(5.04646829375076E-16,1.,0.));
#3763=DIRECTION('',(5.04646829375076E-16,1.,0.));
#3764=DIRECTION('center_axis',(-4.6648365856223E-16,2.35409499248715E-31,
1.));
#3765=DIRECTION('ref_axis',(1.,-4.92229228386236E-16,4.6648365856223E-16));
#3766=DIRECTION('',(1.,-2.96652778790957E-16,4.6648365856223E-16));
#3767=DIRECTION('center_axis',(-2.96652778790957E-16,-1.,0.));
#3768=DIRECTION('ref_axis',(-1.,2.96652778790957E-16,0.));
#3769=DIRECTION('',(-1.,2.96652778790957E-16,0.));
#3770=DIRECTION('center_axis',(0.,0.,-1.));
#3771=DIRECTION('ref_axis',(-1.,0.,0.));
#3772=DIRECTION('axis',(0.,0.,1.));
#3773=DIRECTION('refdir',(1.,0.,0.));
#3774=DIRECTION('center_axis',(-0.707106781186547,1.5441492580084E-21,-0.707106781186548));
#3775=DIRECTION('ref_axis',(-0.707106781186548,0.,0.707106781186547));
#3776=DIRECTION('',(0.,1.,2.18375682300382E-21));
#3777=DIRECTION('center_axis',(0.707106781186547,-1.5441492580084E-21,0.707106781186548));
#3778=DIRECTION('ref_axis',(0.707106781186548,0.,-0.707106781186547));
#3779=DIRECTION('',(0.,-1.,-2.18375682300382E-21));
#3780=DIRECTION('',(-0.577350269189626,-0.577350269189626,0.577350269189625));
#3781=DIRECTION('center_axis',(-3.87336203052912E-24,-0.707106781186547,
-0.707106781186548));
#3782=DIRECTION('ref_axis',(-1.,0.,5.47776111555526E-24));
#3783=DIRECTION('',(1.,0.,-5.47776111555526E-24));
#3784=DIRECTION('',(0.577350269189619,-0.57735026918963,0.577350269189629));
#3785=DIRECTION('',(-1.,0.,5.47776111555526E-24));
#3786=DIRECTION('center_axis',(-5.47776111555526E-24,2.18375682300382E-21,
-1.));
#3787=DIRECTION('ref_axis',(-1.,0.,5.47776111555526E-24));
#3788=DIRECTION('center_axis',(-5.47776111555526E-24,2.18375682300382E-21,
-1.));
#3789=DIRECTION('ref_axis',(1.,0.,0.));
#3790=DIRECTION('',(-0.707106781186541,0.707106781186554,1.54802262003894E-21));
#3791=DIRECTION('center_axis',(0.,0.,-1.));
#3792=DIRECTION('ref_axis',(1.,0.,0.));
#3793=DIRECTION('',(0.,0.,-1.));
#3794=DIRECTION('center_axis',(0.,0.,-1.));
#3795=DIRECTION('ref_axis',(1.,0.,0.));
#3796=DIRECTION('',(0.,0.,-1.));
#3797=DIRECTION('center_axis',(-1.,0.,0.));
#3798=DIRECTION('ref_axis',(0.,1.,0.));
#3799=DIRECTION('',(0.,0.,-1.));
#3800=DIRECTION('',(0.,-1.,0.));
#3801=DIRECTION('center_axis',(-3.87336203052912E-24,-0.707106781186547,
-0.707106781186548));
#3802=DIRECTION('ref_axis',(-1.,0.,5.47776111555526E-24));
#3803=DIRECTION('',(-1.,0.,5.47776111555526E-24));
#3804=DIRECTION('',(0.577350269189622,0.577350269189628,-0.577350269189627));
#3805=DIRECTION('',(1.,0.,-5.47776111555526E-24));
#3806=DIRECTION('',(0.577350269189627,-0.577350269189626,0.577350269189625));
#3807=DIRECTION('center_axis',(0.707106781186547,-3.26166715250124E-16,
-0.707106781186548));
#3808=DIRECTION('ref_axis',(-0.707106781186548,0.,-0.707106781186547));
#3809=DIRECTION('',(4.61271576058232E-16,1.,2.18375682300382E-21));
#3810=DIRECTION('center_axis',(-0.707106781186547,3.26166715250124E-16,
0.707106781186548));
#3811=DIRECTION('ref_axis',(0.707106781186548,0.,0.707106781186547));
#3812=DIRECTION('',(-4.61271576058232E-16,-1.,-2.18375682300382E-21));
#3813=DIRECTION('center_axis',(0.,-1.,0.));
#3814=DIRECTION('ref_axis',(-1.,0.,0.));
#3815=DIRECTION('',(0.,0.,-1.));
#3816=DIRECTION('',(1.,0.,0.));
#3817=DIRECTION('',(0.,0.,-1.));
#3818=DIRECTION('center_axis',(1.,-4.61271576058232E-16,0.));
#3819=DIRECTION('ref_axis',(-4.61271576058232E-16,-1.,0.));
#3820=DIRECTION('',(0.,0.,-1.));
#3821=DIRECTION('',(4.61271576058232E-16,1.,0.));
#3822=DIRECTION('center_axis',(0.,0.,-1.));
#3823=DIRECTION('ref_axis',(1.,0.,0.));
#3824=DIRECTION('center_axis',(-5.47776111555526E-24,2.18375682300382E-21,
-1.));
#3825=DIRECTION('ref_axis',(1.,0.,0.));
#3826=DIRECTION('',(0.,0.,-1.));
#3827=DIRECTION('center_axis',(0.,0.,-1.));
#3828=DIRECTION('ref_axis',(1.,0.,0.));
#3829=DIRECTION('center_axis',(-3.87336203052912E-24,0.707106781186547,
-0.707106781186548));
#3830=DIRECTION('ref_axis',(-1.,0.,5.47776111555526E-24));
#3831=DIRECTION('',(-1.,0.,5.47776111555526E-24));
#3832=DIRECTION('',(-2.85562862302467E-16,0.707106781186548,0.707106781186547));
#3833=DIRECTION('',(1.,0.,-5.47776111555526E-24));
#3834=DIRECTION('',(-0.577350269189626,-0.577350269189626,-0.577350269189625));
#3835=DIRECTION('center_axis',(0.707106781186547,-3.26166715250124E-16,
-0.707106781186548));
#3836=DIRECTION('ref_axis',(-0.707106781186548,0.,-0.707106781186547));
#3837=DIRECTION('',(-4.61271576058232E-16,-1.,-2.18375682300382E-21));
#3838=DIRECTION('center_axis',(-0.707106781186547,3.26166715250124E-16,
0.707106781186548));
#3839=DIRECTION('ref_axis',(0.707106781186548,0.,0.707106781186547));
#3840=DIRECTION('',(4.61271576058232E-16,1.,2.18375682300382E-21));
#3841=DIRECTION('center_axis',(-5.47776111555526E-24,2.18375682300382E-21,
-1.));
#3842=DIRECTION('ref_axis',(-1.,0.,5.47776111555526E-24));
#3843=DIRECTION('center_axis',(-5.47776111555526E-24,2.18375682300382E-21,
-1.));
#3844=DIRECTION('ref_axis',(1.,0.,0.));
#3845=DIRECTION('',(4.03846872778229E-16,-1.,-2.18375682300382E-21));
#3846=DIRECTION('center_axis',(0.,0.,-1.));
#3847=DIRECTION('ref_axis',(1.,0.,0.));
#3848=DIRECTION('',(0.,0.,-1.));
#3849=DIRECTION('center_axis',(0.,0.,-1.));
#3850=DIRECTION('ref_axis',(1.,0.,0.));
#3851=DIRECTION('',(0.,0.,-1.));
#3852=DIRECTION('center_axis',(-3.87336203052912E-24,0.707106781186547,
-0.707106781186548));
#3853=DIRECTION('ref_axis',(-1.,0.,5.47776111555526E-24));
#3854=DIRECTION('',(1.,0.,-5.47776111555526E-24));
#3855=DIRECTION('',(2.85562862302467E-16,-0.707106781186548,-0.707106781186547));
#3856=DIRECTION('',(-1.,0.,5.47776111555526E-24));
#3857=DIRECTION('',(-0.577350269189626,0.577350269189627,0.577350269189625));
#3858=DIRECTION('center_axis',(-0.707106781186547,1.5441492580084E-21,-0.707106781186548));
#3859=DIRECTION('ref_axis',(-0.707106781186548,0.,0.707106781186547));
#3860=DIRECTION('',(0.,-1.,-2.18375682300382E-21));
#3861=DIRECTION('center_axis',(0.707106781186547,-1.5441492580084E-21,0.707106781186548));
#3862=DIRECTION('ref_axis',(0.707106781186548,0.,-0.707106781186547));
#3863=DIRECTION('',(0.,1.,2.18375682300382E-21));
#3864=DIRECTION('center_axis',(0.,1.,0.));
#3865=DIRECTION('ref_axis',(1.,0.,0.));
#3866=DIRECTION('',(0.,0.,-1.));
#3867=DIRECTION('',(-1.,0.,0.));
#3868=DIRECTION('',(0.,0.,-1.));
#3869=DIRECTION('center_axis',(-1.,0.,0.));
#3870=DIRECTION('ref_axis',(0.,1.,0.));
#3871=DIRECTION('',(0.,0.,-1.));
#3872=DIRECTION('',(0.,-1.,0.));
#3873=DIRECTION('center_axis',(0.,0.,-1.));
#3874=DIRECTION('ref_axis',(1.,0.,0.));
#3875=DIRECTION('center_axis',(-5.47776111555526E-24,2.18375682300382E-21,
-1.));
#3876=DIRECTION('ref_axis',(1.,0.,0.));
#3877=DIRECTION('',(0.,0.,-1.));
#3878=DIRECTION('center_axis',(0.,0.,-1.));
#3879=DIRECTION('ref_axis',(1.,0.,0.));
#3880=DIRECTION('center_axis',(0.,0.,-1.));
#3881=DIRECTION('ref_axis',(-1.,0.,0.));
#3882=DIRECTION('center_axis',(0.,0.,1.));
#3883=DIRECTION('ref_axis',(1.,0.,0.));
#3884=DIRECTION('center_axis',(0.,0.,1.));
#3885=DIRECTION('ref_axis',(1.,0.,0.));
#3886=DIRECTION('center_axis',(0.,0.,1.));
#3887=DIRECTION('ref_axis',(1.,0.,0.));
#3888=DIRECTION('center_axis',(-1.22464679914735E-16,-1.,0.));
#3889=DIRECTION('ref_axis',(1.,-1.22464679914735E-16,0.));
#3890=DIRECTION('center_axis',(0.,0.,-1.));
#3891=DIRECTION('ref_axis',(1.,0.,0.));
#3892=DIRECTION('center_axis',(0.,0.,1.));
#3893=DIRECTION('ref_axis',(1.,0.,0.));
#3894=DIRECTION('center_axis',(0.,1.,0.));
#3895=DIRECTION('ref_axis',(0.707106781186548,0.,0.707106781186547));
#3896=DIRECTION('',(0.,-1.,0.));
#3897=DIRECTION('center_axis',(0.,1.,0.));
#3898=DIRECTION('ref_axis',(0.,0.,1.));
#3899=DIRECTION('',(0.,-1.,0.));
#3900=DIRECTION('center_axis',(7.40148683083438E-16,-1.,0.));
#3901=DIRECTION('ref_axis',(1.,7.40148683083438E-16,1.85037170770859E-16));
#3902=DIRECTION('',(0.,-1.,0.));
#3903=DIRECTION('center_axis',(0.,0.,1.));
#3904=DIRECTION('ref_axis',(1.,0.,0.));
#3905=DIRECTION('',(-1.,3.95537038387943E-16,0.));
#3906=DIRECTION('center_axis',(0.,0.,1.));
#3907=DIRECTION('ref_axis',(1.,0.,0.));
#3908=DIRECTION('',(0.,1.,0.));
#3909=DIRECTION('',(-1.,3.95537038387943E-16,0.));
#3910=DIRECTION('center_axis',(0.,0.,1.));
#3911=DIRECTION('ref_axis',(1.,0.,0.));
#3912=DIRECTION('',(1.,0.,0.));
#3913=DIRECTION('',(0.,1.,0.));
#3914=DIRECTION('center_axis',(0.,0.,1.));
#3915=DIRECTION('ref_axis',(1.,0.,0.));
#3916=DIRECTION('',(1.,0.,0.));
#3917=DIRECTION('center_axis',(1.,-3.95537038387943E-16,0.));
#3918=DIRECTION('ref_axis',(0.,-0.707106781186548,0.707106781186547));
#3919=DIRECTION('center_axis',(1.,-7.40148683083438E-16,0.));
#3920=DIRECTION('ref_axis',(0.,0.,1.));
#3921=DIRECTION('',(-1.,3.95537038387943E-16,0.));
#3922=DIRECTION('center_axis',(-1.,7.40148683083437E-16,0.));
#3923=DIRECTION('ref_axis',(-7.40148683083437E-16,-1.,1.85037170770859E-16));
#3924=DIRECTION('center_axis',(0.,-1.,0.));
#3925=DIRECTION('ref_axis',(-0.707106781186548,0.,0.707106781186547));
#3926=DIRECTION('center_axis',(0.,-1.,0.));
#3927=DIRECTION('ref_axis',(0.,0.,1.));
#3928=DIRECTION('',(0.,1.,0.));
#3929=DIRECTION('center_axis',(0.,1.,0.));
#3930=DIRECTION('ref_axis',(-1.,0.,1.85037170770859E-16));
#3931=DIRECTION('center_axis',(-1.,0.,0.));
#3932=DIRECTION('ref_axis',(0.,0.707106781186548,0.707106781186547));
#3933=DIRECTION('center_axis',(-1.,0.,0.));
#3934=DIRECTION('ref_axis',(0.,0.,1.));
#3935=DIRECTION('',(1.,0.,0.));
#3936=DIRECTION('center_axis',(1.,-7.40148683083438E-16,0.));
#3937=DIRECTION('ref_axis',(7.40148683083438E-16,1.,1.85037170770859E-16));
#3938=DIRECTION('center_axis',(-0.816496580927726,-0.408248290463863,-0.408248290463862));
#3939=DIRECTION('ref_axis',(-0.577350269189625,0.577350269189626,0.577350269189626));
#3940=DIRECTION('center_axis',(0.,0.,1.));
#3941=DIRECTION('ref_axis',(-0.707106781186546,0.707106781186549,0.));
#3942=DIRECTION('center_axis',(0.408248290463863,0.408248290463863,-0.816496580927726));
#3943=DIRECTION('ref_axis',(0.577350269189626,0.577350269189625,0.577350269189626));
#3944=DIRECTION('center_axis',(0.,0.,1.));
#3945=DIRECTION('ref_axis',(0.707106781186547,0.707106781186547,0.));
#3946=DIRECTION('center_axis',(-0.816496580927727,-0.408248290463862,0.408248290463862));
#3947=DIRECTION('ref_axis',(0.577350269189625,-0.577350269189626,0.577350269189626));
#3948=DIRECTION('center_axis',(0.,0.,1.));
#3949=DIRECTION('ref_axis',(0.707106781186547,-0.707106781186547,0.));
#3950=DIRECTION('center_axis',(0.408248290463863,-0.816496580927726,-0.408248290463863));
#3951=DIRECTION('ref_axis',(-0.577350269189626,-0.577350269189625,0.577350269189626));
#3952=DIRECTION('center_axis',(0.,0.,1.));
#3953=DIRECTION('ref_axis',(-0.707106781186549,-0.707106781186546,0.));
#3954=DIRECTION('center_axis',(0.,0.,-1.));
#3955=DIRECTION('ref_axis',(-1.,0.,0.));
#3956=DIRECTION('center_axis',(0.,0.,1.));
#3957=DIRECTION('ref_axis',(-1.,0.,0.));
#3958=DIRECTION('',(-0.857167300702112,-1.04972719113862E-16,0.515038074910054));
#3959=DIRECTION('center_axis',(0.,0.,1.));
#3960=DIRECTION('ref_axis',(-1.,0.,0.));
#3961=DIRECTION('center_axis',(5.47776111555526E-24,-2.18375682300382E-21,
1.));
#3962=DIRECTION('ref_axis',(-1.,0.,0.));
#3963=DIRECTION('',(0.,0.,1.));
#3964=DIRECTION('center_axis',(0.,0.,-1.));
#3965=DIRECTION('ref_axis',(-1.,0.,0.));
#3966=DIRECTION('center_axis',(0.,0.,1.));
#3967=DIRECTION('ref_axis',(-1.,0.,0.));
#3968=DIRECTION('',(-0.857167300702112,-1.04972719113862E-16,0.515038074910054));
#3969=DIRECTION('center_axis',(0.,0.,1.));
#3970=DIRECTION('ref_axis',(-1.,0.,0.));
#3971=DIRECTION('center_axis',(5.47776111555526E-24,-2.18375682300382E-21,
1.));
#3972=DIRECTION('ref_axis',(-1.,0.,0.));
#3973=DIRECTION('',(0.,0.,1.));
#3974=DIRECTION('center_axis',(1.,4.03846872778229E-16,0.));
#3975=DIRECTION('ref_axis',(4.03846872778229E-16,-1.,0.));
#3976=DIRECTION('',(-4.03846872778229E-16,1.,0.));
#3977=DIRECTION('',(-4.03846872778229E-16,1.,2.18375682300382E-21));
#3978=DIRECTION('center_axis',(-5.47776111555526E-24,2.18375682300382E-21,
-1.));
#3979=DIRECTION('ref_axis',(-1.,0.,5.47776111555526E-24));
#3980=DIRECTION('center_axis',(-0.707106781186551,0.707106781186544,0.));
#3981=DIRECTION('ref_axis',(0.707106781186544,0.707106781186551,0.));
#3982=DIRECTION('',(-0.707106781186544,-0.707106781186551,0.));
#3983=DIRECTION('',(-0.707106781186544,-0.707106781186551,-1.54027589597788E-21));
#3984=DIRECTION('center_axis',(-5.47776111555526E-24,2.18375682300382E-21,
-1.));
#3985=DIRECTION('ref_axis',(-1.,0.,5.47776111555526E-24));
#3986=DIRECTION('center_axis',(1.,-4.61271576058232E-16,0.));
#3987=DIRECTION('ref_axis',(-4.61271576058232E-16,-1.,0.));
#3988=DIRECTION('',(0.,0.,-1.));
#3989=DIRECTION('',(4.61271576058232E-16,1.,0.));
#3990=DIRECTION('center_axis',(0.,1.,0.));
#3991=DIRECTION('ref_axis',(1.,0.,0.));
#3992=DIRECTION('',(0.,0.,-1.));
#3993=DIRECTION('',(-1.,0.,0.));
#3994=DIRECTION('center_axis',(-1.,-4.03846872778229E-16,0.));
#3995=DIRECTION('ref_axis',(-4.03846872778229E-16,1.,0.));
#3996=DIRECTION('',(4.03846872778229E-16,-1.,0.));
#3997=DIRECTION('center_axis',(0.,-1.,0.));
#3998=DIRECTION('ref_axis',(-1.,0.,0.));
#3999=DIRECTION('',(0.,0.,-1.));
#4000=DIRECTION('',(1.,0.,0.));
#4001=DIRECTION('center_axis',(0.707106781186554,0.707106781186541,0.));
#4002=DIRECTION('ref_axis',(0.707106781186541,-0.707106781186554,0.));
#4003=DIRECTION('',(-0.707106781186541,0.707106781186554,0.));
#4004=DIRECTION('center_axis',(0.,0.,1.));
#4005=DIRECTION('ref_axis',(1.,0.,0.));
#4006=DIRECTION('axis',(0.,0.,1.));
#4007=DIRECTION('refdir',(1.,0.,0.));
#4008=DIRECTION('center_axis',(-9.88842595969857E-17,-1.,0.));
#4009=DIRECTION('ref_axis',(0.707106781186549,0.,-0.707106781186546));
#4010=DIRECTION('center_axis',(0.,-1.,0.));
#4011=DIRECTION('ref_axis',(0.,0.,-1.));
#4012=DIRECTION('',(-9.88842595969857E-17,-1.,0.));
#4013=DIRECTION('center_axis',(0.,1.,0.));
#4014=DIRECTION('ref_axis',(1.,0.,0.));
#4015=DIRECTION('',(9.88842595969857E-17,1.,0.));
#4016=DIRECTION('center_axis',(1.,1.97768519193971E-16,0.));
#4017=DIRECTION('ref_axis',(0.,0.707106781186547,-0.707106781186547));
#4018=DIRECTION('center_axis',(1.,0.,0.));
#4019=DIRECTION('ref_axis',(0.,0.,-1.));
#4020=DIRECTION('',(1.,1.97768519193971E-16,0.));
#4021=DIRECTION('center_axis',(-1.,0.,0.));
#4022=DIRECTION('ref_axis',(0.,1.,0.));
#4023=DIRECTION('',(-1.,-1.97768519193971E-16,0.));
#4024=DIRECTION('center_axis',(-0.816496580927726,0.408248290463863,-0.408248290463862));
#4025=DIRECTION('ref_axis',(0.577350269189625,0.577350269189627,-0.577350269189625));
#4026=DIRECTION('center_axis',(0.,0.,-1.));
#4027=DIRECTION('ref_axis',(0.707106781186547,0.707106781186548,0.));
#4028=DIRECTION('center_axis',(9.88842595969857E-17,1.,0.));
#4029=DIRECTION('ref_axis',(-0.707106781186547,0.,-0.707106781186547));
#4030=DIRECTION('center_axis',(0.,1.,0.));
#4031=DIRECTION('ref_axis',(0.,0.,-1.));
#4032=DIRECTION('',(9.88842595969857E-17,1.,0.));
#4033=DIRECTION('center_axis',(0.,-1.,0.));
#4034=DIRECTION('ref_axis',(-1.,0.,0.));
#4035=DIRECTION('',(-9.88842595969857E-17,-1.,0.));
#4036=DIRECTION('center_axis',(-0.816496580927726,-0.408248290463863,0.408248290463862));
#4037=DIRECTION('ref_axis',(-0.577350269189626,0.577350269189626,-0.577350269189625));
#4038=DIRECTION('center_axis',(0.,0.,-1.));
#4039=DIRECTION('ref_axis',(-0.707106781186547,0.707106781186547,0.));
#4040=DIRECTION('center_axis',(-1.,1.97768519193971E-16,0.));
#4041=DIRECTION('ref_axis',(0.,-0.707106781186547,-0.707106781186547));
#4042=DIRECTION('center_axis',(-1.,0.,0.));
#4043=DIRECTION('ref_axis',(0.,0.,-1.));
#4044=DIRECTION('',(-1.,1.97768519193971E-16,0.));
#4045=DIRECTION('center_axis',(1.,7.40148683083438E-16,0.));
#4046=DIRECTION('ref_axis',(7.40148683083438E-16,-1.,0.));
#4047=DIRECTION('',(1.,-1.97768519193971E-16,0.));
#4048=DIRECTION('center_axis',(0.408248290463863,0.408248290463863,-0.816496580927726));
#4049=DIRECTION('ref_axis',(-0.577350269189626,-0.577350269189626,-0.577350269189625));
#4050=DIRECTION('center_axis',(0.,0.,-1.));
#4051=DIRECTION('ref_axis',(-0.707106781186548,-0.707106781186547,0.));
#4052=DIRECTION('center_axis',(-0.816496580927726,-0.408248290463863,-0.408248290463862));
#4053=DIRECTION('ref_axis',(0.577350269189626,-0.577350269189626,-0.577350269189625));
#4054=DIRECTION('center_axis',(0.,0.,-1.));
#4055=DIRECTION('ref_axis',(0.707106781186547,-0.707106781186547,0.));
#4056=DIRECTION('center_axis',(0.,0.,-1.));
#4057=DIRECTION('ref_axis',(-1.,0.,0.));
#4058=DIRECTION('center_axis',(0.,0.,1.));
#4059=DIRECTION('ref_axis',(-1.,0.,0.));
#4060=DIRECTION('center_axis',(0.,0.,1.));
#4061=DIRECTION('ref_axis',(-1.,0.,0.));
#4062=DIRECTION('center_axis',(0.,0.,-1.));
#4063=DIRECTION('ref_axis',(1.,0.,0.));
#4064=DIRECTION('center_axis',(0.,0.,-1.));
#4065=DIRECTION('ref_axis',(-1.,0.,0.));
#4066=DIRECTION('center_axis',(0.,0.,-1.));
#4067=DIRECTION('ref_axis',(-1.,0.,0.));
#4068=DIRECTION('center_axis',(0.,0.,1.));
#4069=DIRECTION('ref_axis',(-1.,0.,0.));
#4070=DIRECTION('center_axis',(0.,0.,1.));
#4071=DIRECTION('ref_axis',(-1.,0.,0.));
#4072=DIRECTION('center_axis',(0.,0.,1.));
#4073=DIRECTION('ref_axis',(-1.,0.,0.));
#4074=DIRECTION('center_axis',(0.,0.,1.));
#4075=DIRECTION('ref_axis',(-1.,0.,0.));
#4076=DIRECTION('',(0.,0.,1.));
#4077=DIRECTION('center_axis',(0.,0.,1.));
#4078=DIRECTION('ref_axis',(-1.,0.,0.));
#4079=DIRECTION('',(0.,0.,1.));
#4080=DIRECTION('center_axis',(0.,0.,1.));
#4081=DIRECTION('ref_axis',(-1.,0.,0.));
#4082=DIRECTION('center_axis',(0.,0.,1.));
#4083=DIRECTION('ref_axis',(-1.,0.,0.));
#4084=DIRECTION('center_axis',(0.,0.,1.));
#4085=DIRECTION('ref_axis',(-1.,0.,0.));
#4086=DIRECTION('center_axis',(0.,0.,1.));
#4087=DIRECTION('ref_axis',(-1.,0.,0.));
#4088=DIRECTION('',(0.,0.,1.));
#4089=DIRECTION('center_axis',(0.,0.,1.));
#4090=DIRECTION('ref_axis',(-1.,0.,0.));
#4091=DIRECTION('',(0.,0.,1.));
#4092=DIRECTION('axis',(0.,0.,1.));
#4093=DIRECTION('refdir',(1.,0.,0.));
#4094=DIRECTION('center_axis',(0.,1.,0.));
#4095=DIRECTION('ref_axis',(-1.,0.,0.));
#4096=DIRECTION('',(1.,0.,0.));
#4097=DIRECTION('',(0.,0.,1.));
#4098=DIRECTION('',(-1.,0.,0.));
#4099=DIRECTION('',(0.,0.,1.));
#4100=DIRECTION('center_axis',(-1.,0.,0.));
#4101=DIRECTION('ref_axis',(0.,-1.,0.));
#4102=DIRECTION('',(0.,1.,0.));
#4103=DIRECTION('',(0.,-1.,0.));
#4104=DIRECTION('',(0.,0.,1.));
#4105=DIRECTION('center_axis',(0.,-1.,0.));
#4106=DIRECTION('ref_axis',(1.,0.,0.));
#4107=DIRECTION('',(-1.,0.,0.));
#4108=DIRECTION('',(1.,0.,0.));
#4109=DIRECTION('',(0.,0.,1.));
#4110=DIRECTION('center_axis',(1.,0.,0.));
#4111=DIRECTION('ref_axis',(0.,1.,0.));
#4112=DIRECTION('',(0.,-1.,0.));
#4113=DIRECTION('',(0.,1.,0.));
#4114=DIRECTION('center_axis',(-1.,0.,0.));
#4115=DIRECTION('ref_axis',(0.,-1.,0.));
#4116=DIRECTION('',(0.,1.,0.));
#4117=DIRECTION('',(0.,0.,1.));
#4118=DIRECTION('',(0.,-1.,0.));
#4119=DIRECTION('',(0.,0.,1.));
#4120=DIRECTION('center_axis',(-2.73201605567556E-16,1.,0.));
#4121=DIRECTION('ref_axis',(-1.,-2.73201605567556E-16,0.));
#4122=DIRECTION('',(-1.,-2.73201605567556E-16,0.));
#4123=DIRECTION('',(-1.,-2.73201605567556E-16,0.));
#4124=DIRECTION('',(0.,0.,1.));
#4125=DIRECTION('center_axis',(1.,0.,0.));
#4126=DIRECTION('ref_axis',(0.,1.,0.));
#4127=DIRECTION('',(0.,-1.,0.));
#4128=DIRECTION('',(0.,1.,0.));
#4129=DIRECTION('',(0.,0.,1.));
#4130=DIRECTION('center_axis',(0.,1.,0.));
#4131=DIRECTION('ref_axis',(-1.,0.,0.));
#4132=DIRECTION('',(1.,0.,0.));
#4133=DIRECTION('',(-1.,0.,0.));
#4134=DIRECTION('',(0.,0.,1.));
#4135=DIRECTION('center_axis',(-1.,3.08395284618099E-16,0.));
#4136=DIRECTION('ref_axis',(-3.08395284618099E-16,-1.,0.));
#4137=DIRECTION('',(3.08395284618099E-16,1.,0.));
#4138=DIRECTION('',(-3.08395284618099E-16,-1.,0.));
#4139=DIRECTION('',(0.,0.,1.));
#4140=DIRECTION('center_axis',(0.,1.,0.));
#4141=DIRECTION('ref_axis',(-1.,0.,0.));
#4142=DIRECTION('',(-1.,0.,0.));
#4143=DIRECTION('',(-1.,0.,0.));
#4144=DIRECTION('',(0.,0.,1.));
#4145=DIRECTION('center_axis',(1.,-2.04901204175667E-16,0.));
#4146=DIRECTION('ref_axis',(2.04901204175667E-16,1.,0.));
#4147=DIRECTION('',(2.04901204175667E-16,1.,0.));
#4148=DIRECTION('',(2.04901204175667E-16,1.,0.));
#4149=DIRECTION('',(0.,0.,1.));
#4150=DIRECTION('center_axis',(1.02450602087834E-15,-1.,0.));
#4151=DIRECTION('ref_axis',(1.,1.02450602087834E-15,0.));
#4152=DIRECTION('',(1.,1.02450602087834E-15,0.));
#4153=DIRECTION('',(1.,1.02450602087834E-15,0.));
#4154=DIRECTION('',(0.,0.,1.));
#4155=DIRECTION('center_axis',(-1.,0.,0.));
#4156=DIRECTION('ref_axis',(0.,-1.,0.));
#4157=DIRECTION('',(0.,-1.,0.));
#4158=DIRECTION('',(0.,-1.,0.));
#4159=DIRECTION('',(0.,0.,1.));
#4160=DIRECTION('center_axis',(0.,-1.,0.));
#4161=DIRECTION('ref_axis',(1.,0.,0.));
#4162=DIRECTION('',(-1.,0.,0.));
#4163=DIRECTION('',(1.,0.,0.));
#4164=DIRECTION('center_axis',(0.,0.,-1.));
#4165=DIRECTION('ref_axis',(-1.,0.,0.));
#4166=DIRECTION('center_axis',(0.,0.,1.));
#4167=DIRECTION('ref_axis',(1.,0.,0.));
#4168=DIRECTION('',(0.,0.,1.));
#4169=DIRECTION('',(1.,0.,0.));
#4170=DIRECTION('',(0.,0.,1.));
#4171=DIRECTION('',(1.,0.,0.));
#4172=DIRECTION('',(0.,0.,1.));
#4173=DIRECTION('',(1.,0.,0.));
#4174=DIRECTION('',(0.,0.,1.));
#4175=DIRECTION('',(1.,0.,0.));
#4176=CARTESIAN_POINT('',(0.,0.,0.));
#4177=CARTESIAN_POINT('',(0.,0.,0.));
#4178=CARTESIAN_POINT('Origin',(-6.05852485596872,-21.455,2.2));
#4179=CARTESIAN_POINT('',(-6.05852485596872,-21.455,-7.725));
#4180=CARTESIAN_POINT('',(-8.05852485596867,-19.455,-7.725));
#4181=CARTESIAN_POINT('',(-4.79389364197657,-22.7196312139922,-7.725));
#4182=CARTESIAN_POINT('',(-8.05852485596867,-19.455,-6.975));
#4183=CARTESIAN_POINT('',(-8.05852485596867,-19.455,2.2));
#4184=CARTESIAN_POINT('',(-8.05852485596867,-19.455,2.2));
#4185=CARTESIAN_POINT('',(-8.05852485596865,-19.455,2.2));
#4186=CARTESIAN_POINT('',(-6.05852485596872,-21.455,2.2));
#4187=CARTESIAN_POINT('',(-9.90764364197657,-17.6058812139921,2.2));
#4188=CARTESIAN_POINT('',(-6.05852485596872,-21.455,2.2));
#4189=CARTESIAN_POINT('Origin',(6.05852485596867,-21.455,2.2));
#4190=CARTESIAN_POINT('',(6.0157244240062,-21.455,-4.945));
#4191=CARTESIAN_POINT('',(3.2357285464103,-21.455,-7.725));
#4192=CARTESIAN_POINT('Ctrl Pts',(6.0157244240062,-21.455,-4.945));
#4193=CARTESIAN_POINT('Ctrl Pts',(6.0157244240062,-21.455,-5.43247728366105));
#4194=CARTESIAN_POINT('Ctrl Pts',(5.88462910089006,-21.455,-5.91934057763457));
#4195=CARTESIAN_POINT('Ctrl Pts',(5.63985449700247,-21.455,-6.34090876209759));
#4196=CARTESIAN_POINT('Ctrl Pts',(5.15373469568696,-21.455,-7.17813876397398));
#4197=CARTESIAN_POINT('Ctrl Pts',(4.20385525854955,-21.455,-7.725));
#4198=CARTESIAN_POINT('Ctrl Pts',(3.2357285464103,-21.455,-7.725));
#4199=CARTESIAN_POINT('',(6.0157244240062,-21.455,-4.345));
#4200=CARTESIAN_POINT('',(6.0157244240062,-21.455,-1.0725));
#4201=CARTESIAN_POINT('',(3.2357285464103,-21.455,-1.565));
#4202=CARTESIAN_POINT('Ctrl Pts',(3.2357285464103,-21.455,-1.565));
#4203=CARTESIAN_POINT('Ctrl Pts',(3.72320680143221,-21.455,-1.565));
#4204=CARTESIAN_POINT('Ctrl Pts',(4.21007095057016,-21.455,-1.69609656624764));
#4205=CARTESIAN_POINT('Ctrl Pts',(4.63163886682369,-21.455,-1.9408725910677));
#4206=CARTESIAN_POINT('Ctrl Pts',(5.46886833603883,-21.455,-2.4269952143402));
#4207=CARTESIAN_POINT('Ctrl Pts',(6.0157244240062,-21.455,-3.37687521697325));
#4208=CARTESIAN_POINT('Ctrl Pts',(6.0157244240062,-21.455,-4.345));
#4209=CARTESIAN_POINT('',(-3.14425090598193,-21.455,-1.565));
#4210=CARTESIAN_POINT('',(1.45713697499346,-21.455,-1.565));
#4211=CARTESIAN_POINT('',(-5.92424678357782,-21.455,-4.345));
#4212=CARTESIAN_POINT('Ctrl Pts',(-5.92424678357782,-21.455,-4.345));
#4213=CARTESIAN_POINT('Ctrl Pts',(-5.92424678357782,-21.455,-3.85752271633895));
#4214=CARTESIAN_POINT('Ctrl Pts',(-5.79315146046168,-21.455,-3.37065942236543));
#4215=CARTESIAN_POINT('Ctrl Pts',(-5.54837685657409,-21.455,-2.94909123790241));
#4216=CARTESIAN_POINT('Ctrl Pts',(-5.06225705525858,-21.455,-2.11186123602602));
#4217=CARTESIAN_POINT('Ctrl Pts',(-4.11237761812117,-21.455,-1.565));
#4218=CARTESIAN_POINT('Ctrl Pts',(-3.14425090598193,-21.455,-1.565));
#4219=CARTESIAN_POINT('',(-5.92424678357768,-21.455,-4.945));
#4220=CARTESIAN_POINT('',(-5.92424678357872,-21.455,-1.37250000000182));
#4221=CARTESIAN_POINT('',(-3.14425090598178,-21.455,-7.725));
#4222=CARTESIAN_POINT('Ctrl Pts',(-3.14425090598178,-21.455,-7.725));
#4223=CARTESIAN_POINT('Ctrl Pts',(-3.63172916100369,-21.455,-7.725));
#4224=CARTESIAN_POINT('Ctrl Pts',(-4.11859331014164,-21.455,-7.59390343375236));
#4225=CARTESIAN_POINT('Ctrl Pts',(-4.54016122639517,-21.455,-7.3491274089323));
#4226=CARTESIAN_POINT('Ctrl Pts',(-5.37739069561031,-21.455,-6.8630047856598));
#4227=CARTESIAN_POINT('Ctrl Pts',(-5.92424678357768,-21.455,-5.91312478302675));
#4228=CARTESIAN_POINT('Ctrl Pts',(-5.92424678357768,-21.455,-4.945));
#4229=CARTESIAN_POINT('',(3.02926242798433,-21.455,-7.725));
#4230=CARTESIAN_POINT('',(6.05852485596867,-21.455,2.2));
#4231=CARTESIAN_POINT('',(3.02926242798433,-21.455,2.2));
#4232=CARTESIAN_POINT('',(6.05852485596867,-21.455,-7.725));
#4233=CARTESIAN_POINT('',(6.05852485596867,-21.455,2.2));
#4234=CARTESIAN_POINT('',(3.02926242798433,-21.455,-7.725));
#4235=CARTESIAN_POINT('Origin',(8.05852485596864,-19.455,2.2));
#4236=CARTESIAN_POINT('',(8.05852485596864,-19.455,-7.725));
#4237=CARTESIAN_POINT('',(5.7938936419765,-21.7196312139922,-7.725));
#4238=CARTESIAN_POINT('',(8.05852485596864,-19.455,2.2));
#4239=CARTESIAN_POINT('',(10.9076436419765,-16.6058812139921,2.2));
#4240=CARTESIAN_POINT('',(8.05852485596864,-19.455,-6.975));
#4241=CARTESIAN_POINT('',(8.05852485596862,-19.455,2.2));
#4242=CARTESIAN_POINT('',(8.05852485596864,-19.455,2.2));
#4243=CARTESIAN_POINT('Origin',(-8.88178419700125E-15,4.44089209850063E-15,
2.2));
#4244=CARTESIAN_POINT('',(-22.455,19.455,2.2));
#4245=CARTESIAN_POINT('',(-19.455,22.455,2.2));
#4246=CARTESIAN_POINT('Origin',(-19.455,19.455,2.2));
#4247=CARTESIAN_POINT('',(-22.455,-19.455,2.2));
#4248=CARTESIAN_POINT('',(-22.455,-22.455,2.2));
#4249=CARTESIAN_POINT('',(-19.455,-22.455,2.2));
#4250=CARTESIAN_POINT('Origin',(-19.455,-19.455,2.2));
#4251=CARTESIAN_POINT('',(19.455,-22.455,2.2));
#4252=CARTESIAN_POINT('',(22.455,-22.455,2.2));
#4253=CARTESIAN_POINT('',(22.455,-19.455,2.2));
#4254=CARTESIAN_POINT('Origin',(19.455,-19.455,2.2));
#4255=CARTESIAN_POINT('',(22.455,19.455,2.2));
#4256=CARTESIAN_POINT('',(22.455,22.455,2.2));
#4257=CARTESIAN_POINT('',(19.455,22.455,2.2));
#4258=CARTESIAN_POINT('Origin',(19.455,19.455,2.2));
#4259=CARTESIAN_POINT('',(-22.455,22.455,2.2));
#4260=CARTESIAN_POINT('',(-19.455,-19.455,2.2));
#4261=CARTESIAN_POINT('',(-19.455,-19.455,2.2));
#4262=CARTESIAN_POINT('',(-19.455,19.455,2.2));
#4263=CARTESIAN_POINT('',(-19.455,19.455,2.2));
#4264=CARTESIAN_POINT('',(19.455,19.455,2.2));
#4265=CARTESIAN_POINT('',(19.455,19.455,2.2));
#4266=CARTESIAN_POINT('',(19.455,-19.455,2.2));
#4267=CARTESIAN_POINT('',(19.455,-19.455,2.2));
#4268=CARTESIAN_POINT('',(-19.455,-19.455,2.2));
#4269=CARTESIAN_POINT('Origin',(-19.455,-19.455,2.2));
#4270=CARTESIAN_POINT('',(-19.455,-19.455,-6.975));
#4271=CARTESIAN_POINT('',(-9.7275,-19.455,-6.975));
#4272=CARTESIAN_POINT('',(-19.455,-19.455,2.2));
#4273=CARTESIAN_POINT('Ctrl Pts',(6.0157244240062,-22.455,-4.945));
#4274=CARTESIAN_POINT('Ctrl Pts',(6.0157244240062,-19.155,-4.945));
#4275=CARTESIAN_POINT('Ctrl Pts',(6.0157244240062,-22.455,-5.43247728366105));
#4276=CARTESIAN_POINT('Ctrl Pts',(6.0157244240062,-19.155,-5.43247728366105));
#4277=CARTESIAN_POINT('Ctrl Pts',(5.88462910089006,-22.455,-5.91934057763457));
#4278=CARTESIAN_POINT('Ctrl Pts',(5.88462910089007,-19.155,-5.91934057763457));
#4279=CARTESIAN_POINT('Ctrl Pts',(5.63985449700247,-22.455,-6.34090876209759));
#4280=CARTESIAN_POINT('Ctrl Pts',(5.63985449700247,-19.155,-6.34090876209759));
#4281=CARTESIAN_POINT('Ctrl Pts',(5.15373469568696,-22.455,-7.17813876397398));
#4282=CARTESIAN_POINT('Ctrl Pts',(5.15373469568696,-19.155,-7.17813876397398));
#4283=CARTESIAN_POINT('Ctrl Pts',(4.20385525854955,-22.455,-7.725));
#4284=CARTESIAN_POINT('Ctrl Pts',(4.20385525854955,-19.155,-7.725));
#4285=CARTESIAN_POINT('Ctrl Pts',(3.2357285464103,-22.455,-7.725));
#4286=CARTESIAN_POINT('Ctrl Pts',(3.23572854641031,-19.155,-7.725));
#4287=CARTESIAN_POINT('',(3.2357285464103,-22.455,-7.725));
#4288=CARTESIAN_POINT('',(3.2357285464103,-22.455,-7.725));
#4289=CARTESIAN_POINT('',(6.0157244240062,-22.455,-4.945));
#4290=CARTESIAN_POINT('Ctrl Pts',(6.0157244240062,-22.455,-4.945));
#4291=CARTESIAN_POINT('Ctrl Pts',(6.0157244240062,-22.455,-5.43247728366105));
#4292=CARTESIAN_POINT('Ctrl Pts',(5.88462910089006,-22.455,-5.91934057763457));
#4293=CARTESIAN_POINT('Ctrl Pts',(5.63985449700247,-22.455,-6.34090876209759));
#4294=CARTESIAN_POINT('Ctrl Pts',(5.15373469568696,-22.455,-7.17813876397398));
#4295=CARTESIAN_POINT('Ctrl Pts',(4.20385525854955,-22.455,-7.725));
#4296=CARTESIAN_POINT('Ctrl Pts',(3.2357285464103,-22.455,-7.725));
#4297=CARTESIAN_POINT('',(6.0157244240062,-22.455,-4.945));
#4298=CARTESIAN_POINT('Origin',(3.2357285464103,-22.455,-7.725));
#4299=CARTESIAN_POINT('',(-3.14425090598178,-22.455,-7.725));
#4300=CARTESIAN_POINT('',(-3.14425090598178,-22.455,-7.725));
#4301=CARTESIAN_POINT('',(12.8453642732051,-22.455,-7.725));
#4302=CARTESIAN_POINT('',(-8.10963572679485,-19.455,-7.725));
#4303=CARTESIAN_POINT('Ctrl Pts',(-3.14425090598178,-22.455,-7.725));
#4304=CARTESIAN_POINT('Ctrl Pts',(-3.14425090598178,-19.155,-7.725));
#4305=CARTESIAN_POINT('Ctrl Pts',(-3.63172916100369,-22.455,-7.725));
#4306=CARTESIAN_POINT('Ctrl Pts',(-3.63172916100369,-19.155,-7.725));
#4307=CARTESIAN_POINT('Ctrl Pts',(-4.11859331014164,-22.455,-7.59390343375236));
#4308=CARTESIAN_POINT('Ctrl Pts',(-4.11859331014164,-19.155,-7.59390343375236));
#4309=CARTESIAN_POINT('Ctrl Pts',(-4.54016122639517,-22.455,-7.3491274089323));
#4310=CARTESIAN_POINT('Ctrl Pts',(-4.54016122639516,-19.155,-7.3491274089323));
#4311=CARTESIAN_POINT('Ctrl Pts',(-5.37739069561031,-22.455,-6.8630047856598));
#4312=CARTESIAN_POINT('Ctrl Pts',(-5.37739069561031,-19.155,-6.8630047856598));
#4313=CARTESIAN_POINT('Ctrl Pts',(-5.92424678357768,-22.455,-5.91312478302675));
#4314=CARTESIAN_POINT('Ctrl Pts',(-5.92424678357768,-19.155,-5.91312478302675));
#4315=CARTESIAN_POINT('Ctrl Pts',(-5.92424678357768,-22.455,-4.945));
#4316=CARTESIAN_POINT('Ctrl Pts',(-5.92424678357768,-19.155,-4.945));
#4317=CARTESIAN_POINT('',(-5.92424678357768,-22.455,-4.945));
#4318=CARTESIAN_POINT('',(-5.92424678357768,-22.455,-4.945));
#4319=CARTESIAN_POINT('Ctrl Pts',(-3.14425090598178,-22.455,-7.725));
#4320=CARTESIAN_POINT('Ctrl Pts',(-3.63172916100369,-22.455,-7.725));
#4321=CARTESIAN_POINT('Ctrl Pts',(-4.11859331014164,-22.455,-7.59390343375236));
#4322=CARTESIAN_POINT('Ctrl Pts',(-4.54016122639517,-22.455,-7.3491274089323));
#4323=CARTESIAN_POINT('Ctrl Pts',(-5.37739069561031,-22.455,-6.8630047856598));
#4324=CARTESIAN_POINT('Ctrl Pts',(-5.92424678357768,-22.455,-5.91312478302675));
#4325=CARTESIAN_POINT('Ctrl Pts',(-5.92424678357768,-22.455,-4.945));
#4326=CARTESIAN_POINT('Origin',(-5.92424678357764,-22.455,-4.945));
#4327=CARTESIAN_POINT('',(-5.92424678357782,-22.455,-4.345));
#4328=CARTESIAN_POINT('',(-5.92424678357782,-22.455,-4.345));
#4329=CARTESIAN_POINT('',(-5.92424678357872,-22.455,-1.37250000000431));
#4330=CARTESIAN_POINT('Origin',(-22.455,3.50000000000001,-19.755));
#4331=CARTESIAN_POINT('',(-22.455,3.50000000000001,-19.755));
#4332=CARTESIAN_POINT('',(-22.455,4.49999999998429,-19.755));
#4333=CARTESIAN_POINT('',(-22.455,-9.47749999999998,-19.755));
#4334=CARTESIAN_POINT('',(-21.455,3.50000000000001,-19.755));
#4335=CARTESIAN_POINT('',(-22.455,3.50000000000001,-19.755));
#4336=CARTESIAN_POINT('',(-21.455,4.49999999998429,-19.755));
#4337=CARTESIAN_POINT('',(-21.455,-4.49999999998425,-19.755));
#4338=CARTESIAN_POINT('',(-22.455,4.49999999998429,-19.755));
#4339=CARTESIAN_POINT('Origin',(-22.455,3.50000000000001,-14.755));
#4340=CARTESIAN_POINT('',(-22.455,3.50000000000001,-14.755));
#4341=CARTESIAN_POINT('',(-22.455,3.50000000000001,-6.2775));
#4342=CARTESIAN_POINT('',(-21.455,3.50000000000001,-14.755));
#4343=CARTESIAN_POINT('',(-22.455,3.50000000000001,-14.755));
#4344=CARTESIAN_POINT('',(-21.455,3.50000000000001,-14.755));
#4345=CARTESIAN_POINT('Origin',(-22.455,4.49999999998429,-14.755));
#4346=CARTESIAN_POINT('',(-22.455,4.49999999998429,-14.755));
#4347=CARTESIAN_POINT('',(-22.455,-8.97750000000785,-14.755));
#4348=CARTESIAN_POINT('',(-21.455,4.49999999998429,-14.755));
#4349=CARTESIAN_POINT('',(-22.455,4.49999999998429,-14.755));
#4350=CARTESIAN_POINT('',(-21.455,4.49999999998429,-14.755));
#4351=CARTESIAN_POINT('Origin',(-22.455,4.49999999998429,-19.755));
#4352=CARTESIAN_POINT('',(-22.455,4.49999999998428,-8.7775));
#4353=CARTESIAN_POINT('',(-21.455,4.49999999998429,-19.755));
#4354=CARTESIAN_POINT('Origin',(-21.455,3.99999999999215,-17.255));
#4355=CARTESIAN_POINT('Origin',(-22.455,9.13158437754191E-14,-19.755));
#4356=CARTESIAN_POINT('',(-22.455,9.11814804431966E-14,-19.755));
#4357=CARTESIAN_POINT('',(-22.455,2.50000000000001,-17.2549999999999));
#4358=CARTESIAN_POINT('',(-22.455,-0.12499999999956,-19.8799999999997));
#4359=CARTESIAN_POINT('',(-21.455,9.10830345975193E-14,-19.755));
#4360=CARTESIAN_POINT('',(-22.455,9.11814804431966E-14,-19.755));
#4361=CARTESIAN_POINT('',(-21.455,2.50000000000001,-17.2549999999999));
#4362=CARTESIAN_POINT('',(-21.455,2.50000000000001,-17.2549999999999));
#4363=CARTESIAN_POINT('',(-22.455,2.50000000000001,-17.2549999999999));
#4364=CARTESIAN_POINT('Origin',(-22.455,-2.49999999999999,-17.2550000000001));
#4365=CARTESIAN_POINT('',(-22.455,-2.49999999999999,-17.2550000000001));
#4366=CARTESIAN_POINT('',(-22.455,-12.3525000000003,-7.40250000000038));
#4367=CARTESIAN_POINT('',(-21.455,-2.49999999999999,-17.2550000000001));
#4368=CARTESIAN_POINT('',(-22.455,-2.49999999999999,-17.2550000000001));
#4369=CARTESIAN_POINT('',(-21.455,9.10830345975193E-14,-19.755));
#4370=CARTESIAN_POINT('Origin',(-22.455,-7.35522753814166E-14,-14.755));
#4371=CARTESIAN_POINT('',(-22.455,-7.37438506009003E-14,-14.755));
#4372=CARTESIAN_POINT('',(-22.455,-1.37499999999969,-16.1299999999997));
#4373=CARTESIAN_POINT('',(-21.455,-7.38422964465775E-14,-14.755));
#4374=CARTESIAN_POINT('',(-22.455,-7.37438506009003E-14,-14.755));
#4375=CARTESIAN_POINT('',(-21.455,-2.49999999999999,-17.2550000000001));
#4376=CARTESIAN_POINT('Origin',(-22.455,2.50000000000001,-17.2549999999999));
#4377=CARTESIAN_POINT('',(-22.455,-8.60250000000038,-6.15250000000026));
#4378=CARTESIAN_POINT('',(-21.455,-7.38422964465775E-14,-14.755));
#4379=CARTESIAN_POINT('Origin',(-21.455,8.77344992536431E-15,-17.255));
#4380=CARTESIAN_POINT('Origin',(-22.455,-3.49999999999999,-19.755));
#4381=CARTESIAN_POINT('',(-22.455,-3.49999999999999,-19.755));
#4382=CARTESIAN_POINT('',(-22.455,-3.49999999999999,-14.755));
#4383=CARTESIAN_POINT('',(-22.455,-3.49999999999999,-8.7775));
#4384=CARTESIAN_POINT('',(-21.455,-3.49999999999999,-19.755));
#4385=CARTESIAN_POINT('',(-22.455,-3.49999999999999,-19.755));
#4386=CARTESIAN_POINT('',(-21.455,-3.49999999999999,-14.755));
#4387=CARTESIAN_POINT('',(-21.455,-3.49999999999999,-19.755));
#4388=CARTESIAN_POINT('',(-22.455,-3.49999999999999,-14.755));
#4389=CARTESIAN_POINT('Origin',(-22.455,-4.49999999998425,-19.755));
#4390=CARTESIAN_POINT('',(-22.455,-4.49999999998425,-19.755));
#4391=CARTESIAN_POINT('',(-22.455,-13.4774999999921,-19.755));
#4392=CARTESIAN_POINT('',(-21.455,-4.49999999998425,-19.755));
#4393=CARTESIAN_POINT('',(-22.455,-4.49999999998425,-19.755));
#4394=CARTESIAN_POINT('',(-21.455,-4.49999999998425,-19.755));
#4395=CARTESIAN_POINT('Origin',(-22.455,-4.49999999998429,-14.755));
#4396=CARTESIAN_POINT('',(-22.455,-4.49999999998429,-14.755));
#4397=CARTESIAN_POINT('',(-22.455,-4.49999999998434,-6.27749999999994));
#4398=CARTESIAN_POINT('',(-21.455,-4.49999999998429,-14.755));
#4399=CARTESIAN_POINT('',(-22.455,-4.49999999998429,-14.755));
#4400=CARTESIAN_POINT('',(-21.455,-4.49999999998429,-14.755));
#4401=CARTESIAN_POINT('Origin',(-22.455,-3.49999999999999,-14.755));
#4402=CARTESIAN_POINT('',(-22.455,-12.9775,-14.755));
#4403=CARTESIAN_POINT('',(-21.455,4.49999999998429,-14.755));
#4404=CARTESIAN_POINT('Origin',(-21.455,-3.99999999999214,-17.255));
#4405=CARTESIAN_POINT('Origin',(2.49999999999999,-22.455,-17.255));
#4406=CARTESIAN_POINT('',(2.49999999999999,-22.455,-17.255));
#4407=CARTESIAN_POINT('',(-1.6346124335342E-14,-22.455,-19.755));
#4408=CARTESIAN_POINT('',(12.3525,-22.455,-7.40250000000001));
#4409=CARTESIAN_POINT('',(2.49999999999999,-21.455,-17.255));
#4410=CARTESIAN_POINT('',(2.49999999999999,-22.455,-17.255));
#4411=CARTESIAN_POINT('',(-1.58206781009085E-14,-21.455,-19.755));
#4412=CARTESIAN_POINT('',(-1.58441470495869E-14,-21.455,-19.755));
#4413=CARTESIAN_POINT('',(-1.6346124335342E-14,-22.455,-19.755));
#4414=CARTESIAN_POINT('Origin',(-1.11022302462516E-14,-22.455,-14.755));
#4415=CARTESIAN_POINT('',(-1.10725649683725E-14,-22.455,-14.755));
#4416=CARTESIAN_POINT('',(1.37499999999998,-22.455,-16.13));
#4417=CARTESIAN_POINT('',(-1.0547118733939E-14,-21.455,-14.755));
#4418=CARTESIAN_POINT('',(-1.10725649683725E-14,-22.455,-14.755));
#4419=CARTESIAN_POINT('',(2.49999999999999,-21.455,-17.255));
#4420=CARTESIAN_POINT('Origin',(-2.50000000000001,-22.455,-17.255));
#4421=CARTESIAN_POINT('',(-2.50000000000001,-22.455,-17.255));
#4422=CARTESIAN_POINT('',(8.6025,-22.455,-6.1525));
#4423=CARTESIAN_POINT('',(-2.50000000000001,-21.455,-17.255));
#4424=CARTESIAN_POINT('',(-2.50000000000001,-22.455,-17.255));
#4425=CARTESIAN_POINT('',(-1.05174534560599E-14,-21.455,-14.755));
#4426=CARTESIAN_POINT('Origin',(-1.63757896132211E-14,-22.455,-19.755));
#4427=CARTESIAN_POINT('',(0.124999999999973,-22.455,-19.88));
#4428=CARTESIAN_POINT('',(-2.50000000000001,-21.455,-17.255));
#4429=CARTESIAN_POINT('Origin',(-1.33226762955019E-14,-21.455,-17.255));
#4430=CARTESIAN_POINT('Origin',(22.455,-6.15826833971767E-16,-17.255));
#4431=CARTESIAN_POINT('',(22.455,-2.5,-17.255));
#4432=CARTESIAN_POINT('Origin',(22.455,-6.15826833971767E-16,-17.255));
#4433=CARTESIAN_POINT('',(21.455,-2.5,-17.255));
#4434=CARTESIAN_POINT('',(22.455,-2.5,-17.255));
#4435=CARTESIAN_POINT('Origin',(21.455,-6.15826833971767E-16,-17.255));
#4436=CARTESIAN_POINT('Origin',(21.455,-5.55111512312578E-16,-17.255));
#4437=CARTESIAN_POINT('Origin',(22.455,3.50000000000616,-19.7549999999998));
#4438=CARTESIAN_POINT('',(22.455,3.50000000000616,-19.7549999999998));
#4439=CARTESIAN_POINT('',(22.455,3.49999999999894,-14.7550000000117));
#4440=CARTESIAN_POINT('',(22.455,3.49999999999032,-8.77750000001359));
#4441=CARTESIAN_POINT('',(21.455,3.50000000000616,-19.7549999999998));
#4442=CARTESIAN_POINT('',(22.455,3.50000000000616,-19.7549999999998));
#4443=CARTESIAN_POINT('',(21.455,3.49999999999894,-14.7550000000117));
#4444=CARTESIAN_POINT('',(21.455,3.49999999999894,-14.7550000000117));
#4445=CARTESIAN_POINT('',(22.455,3.49999999999894,-14.7550000000117));
#4446=CARTESIAN_POINT('Origin',(22.455,4.49999999999882,-19.755));
#4447=CARTESIAN_POINT('',(22.455,4.49999999999882,-19.755));
#4448=CARTESIAN_POINT('',(22.455,13.4774999999976,-19.7550000000015));
#4449=CARTESIAN_POINT('',(21.455,4.49999999999882,-19.755));
#4450=CARTESIAN_POINT('',(22.455,4.49999999999882,-19.755));
#4451=CARTESIAN_POINT('',(21.455,4.49999999999882,-19.755));
#4452=CARTESIAN_POINT('Origin',(22.455,4.49999999999895,-14.7550000000031));
#4453=CARTESIAN_POINT('',(22.455,4.49999999999895,-14.7550000000031));
#4454=CARTESIAN_POINT('',(22.455,4.49999999999917,-6.27750000000134));
#4455=CARTESIAN_POINT('',(21.455,4.49999999999895,-14.7550000000031));
#4456=CARTESIAN_POINT('',(22.455,4.49999999999895,-14.7550000000031));
#4457=CARTESIAN_POINT('',(21.455,4.49999999999895,-14.7550000000031));
#4458=CARTESIAN_POINT('Origin',(22.455,3.49999999999894,-14.7550000000034));
#4459=CARTESIAN_POINT('',(22.455,12.9775000000016,-14.755000000001));
#4460=CARTESIAN_POINT('',(21.455,-4.4999999999956,-14.7550000000054));
#4461=CARTESIAN_POINT('Origin',(21.455,3.99999999999895,-17.2550000000016));
#4462=CARTESIAN_POINT('Origin',(22.455,-3.50000000000131,-14.7550000000102));
#4463=CARTESIAN_POINT('',(22.455,-3.50000000000131,-14.7550000000102));
#4464=CARTESIAN_POINT('',(22.455,-3.50000000000106,-19.7549999999964));
#4465=CARTESIAN_POINT('',(22.455,-3.50000000000175,-6.27750000000575));
#4466=CARTESIAN_POINT('',(21.455,-3.50000000000131,-14.7550000000102));
#4467=CARTESIAN_POINT('',(22.455,-3.50000000000131,-14.7550000000102));
#4468=CARTESIAN_POINT('',(21.455,-3.50000000000106,-19.7549999999964));
#4469=CARTESIAN_POINT('',(21.455,-3.50000000000106,-19.7549999999964));
#4470=CARTESIAN_POINT('',(22.455,-3.50000000000106,-19.7549999999964));
#4471=CARTESIAN_POINT('Origin',(22.455,-4.4999999999956,-14.7550000000054));
#4472=CARTESIAN_POINT('',(22.455,-4.4999999999956,-14.7550000000054));
#4473=CARTESIAN_POINT('',(22.455,8.97750000000431,-14.755000000002));
#4474=CARTESIAN_POINT('',(21.455,-4.4999999999956,-14.7550000000054));
#4475=CARTESIAN_POINT('',(22.455,-4.4999999999956,-14.7550000000054));
#4476=CARTESIAN_POINT('',(21.455,-4.4999999999956,-14.7550000000054));
#4477=CARTESIAN_POINT('Origin',(22.455,-4.49999999999548,-19.7549999999985));
#4478=CARTESIAN_POINT('',(22.455,-4.49999999999548,-19.7549999999985));
#4479=CARTESIAN_POINT('',(22.455,-4.49999999999573,-8.77749999999957));
#4480=CARTESIAN_POINT('',(21.455,-4.49999999999548,-19.7549999999985));
#4481=CARTESIAN_POINT('',(22.455,-4.49999999999548,-19.7549999999985));
#4482=CARTESIAN_POINT('',(21.455,-4.49999999999548,-19.7549999999985));
#4483=CARTESIAN_POINT('Origin',(22.455,-3.50000000000106,-19.7549999999987));
#4484=CARTESIAN_POINT('',(22.455,9.47749999999767,-19.7550000000008));
#4485=CARTESIAN_POINT('',(21.455,4.49999999999882,-19.755));
#4486=CARTESIAN_POINT('Origin',(21.455,-3.99999999999833,-17.2550000000019));
#4487=CARTESIAN_POINT('Origin',(-2.39270358826818E-15,22.455,-17.255));
#4488=CARTESIAN_POINT('',(2.5,22.455,-17.255));
#4489=CARTESIAN_POINT('Origin',(-2.39270358826818E-15,22.455,-17.255));
#4490=CARTESIAN_POINT('',(2.5,21.455,-17.255));
#4491=CARTESIAN_POINT('',(2.5,22.455,-17.255));
#4492=CARTESIAN_POINT('Origin',(-2.39270358826818E-15,21.455,-17.255));
#4493=CARTESIAN_POINT('Origin',(-2.4881133794469E-15,21.455,-17.255));
#4494=CARTESIAN_POINT('Origin',(-19.455,19.455,2.2));
#4495=CARTESIAN_POINT('',(-19.455,22.455,-36.71));
#4496=CARTESIAN_POINT('',(-22.455,19.455,-36.71));
#4497=CARTESIAN_POINT('Origin',(-19.455,19.455,-36.71));
#4498=CARTESIAN_POINT('',(-22.455,19.455,2.2));
#4499=CARTESIAN_POINT('',(-19.455,22.455,2.2));
#4500=CARTESIAN_POINT('Origin',(-22.455,22.455,2.2));
#4501=CARTESIAN_POINT('',(19.455,22.455,-36.71));
#4502=CARTESIAN_POINT('',(19.455,22.455,2.2));
#4503=CARTESIAN_POINT('',(-22.455,22.455,-36.71));
#4504=CARTESIAN_POINT('Origin',(19.455,19.455,2.2));
#4505=CARTESIAN_POINT('',(22.455,19.455,-36.71));
#4506=CARTESIAN_POINT('Origin',(19.455,19.455,-36.71));
#4507=CARTESIAN_POINT('',(22.455,19.455,2.2));
#4508=CARTESIAN_POINT('Origin',(22.455,22.455,2.2));
#4509=CARTESIAN_POINT('',(22.455,-19.455,-36.71));
#4510=CARTESIAN_POINT('',(22.455,-19.455,2.2));
#4511=CARTESIAN_POINT('',(22.455,22.455,-36.71));
#4512=CARTESIAN_POINT('Origin',(-19.455,-19.455,2.2));
#4513=CARTESIAN_POINT('',(-22.455,-19.455,-36.71));
#4514=CARTESIAN_POINT('',(-19.455,-22.455,-36.71));
#4515=CARTESIAN_POINT('Origin',(-19.455,-19.455,-36.71));
#4516=CARTESIAN_POINT('',(-19.455,-22.455,2.2));
#4517=CARTESIAN_POINT('',(-22.455,-19.455,2.2));
#4518=CARTESIAN_POINT('Origin',(-22.455,-22.455,2.2));
#4519=CARTESIAN_POINT('',(-22.455,-22.455,-36.71));
#4520=CARTESIAN_POINT('Origin',(19.455,-19.455,2.2));
#4521=CARTESIAN_POINT('',(19.455,-22.455,-36.71));
#4522=CARTESIAN_POINT('Origin',(19.455,-19.455,-36.71));
#4523=CARTESIAN_POINT('',(19.455,-22.455,2.2));
#4524=CARTESIAN_POINT('Origin',(-16.455,-16.455,-32.3645051440591));
#4525=CARTESIAN_POINT('',(-15.305,-16.455,-32.71));
#4526=CARTESIAN_POINT('Origin',(-16.455,-16.455,-32.71));
#4527=CARTESIAN_POINT('',(-16.455,-16.455,-32.0190102881183));
#4528=CARTESIAN_POINT('',(-15.88,-16.455,-32.3645051440591));
#4529=CARTESIAN_POINT('Origin',(-16.455,-16.455,-36.21));
#4530=CARTESIAN_POINT('',(-15.305,-16.455,-36.71));
#4531=CARTESIAN_POINT('Origin',(-16.455,-16.455,-36.71));
#4532=CARTESIAN_POINT('',(-15.305,-16.455,-36.21));
#4533=CARTESIAN_POINT('Origin',(16.455,16.455,-32.3645051440591));
#4534=CARTESIAN_POINT('',(17.605,16.455,-32.71));
#4535=CARTESIAN_POINT('Origin',(16.455,16.455,-32.71));
#4536=CARTESIAN_POINT('',(16.455,16.455,-32.0190102881183));
#4537=CARTESIAN_POINT('',(17.03,16.455,-32.3645051440591));
#4538=CARTESIAN_POINT('Origin',(16.455,16.455,-36.21));
#4539=CARTESIAN_POINT('',(17.605,16.455,-36.71));
#4540=CARTESIAN_POINT('Origin',(16.455,16.455,-36.71));
#4541=CARTESIAN_POINT('',(17.605,16.455,-36.21));
#4542=CARTESIAN_POINT('Origin',(-17.955,-16.455,-27.71));
#4543=CARTESIAN_POINT('',(-13.455,-13.455,-30.71));
#4544=CARTESIAN_POINT('',(-19.455,-19.455,-24.71));
#4545=CARTESIAN_POINT('',(-13.455,-13.455,-30.71));
#4546=CARTESIAN_POINT('',(-13.455,-19.455,-24.71));
#4547=CARTESIAN_POINT('',(-17.955,-19.455,-24.71));
#4548=CARTESIAN_POINT('',(-13.455,-14.955,-29.21));
#4549=CARTESIAN_POINT('Origin',(-16.455,1.49999999999999,-27.71));
#4550=CARTESIAN_POINT('',(-19.455,-13.455,-24.71));
#4551=CARTESIAN_POINT('',(-13.455,-13.455,-30.71));
#4552=CARTESIAN_POINT('',(-19.455,1.49999999999999,-24.71));
#4553=CARTESIAN_POINT('Origin',(-19.455,19.455,2.2));
#4554=CARTESIAN_POINT('',(-19.455,-13.455,-36.71));
#4555=CARTESIAN_POINT('',(-19.455,-13.455,-17.255));
#4556=CARTESIAN_POINT('',(-19.455,19.455,-36.71));
#4557=CARTESIAN_POINT('',(-19.455,19.455,-36.71));
#4558=CARTESIAN_POINT('',(-19.455,19.455,-9.975));
#4559=CARTESIAN_POINT('',(-19.455,19.455,2.2));
#4560=CARTESIAN_POINT('',(-19.455,7.455,-9.975));
#4561=CARTESIAN_POINT('',(-19.455,14.705,-9.975));
#4562=CARTESIAN_POINT('',(-19.455,7.455,-6.975));
#4563=CARTESIAN_POINT('',(-19.455,7.455,-2.3875));
#4564=CARTESIAN_POINT('',(-19.455,19.455,-6.975));
#4565=CARTESIAN_POINT('',(-19.455,14.705,-6.975));
#4566=CARTESIAN_POINT('',(-19.455,19.455,2.2));
#4567=CARTESIAN_POINT('',(-19.455,-14.455,-6.975));
#4568=CARTESIAN_POINT('',(-19.455,1.24999999999999,-6.975));
#4569=CARTESIAN_POINT('',(-19.455,-14.455,-9.975));
#4570=CARTESIAN_POINT('',(-19.455,-14.455,-2.3875));
#4571=CARTESIAN_POINT('',(-19.455,-19.455,-9.975));
#4572=CARTESIAN_POINT('',(-19.455,1.24999999999999,-9.975));
#4573=CARTESIAN_POINT('',(-19.455,-19.455,2.2));
#4574=CARTESIAN_POINT('Origin',(17.955,16.455,-27.71));
#4575=CARTESIAN_POINT('',(13.455,13.455,-30.71));
#4576=CARTESIAN_POINT('',(19.455,19.455,-24.71));
#4577=CARTESIAN_POINT('',(13.455,13.455,-30.71));
#4578=CARTESIAN_POINT('',(13.455,19.455,-24.71));
#4579=CARTESIAN_POINT('',(17.955,19.455,-24.71));
#4580=CARTESIAN_POINT('',(13.455,14.955,-29.21));
#4581=CARTESIAN_POINT('Origin',(16.455,-1.50000000000001,-27.71));
#4582=CARTESIAN_POINT('',(19.455,13.455,-24.71));
#4583=CARTESIAN_POINT('',(13.455,13.455,-30.71));
#4584=CARTESIAN_POINT('',(19.455,-1.50000000000001,-24.71));
#4585=CARTESIAN_POINT('Origin',(19.455,-19.455,2.2));
#4586=CARTESIAN_POINT('',(19.455,13.455,-36.71));
#4587=CARTESIAN_POINT('',(19.455,13.455,-17.255));
#4588=CARTESIAN_POINT('',(19.455,-19.455,-36.71));
#4589=CARTESIAN_POINT('',(19.455,-19.455,-36.71));
#4590=CARTESIAN_POINT('',(19.455,-19.455,-9.975));
#4591=CARTESIAN_POINT('',(19.455,-19.455,2.2));
#4592=CARTESIAN_POINT('',(19.455,-14.455,-9.975));
#4593=CARTESIAN_POINT('',(19.455,-18.205,-9.975));
#4594=CARTESIAN_POINT('',(19.455,-14.455,-6.975));
#4595=CARTESIAN_POINT('',(19.455,-14.455,-2.3875));
#4596=CARTESIAN_POINT('',(19.455,-19.455,-6.975));
#4597=CARTESIAN_POINT('',(19.455,-18.205,-6.975));
#4598=CARTESIAN_POINT('',(19.455,-19.455,2.2));
#4599=CARTESIAN_POINT('',(19.455,19.455,-6.975));
#4600=CARTESIAN_POINT('',(19.455,19.455,2.2));
#4601=CARTESIAN_POINT('',(19.455,7.455,-6.975));
#4602=CARTESIAN_POINT('',(19.455,-4.75,-6.975));
#4603=CARTESIAN_POINT('',(19.455,7.455,-9.975));
#4604=CARTESIAN_POINT('',(19.455,7.455,-2.3875));
#4605=CARTESIAN_POINT('',(19.455,19.455,-9.975));
#4606=CARTESIAN_POINT('',(19.455,-4.75,-9.975));
#4607=CARTESIAN_POINT('',(19.455,19.455,2.2));
#4608=CARTESIAN_POINT('Origin',(-13.455,-19.455,-36.71));
#4609=CARTESIAN_POINT('',(-13.455,-19.455,-36.71));
#4610=CARTESIAN_POINT('',(-13.455,-13.455,-36.71));
#4611=CARTESIAN_POINT('',(-13.455,-19.455,-36.71));
#4612=CARTESIAN_POINT('',(-13.455,-13.455,-36.71));
#4613=CARTESIAN_POINT('',(-13.455,-19.455,-17.255));
#4614=CARTESIAN_POINT('Origin',(-13.455,-13.455,-36.71));
#4615=CARTESIAN_POINT('',(-13.455,-13.455,-36.71));
#4616=CARTESIAN_POINT('Origin',(-19.455,-19.455,2.2));
#4617=CARTESIAN_POINT('',(-9.7275,-19.455,-9.975));
#4618=CARTESIAN_POINT('',(-19.455,-19.455,-36.71));
#4619=CARTESIAN_POINT('Origin',(13.455,19.455,-36.71));
#4620=CARTESIAN_POINT('',(13.455,19.455,-36.71));
#4621=CARTESIAN_POINT('',(13.455,13.455,-36.71));
#4622=CARTESIAN_POINT('',(13.455,19.455,-36.71));
#4623=CARTESIAN_POINT('',(13.455,13.455,-36.71));
#4624=CARTESIAN_POINT('',(13.455,19.455,-17.255));
#4625=CARTESIAN_POINT('Origin',(13.455,13.455,-36.71));
#4626=CARTESIAN_POINT('',(13.455,13.455,-36.71));
#4627=CARTESIAN_POINT('Origin',(19.455,19.455,2.2));
#4628=CARTESIAN_POINT('',(13.7567624279843,19.455,-9.975));
#4629=CARTESIAN_POINT('',(9.72749999999999,19.455,-9.975));
#4630=CARTESIAN_POINT('',(13.7567624279843,19.455,-6.975));
#4631=CARTESIAN_POINT('',(13.7567624279843,19.455,-2.3875));
#4632=CARTESIAN_POINT('',(9.72749999999999,19.455,-6.975));
#4633=CARTESIAN_POINT('',(-13.7567624279843,19.455,-6.975));
#4634=CARTESIAN_POINT('',(9.72749999999999,19.455,-6.975));
#4635=CARTESIAN_POINT('',(-13.7567624279843,19.455,-9.975));
#4636=CARTESIAN_POINT('',(-13.7567624279843,19.455,-2.3875));
#4637=CARTESIAN_POINT('',(9.72749999999999,19.455,-9.975));
#4638=CARTESIAN_POINT('',(19.455,19.455,-36.71));
#4639=CARTESIAN_POINT('Origin',(16.455,-16.455,-8.975));
#4640=CARTESIAN_POINT('',(17.3715151389912,-14.455,-8.975));
#4641=CARTESIAN_POINT('',(15.5384848610088,-14.455,-8.975));
#4642=CARTESIAN_POINT('',(-1.49999999999999,-14.455,-8.975));
#4643=CARTESIAN_POINT('Origin',(16.455,-16.455,-8.975));
#4644=CARTESIAN_POINT('',(17.605,-16.455,-8.975));
#4645=CARTESIAN_POINT('Origin',(16.455,-16.455,-8.975));
#4646=CARTESIAN_POINT('Origin',(16.455,-16.455,-9.475));
#4647=CARTESIAN_POINT('',(15.5384848610088,-14.455,-9.975));
#4648=CARTESIAN_POINT('',(15.5384848610088,-14.455,-9.475));
#4649=CARTESIAN_POINT('',(17.3715151389912,-14.455,-9.975));
#4650=CARTESIAN_POINT('',(17.3715151389912,-14.455,-9.475));
#4651=CARTESIAN_POINT('Origin',(16.455,-16.455,-9.975));
#4652=CARTESIAN_POINT('Origin',(16.455,-16.455,-6.475));
#4653=CARTESIAN_POINT('',(17.605,-16.455,-6.975));
#4654=CARTESIAN_POINT('',(17.605,-16.455,-6.475));
#4655=CARTESIAN_POINT('Origin',(16.455,-16.455,-6.975));
#4656=CARTESIAN_POINT('Origin',(-16.455,16.455,-8.975));
#4657=CARTESIAN_POINT('',(-14.255,16.455,-8.975));
#4658=CARTESIAN_POINT('Origin',(-16.455,16.455,-8.975));
#4659=CARTESIAN_POINT('',(-15.305,16.455,-8.975));
#4660=CARTESIAN_POINT('Origin',(-16.455,16.455,-8.975));
#4661=CARTESIAN_POINT('Origin',(-16.455,16.455,-9.475));
#4662=CARTESIAN_POINT('',(-14.255,16.455,-9.975));
#4663=CARTESIAN_POINT('Origin',(-16.455,16.455,-9.975));
#4664=CARTESIAN_POINT('',(-14.255,16.455,-9.475));
#4665=CARTESIAN_POINT('Origin',(-16.455,16.455,-6.475));
#4666=CARTESIAN_POINT('',(-15.305,16.455,-6.975));
#4667=CARTESIAN_POINT('',(-15.305,16.455,-6.475));
#4668=CARTESIAN_POINT('Origin',(-16.455,16.455,-6.975));
#4669=CARTESIAN_POINT('Origin',(6.66133814775094E-15,-16.955,-9.975));
#4670=CARTESIAN_POINT('',(19.455,-14.455,-9.975));
#4671=CARTESIAN_POINT('',(19.455,-14.455,-9.975));
#4672=CARTESIAN_POINT('Origin',(19.455,-19.455,-6.975));
#4673=CARTESIAN_POINT('',(-9.7275,-19.455,-6.975));
#4674=CARTESIAN_POINT('Origin',(-19.455,-14.455,-6.975));
#4675=CARTESIAN_POINT('',(19.455,-14.455,-6.975));
#4676=CARTESIAN_POINT('Origin',(6.66133810954356E-15,-16.955,-6.975));
#4677=CARTESIAN_POINT('',(-9.7275,-19.455,-6.975));
#4678=CARTESIAN_POINT('Origin',(-19.455,-19.455,2.2));
#4679=CARTESIAN_POINT('Origin',(13.7567624279843,12.455,-6.975));
#4680=CARTESIAN_POINT('',(13.7567624279843,12.455,-6.975));
#4681=CARTESIAN_POINT('',(13.7567624279843,13.7567624279843,-6.975));
#4682=CARTESIAN_POINT('',(13.7567624279843,12.455,-9.975));
#4683=CARTESIAN_POINT('',(13.7567624279843,13.7567624279843,-9.975));
#4684=CARTESIAN_POINT('',(13.7567624279843,12.455,-6.975));
#4685=CARTESIAN_POINT('Origin',(-13.7567624279843,12.455,-6.975));
#4686=CARTESIAN_POINT('',(-13.7567624279843,12.455,-6.975));
#4687=CARTESIAN_POINT('',(19.455,12.455,-6.975));
#4688=CARTESIAN_POINT('',(-13.7567624279843,12.455,-9.975));
#4689=CARTESIAN_POINT('',(19.455,12.455,-9.975));
#4690=CARTESIAN_POINT('',(-13.7567624279843,12.455,-6.975));
#4691=CARTESIAN_POINT('Origin',(-13.7567624279843,19.455,-6.975));
#4692=CARTESIAN_POINT('',(-13.7567624279843,19.255,-6.975));
#4693=CARTESIAN_POINT('',(-13.7567624279843,19.255,-9.975));
#4694=CARTESIAN_POINT('Origin',(19.455,7.455,-6.975));
#4695=CARTESIAN_POINT('',(-19.455,7.455,-6.975));
#4696=CARTESIAN_POINT('',(-19.455,7.455,-9.975));
#4697=CARTESIAN_POINT('Origin',(-6.66133814775094E-15,9.955,-9.975));
#4698=CARTESIAN_POINT('Origin',(-6.66133818595832E-15,9.955,-6.975));
#4699=CARTESIAN_POINT('Ctrl Pts',(-5.92424678357782,-22.455,-4.345));
#4700=CARTESIAN_POINT('Ctrl Pts',(-5.92424678357782,-19.155,-4.345));
#4701=CARTESIAN_POINT('Ctrl Pts',(-5.92424678357782,-22.455,-3.85752271633895));
#4702=CARTESIAN_POINT('Ctrl Pts',(-5.92424678357782,-19.155,-3.85752271633895));
#4703=CARTESIAN_POINT('Ctrl Pts',(-5.79315146046169,-22.455,-3.37065942236543));
#4704=CARTESIAN_POINT('Ctrl Pts',(-5.79315146046168,-19.155,-3.37065942236543));
#4705=CARTESIAN_POINT('Ctrl Pts',(-5.54837685657409,-22.455,-2.94909123790241));
#4706=CARTESIAN_POINT('Ctrl Pts',(-5.54837685657409,-19.155,-2.94909123790241));
#4707=CARTESIAN_POINT('Ctrl Pts',(-5.06225705525858,-22.455,-2.11186123602602));
#4708=CARTESIAN_POINT('Ctrl Pts',(-5.06225705525858,-19.155,-2.11186123602602));
#4709=CARTESIAN_POINT('Ctrl Pts',(-4.11237761812117,-22.455,-1.565));
#4710=CARTESIAN_POINT('Ctrl Pts',(-4.11237761812117,-19.155,-1.565));
#4711=CARTESIAN_POINT('Ctrl Pts',(-3.14425090598193,-22.455,-1.565));
#4712=CARTESIAN_POINT('Ctrl Pts',(-3.14425090598192,-19.155,-1.565));
#4713=CARTESIAN_POINT('',(-3.14425090598193,-22.455,-1.565));
#4714=CARTESIAN_POINT('',(-3.14425090598193,-22.455,-1.565));
#4715=CARTESIAN_POINT('Ctrl Pts',(-5.92424678357782,-22.455,-4.345));
#4716=CARTESIAN_POINT('Ctrl Pts',(-5.92424678357782,-22.455,-3.85752271633895));
#4717=CARTESIAN_POINT('Ctrl Pts',(-5.79315146046169,-22.455,-3.37065942236543));
#4718=CARTESIAN_POINT('Ctrl Pts',(-5.54837685657409,-22.455,-2.94909123790241));
#4719=CARTESIAN_POINT('Ctrl Pts',(-5.06225705525858,-22.455,-2.11186123602602));
#4720=CARTESIAN_POINT('Ctrl Pts',(-4.11237761812117,-22.455,-1.565));
#4721=CARTESIAN_POINT('Ctrl Pts',(-3.14425090598193,-22.455,-1.565));
#4722=CARTESIAN_POINT('Origin',(6.0157244240062,-22.455,-4.345));
#4723=CARTESIAN_POINT('',(6.0157244240062,-22.455,-4.345));
#4724=CARTESIAN_POINT('',(6.0157244240062,-22.455,-1.0725));
#4725=CARTESIAN_POINT('',(6.0157244240062,-22.455,-4.345));
#4726=CARTESIAN_POINT('Ctrl Pts',(3.2357285464103,-22.455,-1.565));
#4727=CARTESIAN_POINT('Ctrl Pts',(3.23572854641031,-19.155,-1.565));
#4728=CARTESIAN_POINT('Ctrl Pts',(3.72320680143221,-22.455,-1.565));
#4729=CARTESIAN_POINT('Ctrl Pts',(3.72320680143221,-19.155,-1.565));
#4730=CARTESIAN_POINT('Ctrl Pts',(4.21007095057016,-22.455,-1.69609656624764));
#4731=CARTESIAN_POINT('Ctrl Pts',(4.21007095057016,-19.155,-1.69609656624764));
#4732=CARTESIAN_POINT('Ctrl Pts',(4.63163886682369,-22.455,-1.9408725910677));
#4733=CARTESIAN_POINT('Ctrl Pts',(4.63163886682369,-19.155,-1.9408725910677));
#4734=CARTESIAN_POINT('Ctrl Pts',(5.46886833603883,-22.455,-2.4269952143402));
#4735=CARTESIAN_POINT('Ctrl Pts',(5.46886833603883,-19.155,-2.4269952143402));
#4736=CARTESIAN_POINT('Ctrl Pts',(6.0157244240062,-22.455,-3.37687521697325));
#4737=CARTESIAN_POINT('Ctrl Pts',(6.0157244240062,-19.155,-3.37687521697325));
#4738=CARTESIAN_POINT('Ctrl Pts',(6.0157244240062,-22.455,-4.345));
#4739=CARTESIAN_POINT('Ctrl Pts',(6.0157244240062,-19.155,-4.345));
#4740=CARTESIAN_POINT('',(3.2357285464103,-22.455,-1.565));
#4741=CARTESIAN_POINT('Ctrl Pts',(3.2357285464103,-22.455,-1.565));
#4742=CARTESIAN_POINT('Ctrl Pts',(3.72320680143221,-22.455,-1.565));
#4743=CARTESIAN_POINT('Ctrl Pts',(4.21007095057016,-22.455,-1.69609656624764));
#4744=CARTESIAN_POINT('Ctrl Pts',(4.63163886682369,-22.455,-1.9408725910677));
#4745=CARTESIAN_POINT('Ctrl Pts',(5.46886833603883,-22.455,-2.4269952143402));
#4746=CARTESIAN_POINT('Ctrl Pts',(6.0157244240062,-22.455,-3.37687521697325));
#4747=CARTESIAN_POINT('Ctrl Pts',(6.0157244240062,-22.455,-4.345));
#4748=CARTESIAN_POINT('',(3.2357285464103,-22.455,-1.565));
#4749=CARTESIAN_POINT('Origin',(-3.14425090598175,-22.455,-1.565));
#4750=CARTESIAN_POINT('',(9.65537454700912,-22.455,-1.56499999999999));
#4751=CARTESIAN_POINT('Origin',(22.455,-22.455,2.2));
#4752=CARTESIAN_POINT('',(22.455,-22.455,-36.71));
#4753=CARTESIAN_POINT('Origin',(-8.88178419700125E-15,4.44089209850063E-15,
-36.71));
#4754=CARTESIAN_POINT('',(0.,0.,0.));
#4755=CARTESIAN_POINT('Origin',(-18.755,-9.6275,-5.725));
#4756=CARTESIAN_POINT('',(-19.255,-19.255,-5.225));
#4757=CARTESIAN_POINT('',(-19.255,-2.78244496800925,-5.225));
#4758=CARTESIAN_POINT('',(-19.255,-9.6275,-5.225));
#4759=CARTESIAN_POINT('',(-18.255,-6.72696068072352,-6.225));
#4760=CARTESIAN_POINT('Origin',(0.,0.,-24.48));
#4761=CARTESIAN_POINT('',(-18.255,-18.255,-6.225));
#4762=CARTESIAN_POINT('',(-18.255,-9.6275,-6.225));
#4763=CARTESIAN_POINT('',(-18.255,-18.255,-6.225));
#4764=CARTESIAN_POINT('Origin',(-4.12926242798433,-18.755,-5.725));
#4765=CARTESIAN_POINT('',(-9.25852485596865,-18.255,-6.225));
#4766=CARTESIAN_POINT('',(-4.12926242798433,-18.255,-6.225));
#4767=CARTESIAN_POINT('',(-8.25852485596867,-19.255,-5.225));
#4768=CARTESIAN_POINT('',(-8.33222697530983,-19.1812978806588,-5.29870211934116));
#4769=CARTESIAN_POINT('',(-4.12926242798433,-19.255,-5.225));
#4770=CARTESIAN_POINT('Origin',(3.33066907387547E-15,2.22044604925031E-15,
-6.225));
#4771=CARTESIAN_POINT('',(-13.7567624279843,-13.7567624279843,-6.225));
#4772=CARTESIAN_POINT('Origin',(0.,0.,-6.225));
#4773=CARTESIAN_POINT('',(-13.7567624279843,-13.7567624279842,-6.225));
#4774=CARTESIAN_POINT('Origin',(0.,0.,2.2));
#4775=CARTESIAN_POINT('',(-19.255,-2.78244496800925,2.2));
#4776=CARTESIAN_POINT('',(-19.255,-2.78244496800925,2.2));
#4777=CARTESIAN_POINT('',(-13.7567624279843,-13.7567624279843,2.2));
#4778=CARTESIAN_POINT('Origin',(0.,0.,2.2));
#4779=CARTESIAN_POINT('',(-13.7567624279843,-13.7567624279843,2.2));
#4780=CARTESIAN_POINT('Origin',(-19.255,-19.255,2.2));
#4781=CARTESIAN_POINT('',(-19.255,-19.255,2.2));
#4782=CARTESIAN_POINT('',(-19.255,-19.255,2.2));
#4783=CARTESIAN_POINT('',(-19.255,-9.6275,2.2));
#4784=CARTESIAN_POINT('Origin',(9.6275,-18.755,-5.725));
#4785=CARTESIAN_POINT('',(19.255,-19.255,-5.225));
#4786=CARTESIAN_POINT('',(8.25852485596863,-19.255,-5.225));
#4787=CARTESIAN_POINT('',(9.6275,-19.255,-5.225));
#4788=CARTESIAN_POINT('',(9.25852485596863,-18.255,-6.225));
#4789=CARTESIAN_POINT('',(7.41585404664053,-20.0976708093281,-4.38232919067189));
#4790=CARTESIAN_POINT('',(18.255,-18.255,-6.225));
#4791=CARTESIAN_POINT('',(9.6275,-18.255,-6.225));
#4792=CARTESIAN_POINT('',(18.255,-18.255,-6.225));
#4793=CARTESIAN_POINT('Origin',(18.755,-1.39122248400468,-5.725));
#4794=CARTESIAN_POINT('',(18.255,-6.72696068072353,-6.225));
#4795=CARTESIAN_POINT('',(18.255,-1.39122248400468,-6.225));
#4796=CARTESIAN_POINT('',(19.255,-2.78244496800936,-5.225));
#4797=CARTESIAN_POINT('Origin',(0.,0.,-24.48));
#4798=CARTESIAN_POINT('',(19.255,-1.39122248400468,-5.225));
#4799=CARTESIAN_POINT('Origin',(19.255,-19.255,2.2));
#4800=CARTESIAN_POINT('',(19.255,-19.255,2.2));
#4801=CARTESIAN_POINT('',(19.255,-19.255,2.2));
#4802=CARTESIAN_POINT('',(8.25852485596863,-19.255,2.2));
#4803=CARTESIAN_POINT('',(9.62749999999999,-19.255,2.2));
#4804=CARTESIAN_POINT('',(8.25852485596863,-19.255,2.2));
#4805=CARTESIAN_POINT('Origin',(19.255,-2.78244496800936,2.2));
#4806=CARTESIAN_POINT('',(19.255,-2.78244496800936,2.2));
#4807=CARTESIAN_POINT('',(19.255,-2.78244496800936,2.2));
#4808=CARTESIAN_POINT('',(19.255,-1.39122248400468,2.2));
#4809=CARTESIAN_POINT('Origin',(0.,0.,2.2));
#4810=CARTESIAN_POINT('',(13.7567624279843,-13.7567624279843,-6.225));
#4811=CARTESIAN_POINT('Origin',(0.,0.,-6.225));
#4812=CARTESIAN_POINT('',(13.7567624279843,-13.7567624279843,2.2));
#4813=CARTESIAN_POINT('',(13.7567624279843,-13.7567624279843,2.2));
#4814=CARTESIAN_POINT('Origin',(0.,0.,2.2));
#4815=CARTESIAN_POINT('Origin',(6.87838121399214,18.755,-5.725));
#4816=CARTESIAN_POINT('',(18.255,18.255,-6.225));
#4817=CARTESIAN_POINT('',(13.7567624279843,18.255,-6.225));
#4818=CARTESIAN_POINT('',(6.87838121399214,18.255,-6.225));
#4819=CARTESIAN_POINT('',(13.7567624279843,19.255,-5.225));
#4820=CARTESIAN_POINT('',(13.7567624279843,19.4866906069961,-4.99330939300393));
#4821=CARTESIAN_POINT('',(19.255,19.255,-5.225));
#4822=CARTESIAN_POINT('',(6.87838121399214,19.255,-5.225));
#4823=CARTESIAN_POINT('',(19.255,19.255,-5.225));
#4824=CARTESIAN_POINT('Origin',(18.755,9.6275,-5.725));
#4825=CARTESIAN_POINT('',(19.255,2.78244496800921,-5.225));
#4826=CARTESIAN_POINT('',(19.255,9.6275,-5.225));
#4827=CARTESIAN_POINT('',(18.255,6.72696068072351,-6.225));
#4828=CARTESIAN_POINT('Origin',(0.,0.,-24.48));
#4829=CARTESIAN_POINT('',(18.255,9.6275,-6.225));
#4830=CARTESIAN_POINT('Origin',(3.33066907387547E-15,2.22044604925031E-15,
-6.225));
#4831=CARTESIAN_POINT('',(13.7567624279843,13.7567624279843,-6.225));
#4832=CARTESIAN_POINT('Origin',(0.,0.,-6.225));
#4833=CARTESIAN_POINT('',(13.7567624279843,6.87838121399215,-6.225));
#4834=CARTESIAN_POINT('Origin',(0.,0.,2.2));
#4835=CARTESIAN_POINT('',(19.255,2.78244496800921,2.2));
#4836=CARTESIAN_POINT('',(19.255,2.78244496800921,2.2));
#4837=CARTESIAN_POINT('',(13.7567624279843,13.7567624279843,2.2));
#4838=CARTESIAN_POINT('Origin',(0.,0.,2.2));
#4839=CARTESIAN_POINT('',(13.7567624279843,13.7567624279843,2.2));
#4840=CARTESIAN_POINT('Origin',(-9.62749999999999,18.755,-5.725));
#4841=CARTESIAN_POINT('',(-19.255,19.255,-5.225));
#4842=CARTESIAN_POINT('',(-13.7567624279843,19.255,-5.225));
#4843=CARTESIAN_POINT('',(-9.62749999999999,19.255,-5.225));
#4844=CARTESIAN_POINT('',(-13.7567624279843,18.255,-6.225));
#4845=CARTESIAN_POINT('',(-13.7567624279843,20.86125,-3.61875));
#4846=CARTESIAN_POINT('',(-18.255,18.255,-6.225));
#4847=CARTESIAN_POINT('',(-9.62749999999999,18.255,-6.225));
#4848=CARTESIAN_POINT('',(-18.255,18.255,-6.225));
#4849=CARTESIAN_POINT('Origin',(-18.755,1.39122248400463,-5.725));
#4850=CARTESIAN_POINT('',(-18.255,6.72696068072352,-6.225));
#4851=CARTESIAN_POINT('',(-18.255,1.39122248400463,-6.225));
#4852=CARTESIAN_POINT('',(-19.255,2.78244496800925,-5.225));
#4853=CARTESIAN_POINT('Origin',(0.,0.,-24.48));
#4854=CARTESIAN_POINT('',(-19.255,1.39122248400463,-5.225));
#4855=CARTESIAN_POINT('Origin',(-19.255,19.255,2.2));
#4856=CARTESIAN_POINT('',(-19.255,19.255,2.2));
#4857=CARTESIAN_POINT('',(-19.255,19.255,2.2));
#4858=CARTESIAN_POINT('',(-13.7567624279843,19.255,2.2));
#4859=CARTESIAN_POINT('',(-9.6275,19.255,2.2));
#4860=CARTESIAN_POINT('',(-13.7567624279843,19.255,2.2));
#4861=CARTESIAN_POINT('Origin',(-19.255,2.78244496800925,2.2));
#4862=CARTESIAN_POINT('',(-19.255,2.78244496800925,2.2));
#4863=CARTESIAN_POINT('',(-19.255,2.78244496800925,2.2));
#4864=CARTESIAN_POINT('',(-19.255,1.39122248400462,2.2));
#4865=CARTESIAN_POINT('Origin',(0.,0.,2.2));
#4866=CARTESIAN_POINT('',(-13.7567624279843,13.7567624279843,-6.225));
#4867=CARTESIAN_POINT('Origin',(0.,0.,-6.225));
#4868=CARTESIAN_POINT('',(-13.7567624279843,13.7567624279843,2.2));
#4869=CARTESIAN_POINT('',(-13.7567624279843,13.7567624279843,2.2));
#4870=CARTESIAN_POINT('Origin',(0.,0.,2.2));
#4871=CARTESIAN_POINT('Origin',(0.,0.,2.2));
#4872=CARTESIAN_POINT('',(3.09725281499588,19.455,5.2));
#4873=CARTESIAN_POINT('',(-3.09725281499588,19.455,5.2));
#4874=CARTESIAN_POINT('Ctrl Pts',(3.09725281499935,19.4549999999995,5.2));
#4875=CARTESIAN_POINT('Ctrl Pts',(3.08442373240365,19.4560148106797,5.2));
#4876=CARTESIAN_POINT('Ctrl Pts',(3.071594156487,19.4570233552358,5.19999948509888));
#4877=CARTESIAN_POINT('Ctrl Pts',(2.04201794057294,19.5374532046889,5.19991836801274));
#4878=CARTESIAN_POINT('Ctrl Pts',(1.02164159854337,19.5775,5.19749791492838));
#4879=CARTESIAN_POINT('Ctrl Pts',(-1.02164159935282,19.5775,5.19749791492838));
#4880=CARTESIAN_POINT('Ctrl Pts',(-2.04201794476509,19.5374532043647,5.19991836801307));
#4881=CARTESIAN_POINT('Ctrl Pts',(-3.07159416749778,19.4570233543755,5.19999948509975));
#4882=CARTESIAN_POINT('Ctrl Pts',(-3.08442372139008,19.4560148115288,5.19999999999999));
#4883=CARTESIAN_POINT('Ctrl Pts',(-3.09725281499589,19.4549999999777,5.2));
#4884=CARTESIAN_POINT('',(-19.455,3.09725281499588,5.2));
#4885=CARTESIAN_POINT('Origin',(0.,0.,5.2));
#4886=CARTESIAN_POINT('',(-19.455,-3.09725281499588,5.2));
#4887=CARTESIAN_POINT('Ctrl Pts',(-19.455,3.09725281499587,5.2));
#4888=CARTESIAN_POINT('Ctrl Pts',(-19.4560148106696,3.08442373253469,5.2));
#4889=CARTESIAN_POINT('Ctrl Pts',(-19.4570233552463,3.07159415635245,5.19999948509887));
#4890=CARTESIAN_POINT('Ctrl Pts',(-19.5374532047121,2.04201794027324,5.19991836801272));
#4891=CARTESIAN_POINT('Ctrl Pts',(-19.5775,1.02164159848506,5.19749791492838));
#4892=CARTESIAN_POINT('Ctrl Pts',(-19.5775,-1.02164159847052,5.19749791492838));
#4893=CARTESIAN_POINT('Ctrl Pts',(-19.5374532047179,-2.04201794019868,5.19991836801271));
#4894=CARTESIAN_POINT('Ctrl Pts',(-19.4570233552532,-3.07159415626479,5.19999948509886));
#4895=CARTESIAN_POINT('Ctrl Pts',(-19.4560148106628,-3.08442373262237,5.2));
#4896=CARTESIAN_POINT('Ctrl Pts',(-19.4550000000002,-3.09725281499589,5.2));
#4897=CARTESIAN_POINT('',(-3.09725281499597,-19.455,5.2));
#4898=CARTESIAN_POINT('Origin',(0.,0.,5.2));
#4899=CARTESIAN_POINT('',(3.09725281499596,-19.455,5.2));
#4900=CARTESIAN_POINT('Ctrl Pts',(-3.09725281499597,-19.455,5.2));
#4901=CARTESIAN_POINT('Ctrl Pts',(-3.08442373253897,-19.4560148106692,5.2));
#4902=CARTESIAN_POINT('Ctrl Pts',(-3.07159415634838,-19.4570233552467,5.19999948509887));
#4903=CARTESIAN_POINT('Ctrl Pts',(-2.04201794036881,-19.5374532047047,5.19991836801272));
#4904=CARTESIAN_POINT('Ctrl Pts',(-1.02164159850423,-19.5775,5.19749791492838));
#4905=CARTESIAN_POINT('Ctrl Pts',(1.02164159847916,-19.5775,5.19749791492838));
#4906=CARTESIAN_POINT('Ctrl Pts',(2.04201794024271,-19.5374532047145,5.19991836801271));
#4907=CARTESIAN_POINT('Ctrl Pts',(3.07159415633544,-19.4570233552477,5.19999948509887));
#4908=CARTESIAN_POINT('Ctrl Pts',(3.0844237325519,-19.4560148106682,5.2));
#4909=CARTESIAN_POINT('Ctrl Pts',(3.09725281499596,-19.455,5.2));
#4910=CARTESIAN_POINT('',(19.455,-3.09725281499596,5.2));
#4911=CARTESIAN_POINT('Origin',(0.,0.,5.2));
#4912=CARTESIAN_POINT('',(19.5775,-2.37838809917959E-15,5.19749791492838));
#4913=CARTESIAN_POINT('Ctrl Pts',(19.455,-3.09725281499597,5.2));
#4914=CARTESIAN_POINT('Ctrl Pts',(19.4560148106696,-3.08442373253474,5.2));
#4915=CARTESIAN_POINT('Ctrl Pts',(19.4570233552463,-3.07159415635258,5.19999948509887));
#4916=CARTESIAN_POINT('Ctrl Pts',(19.5374532047123,-2.04201794027078,5.19991836801271));
#4917=CARTESIAN_POINT('Ctrl Pts',(19.5775,-1.02164159848459,5.19749791492838));
#4918=CARTESIAN_POINT('Ctrl Pts',(19.5775,-2.35922392732846E-15,5.19749791492838));
#4919=CARTESIAN_POINT('',(16.7,-2.04516015457608E-15,2.2));
#4920=CARTESIAN_POINT('Origin',(19.7,-2.41255419432029E-15,2.2));
#4921=CARTESIAN_POINT('Origin',(0.,0.,2.2));
#4922=CARTESIAN_POINT('',(19.455,3.09725281499596,5.2));
#4923=CARTESIAN_POINT('Ctrl Pts',(19.5775,-2.35922392732846E-15,5.19749791492838));
#4924=CARTESIAN_POINT('Ctrl Pts',(19.5775,1.02164159848455,5.19749791492838));
#4925=CARTESIAN_POINT('Ctrl Pts',(19.5374532047123,2.04201794027063,5.19991836801271));
#4926=CARTESIAN_POINT('Ctrl Pts',(19.4570233552463,3.07159415635276,5.19999948509887));
#4927=CARTESIAN_POINT('Ctrl Pts',(19.4560148106696,3.08442373253457,5.2));
#4928=CARTESIAN_POINT('Ctrl Pts',(19.455,3.09725281499597,5.2));
#4929=CARTESIAN_POINT('Origin',(0.,0.,5.2));
#4930=CARTESIAN_POINT('Origin',(19.455,-11.2275,2.2));
#4931=CARTESIAN_POINT('',(19.455,-19.455,5.2));
#4932=CARTESIAN_POINT('',(19.455,-11.2275,5.2));
#4933=CARTESIAN_POINT('',(22.455,-19.455,2.2));
#4934=CARTESIAN_POINT('Origin',(19.455,-19.455,2.2));
#4935=CARTESIAN_POINT('',(22.455,19.455,2.2));
#4936=CARTESIAN_POINT('',(22.455,22.455,2.2));
#4937=CARTESIAN_POINT('',(19.455,19.455,5.2));
#4938=CARTESIAN_POINT('Origin',(19.455,19.455,2.2));
#4939=CARTESIAN_POINT('',(19.455,-11.2275,5.2));
#4940=CARTESIAN_POINT('Origin',(-8.88178419700125E-15,0.,5.2));
#4941=CARTESIAN_POINT('',(-11.2275,-19.455,5.2));
#4942=CARTESIAN_POINT('Origin',(-8.88178419700125E-15,0.,5.2));
#4943=CARTESIAN_POINT('',(-19.455,-19.455,5.2));
#4944=CARTESIAN_POINT('',(-19.455,11.2275,5.2));
#4945=CARTESIAN_POINT('',(-11.2275,-19.455,5.2));
#4946=CARTESIAN_POINT('Origin',(-8.88178419700125E-15,0.,5.2));
#4947=CARTESIAN_POINT('',(-19.455,19.455,5.2));
#4948=CARTESIAN_POINT('',(11.2275,19.455,5.2));
#4949=CARTESIAN_POINT('',(-19.455,11.2275,5.2));
#4950=CARTESIAN_POINT('Origin',(-8.88178419700125E-15,0.,5.2));
#4951=CARTESIAN_POINT('',(11.2275,19.455,5.2));
#4952=CARTESIAN_POINT('Origin',(-11.2275,-19.455,2.2));
#4953=CARTESIAN_POINT('',(-19.455,-22.455,2.2));
#4954=CARTESIAN_POINT('Origin',(-19.455,-19.455,2.2));
#4955=CARTESIAN_POINT('',(19.455,-22.455,2.2));
#4956=CARTESIAN_POINT('',(22.455,-22.455,2.2));
#4957=CARTESIAN_POINT('Origin',(19.455,-19.455,2.2));
#4958=CARTESIAN_POINT('Origin',(-19.455,11.2275,2.2));
#4959=CARTESIAN_POINT('',(-22.455,19.455,2.2));
#4960=CARTESIAN_POINT('Origin',(-19.455,19.455,2.2));
#4961=CARTESIAN_POINT('',(-22.455,-19.455,2.2));
#4962=CARTESIAN_POINT('',(-22.455,-22.455,2.2));
#4963=CARTESIAN_POINT('Origin',(-19.455,-19.455,2.2));
#4964=CARTESIAN_POINT('Origin',(11.2275,19.455,2.2));
#4965=CARTESIAN_POINT('',(19.455,22.455,2.2));
#4966=CARTESIAN_POINT('Origin',(19.455,19.455,2.2));
#4967=CARTESIAN_POINT('',(-19.455,22.455,2.2));
#4968=CARTESIAN_POINT('',(-22.455,22.455,2.2));
#4969=CARTESIAN_POINT('Origin',(-19.455,19.455,2.2));
#4970=CARTESIAN_POINT('Origin',(-19.455,19.455,2.2));
#4971=CARTESIAN_POINT('Origin',(-19.455,19.455,2.2));
#4972=CARTESIAN_POINT('Origin',(19.455,19.455,2.2));
#4973=CARTESIAN_POINT('Origin',(19.455,19.455,2.2));
#4974=CARTESIAN_POINT('Origin',(19.455,-19.455,2.2));
#4975=CARTESIAN_POINT('Origin',(19.455,-19.455,2.2));
#4976=CARTESIAN_POINT('Origin',(-19.455,-19.455,2.2));
#4977=CARTESIAN_POINT('Origin',(-19.455,-19.455,2.2));
#4978=CARTESIAN_POINT('Origin',(16.455,-16.455,-2.62950514405915));
#4979=CARTESIAN_POINT('',(17.605,-16.455,-2.975));
#4980=CARTESIAN_POINT('Origin',(16.455,-16.455,-2.975));
#4981=CARTESIAN_POINT('',(16.455,-16.455,-2.28401028811831));
#4982=CARTESIAN_POINT('',(17.03,-16.455,-2.62950514405915));
#4983=CARTESIAN_POINT('Origin',(16.455,-16.455,-6.475));
#4984=CARTESIAN_POINT('',(17.605,-16.455,-6.225));
#4985=CARTESIAN_POINT('Origin',(16.455,-16.455,-6.225));
#4986=CARTESIAN_POINT('',(17.605,-16.455,-6.475));
#4987=CARTESIAN_POINT('Origin',(-16.455,16.455,-2.62950514405915));
#4988=CARTESIAN_POINT('',(-15.305,16.455,-2.975));
#4989=CARTESIAN_POINT('Origin',(-16.455,16.455,-2.975));
#4990=CARTESIAN_POINT('',(-16.455,16.455,-2.28401028811831));
#4991=CARTESIAN_POINT('',(-15.88,16.455,-2.62950514405915));
#4992=CARTESIAN_POINT('Origin',(-16.455,16.455,-6.475));
#4993=CARTESIAN_POINT('',(-15.305,16.455,-6.225));
#4994=CARTESIAN_POINT('Origin',(-16.455,16.455,-6.225));
#4995=CARTESIAN_POINT('',(-15.305,16.455,-6.475));
#4996=CARTESIAN_POINT('Origin',(-13.7567624279843,19.255,2.2));
#4997=CARTESIAN_POINT('',(-13.7567624279843,9.6275,2.2));
#4998=CARTESIAN_POINT('',(-13.7567624279843,9.6275,-6.225));
#4999=CARTESIAN_POINT('Origin',(3.33066907387547E-15,2.22044604925031E-15,
-6.225));
#5000=CARTESIAN_POINT('Origin',(8.25852485596864,-19.255,2.2));
#5001=CARTESIAN_POINT('',(11.0076436419765,-16.5058812139921,2.2));
#5002=CARTESIAN_POINT('',(11.0076436419765,-16.5058812139921,-6.225));
#5003=CARTESIAN_POINT('Origin',(3.33066907387547E-15,2.22044604925031E-15,
-6.225));
#5004=CARTESIAN_POINT('Origin',(19.255,19.255,2.2));
#5005=CARTESIAN_POINT('',(19.255,19.255,2.2));
#5006=CARTESIAN_POINT('',(19.255,19.255,2.2));
#5007=CARTESIAN_POINT('',(19.255,9.6275,2.2));
#5008=CARTESIAN_POINT('Origin',(13.7567624279843,19.255,2.2));
#5009=CARTESIAN_POINT('',(13.7567624279843,19.255,2.2));
#5010=CARTESIAN_POINT('',(13.7567624279843,19.255,2.2));
#5011=CARTESIAN_POINT('',(6.87838121399214,19.255,2.2));
#5012=CARTESIAN_POINT('Origin',(13.7567624279843,13.7567624279843,2.2));
#5013=CARTESIAN_POINT('',(13.7567624279843,6.87838121399214,2.2));
#5014=CARTESIAN_POINT('Origin',(-8.25852485596867,-19.255,2.2));
#5015=CARTESIAN_POINT('',(-8.25852485596867,-19.255,2.2));
#5016=CARTESIAN_POINT('',(-8.25852485596867,-19.255,2.2));
#5017=CARTESIAN_POINT('',(-4.12926242798434,-19.255,2.2));
#5018=CARTESIAN_POINT('Origin',(-13.7567624279843,-13.7567624279843,2.2));
#5019=CARTESIAN_POINT('',(-13.7567624279843,-13.7567624279842,2.2));
#5020=CARTESIAN_POINT('Origin',(-8.88178419700125E-15,0.,2.2));
#5021=CARTESIAN_POINT('',(0.,0.,0.));
#5022=CARTESIAN_POINT('Origin',(19.455,11.2275,-36.71));
#5023=CARTESIAN_POINT('',(19.455,19.455,-39.71));
#5024=CARTESIAN_POINT('',(22.455,19.455,-36.71));
#5025=CARTESIAN_POINT('Origin',(19.455,19.455,-36.71));
#5026=CARTESIAN_POINT('',(22.455,-19.455,-36.71));
#5027=CARTESIAN_POINT('',(22.455,22.455,-36.71));
#5028=CARTESIAN_POINT('',(19.455,-19.455,-39.71));
#5029=CARTESIAN_POINT('Origin',(19.455,-19.455,-36.71));
#5030=CARTESIAN_POINT('',(19.455,11.2275,-39.71));
#5031=CARTESIAN_POINT('Origin',(-11.2275,19.455,-36.71));
#5032=CARTESIAN_POINT('',(-19.455,19.455,-39.71));
#5033=CARTESIAN_POINT('',(-19.455,22.455,-36.71));
#5034=CARTESIAN_POINT('Origin',(-19.455,19.455,-36.71));
#5035=CARTESIAN_POINT('',(19.455,22.455,-36.71));
#5036=CARTESIAN_POINT('',(-22.455,22.455,-36.71));
#5037=CARTESIAN_POINT('Origin',(19.455,19.455,-36.71));
#5038=CARTESIAN_POINT('',(-11.2275,19.455,-39.71));
#5039=CARTESIAN_POINT('Origin',(19.455,19.455,-36.71));
#5040=CARTESIAN_POINT('Origin',(19.455,19.455,-36.71));
#5041=CARTESIAN_POINT('Origin',(-19.455,-11.2275,-36.71));
#5042=CARTESIAN_POINT('',(-19.455,-19.455,-39.71));
#5043=CARTESIAN_POINT('',(-22.455,-19.455,-36.71));
#5044=CARTESIAN_POINT('Origin',(-19.455,-19.455,-36.71));
#5045=CARTESIAN_POINT('',(-22.455,19.455,-36.71));
#5046=CARTESIAN_POINT('',(-22.455,-22.455,-36.71));
#5047=CARTESIAN_POINT('Origin',(-19.455,19.455,-36.71));
#5048=CARTESIAN_POINT('',(-19.455,-11.2275,-39.71));
#5049=CARTESIAN_POINT('Origin',(-19.455,19.455,-36.71));
#5050=CARTESIAN_POINT('Origin',(-19.455,19.455,-36.71));
#5051=CARTESIAN_POINT('Origin',(11.2275,-19.455,-36.71));
#5052=CARTESIAN_POINT('',(19.455,-22.455,-36.71));
#5053=CARTESIAN_POINT('Origin',(19.455,-19.455,-36.71));
#5054=CARTESIAN_POINT('',(-19.455,-22.455,-36.71));
#5055=CARTESIAN_POINT('',(22.455,-22.455,-36.71));
#5056=CARTESIAN_POINT('Origin',(-19.455,-19.455,-36.71));
#5057=CARTESIAN_POINT('',(11.2275,-19.455,-39.71));
#5058=CARTESIAN_POINT('Origin',(-19.455,-19.455,-36.71));
#5059=CARTESIAN_POINT('Origin',(-19.455,-19.455,-36.71));
#5060=CARTESIAN_POINT('Origin',(19.455,-19.455,-36.71));
#5061=CARTESIAN_POINT('Origin',(19.455,-19.455,-36.71));
#5062=CARTESIAN_POINT('Origin',(-8.88178419700125E-15,8.88178419700125E-15,
-39.71));
#5063=CARTESIAN_POINT('',(18.655,16.455,-39.71));
#5064=CARTESIAN_POINT('Origin',(16.455,16.455,-39.71));
#5065=CARTESIAN_POINT('',(-14.255,-16.455,-39.71));
#5066=CARTESIAN_POINT('Origin',(-16.455,-16.455,-39.71));
#5067=CARTESIAN_POINT('Origin',(-8.88178419700125E-15,8.88178419700125E-15,
-36.71));
#5068=CARTESIAN_POINT('',(-15.305,-16.455,-36.71));
#5069=CARTESIAN_POINT('Origin',(-16.455,-16.455,-36.71));
#5070=CARTESIAN_POINT('',(17.605,16.455,-36.71));
#5071=CARTESIAN_POINT('Origin',(16.455,16.455,-36.71));
#5072=CARTESIAN_POINT('Origin',(-16.455,-16.455,-38.71));
#5073=CARTESIAN_POINT('',(-14.255,-16.455,-38.71));
#5074=CARTESIAN_POINT('Origin',(-16.455,-16.455,-38.71));
#5075=CARTESIAN_POINT('',(-15.305,-16.455,-38.71));
#5076=CARTESIAN_POINT('Origin',(-16.455,-16.455,-38.71));
#5077=CARTESIAN_POINT('Origin',(-16.455,-16.455,-39.21));
#5078=CARTESIAN_POINT('',(-14.255,-16.455,-39.21));
#5079=CARTESIAN_POINT('Origin',(-16.455,-16.455,-36.21));
#5080=CARTESIAN_POINT('',(-15.305,-16.455,-36.21));
#5081=CARTESIAN_POINT('Origin',(16.455,16.455,-38.71));
#5082=CARTESIAN_POINT('',(18.655,16.455,-38.71));
#5083=CARTESIAN_POINT('Origin',(16.455,16.455,-38.71));
#5084=CARTESIAN_POINT('',(17.605,16.455,-38.71));
#5085=CARTESIAN_POINT('Origin',(16.455,16.455,-38.71));
#5086=CARTESIAN_POINT('Origin',(16.455,16.455,-39.21));
#5087=CARTESIAN_POINT('',(18.655,16.455,-39.21));
#5088=CARTESIAN_POINT('Origin',(16.455,16.455,-36.21));
#5089=CARTESIAN_POINT('',(17.605,16.455,-36.21));
#5090=CARTESIAN_POINT('',(0.,0.,0.));
#5091=CARTESIAN_POINT('Origin',(-5.25499999999999,-4.045,-10.975));
#5092=CARTESIAN_POINT('',(-13.255,-4.045,-10.975));
#5093=CARTESIAN_POINT('',(-5.25499999999999,-4.045,-10.975));
#5094=CARTESIAN_POINT('',(-5.25499999999999,-4.045,-10.975));
#5095=CARTESIAN_POINT('',(-13.255,-4.045,-9.975));
#5096=CARTESIAN_POINT('',(-13.255,-4.045,-10.975));
#5097=CARTESIAN_POINT('',(-5.25499999999999,-4.045,-9.975));
#5098=CARTESIAN_POINT('',(-5.25499999999999,-4.045,-9.975));
#5099=CARTESIAN_POINT('',(-5.25499999999999,-4.045,-10.975));
#5100=CARTESIAN_POINT('Origin',(-5.25499999999999,3.955,-10.975));
#5101=CARTESIAN_POINT('',(-5.25499999999999,3.955,-10.975));
#5102=CARTESIAN_POINT('',(-5.25499999999999,3.955,-10.975));
#5103=CARTESIAN_POINT('',(-5.25499999999999,3.955,-9.975));
#5104=CARTESIAN_POINT('',(-5.25499999999999,3.955,-9.975));
#5105=CARTESIAN_POINT('',(-5.25499999999999,3.955,-10.975));
#5106=CARTESIAN_POINT('Origin',(-13.255,3.955,-10.975));
#5107=CARTESIAN_POINT('',(-13.255,3.955,-10.975));
#5108=CARTESIAN_POINT('',(-13.255,3.955,-10.975));
#5109=CARTESIAN_POINT('',(-13.255,3.955,-9.975));
#5110=CARTESIAN_POINT('',(-13.255,3.955,-9.975));
#5111=CARTESIAN_POINT('',(-13.255,3.955,-10.975));
#5112=CARTESIAN_POINT('Origin',(-13.255,-4.045,-10.975));
#5113=CARTESIAN_POINT('',(-13.255,-4.045,-10.975));
#5114=CARTESIAN_POINT('',(-13.255,-4.045,-9.975));
#5115=CARTESIAN_POINT('Origin',(-19.255,19.255,-10.975));
#5116=CARTESIAN_POINT('',(-19.255,-13.255,-10.975));
#5117=CARTESIAN_POINT('',(-19.255,19.255,-10.975));
#5118=CARTESIAN_POINT('',(-19.255,-13.255,-10.975));
#5119=CARTESIAN_POINT('',(-19.255,-13.255,-9.975));
#5120=CARTESIAN_POINT('',(-19.255,-13.255,-10.975));
#5121=CARTESIAN_POINT('',(-19.255,19.255,-9.975));
#5122=CARTESIAN_POINT('',(-19.255,-13.255,-9.975));
#5123=CARTESIAN_POINT('',(-19.255,19.255,-10.975));
#5124=CARTESIAN_POINT('Origin',(-13.9567624279843,19.255,-10.975));
#5125=CARTESIAN_POINT('',(-13.9567624279843,19.255,-10.975));
#5126=CARTESIAN_POINT('',(13.255,19.255,-10.975));
#5127=CARTESIAN_POINT('',(-13.9567624279843,19.255,-9.975));
#5128=CARTESIAN_POINT('',(13.255,19.255,-9.975));
#5129=CARTESIAN_POINT('',(-13.9567624279843,19.255,-10.975));
#5130=CARTESIAN_POINT('Origin',(-13.9567624279843,12.255,-10.975));
#5131=CARTESIAN_POINT('',(-13.9567624279843,12.255,-10.975));
#5132=CARTESIAN_POINT('',(-13.9567624279843,19.455,-10.975));
#5133=CARTESIAN_POINT('',(-13.9567624279843,12.255,-9.975));
#5134=CARTESIAN_POINT('',(-13.9567624279843,19.455,-9.975));
#5135=CARTESIAN_POINT('',(-13.9567624279843,12.255,-10.975));
#5136=CARTESIAN_POINT('Origin',(13.9567624279843,12.255,-10.975));
#5137=CARTESIAN_POINT('',(13.9567624279843,12.255,-10.975));
#5138=CARTESIAN_POINT('',(-13.9567624279843,12.255,-10.975));
#5139=CARTESIAN_POINT('',(13.9567624279843,12.255,-9.975));
#5140=CARTESIAN_POINT('',(-13.9567624279843,12.255,-9.975));
#5141=CARTESIAN_POINT('',(13.9567624279843,12.255,-10.975));
#5142=CARTESIAN_POINT('Origin',(13.9567624279843,13.255,-10.975));
#5143=CARTESIAN_POINT('',(13.9567624279843,13.255,-10.975));
#5144=CARTESIAN_POINT('',(13.9567624279843,12.255,-10.975));
#5145=CARTESIAN_POINT('',(13.9567624279843,13.255,-9.975));
#5146=CARTESIAN_POINT('',(13.9567624279843,12.255,-9.975));
#5147=CARTESIAN_POINT('',(13.9567624279843,13.255,-10.975));
#5148=CARTESIAN_POINT('Origin',(19.255,13.255,-10.975));
#5149=CARTESIAN_POINT('',(19.255,13.255,-10.975));
#5150=CARTESIAN_POINT('',(19.255,13.255,-10.975));
#5151=CARTESIAN_POINT('',(19.255,13.255,-9.975));
#5152=CARTESIAN_POINT('',(19.255,13.255,-9.975));
#5153=CARTESIAN_POINT('',(19.255,13.255,-10.975));
#5154=CARTESIAN_POINT('Origin',(19.255,-19.255,-10.975));
#5155=CARTESIAN_POINT('',(19.255,-19.255,-10.975));
#5156=CARTESIAN_POINT('',(19.255,-19.255,-10.975));
#5157=CARTESIAN_POINT('',(19.255,-19.255,-9.975));
#5158=CARTESIAN_POINT('',(19.255,-19.255,-9.975));
#5159=CARTESIAN_POINT('',(19.255,-19.255,-10.975));
#5160=CARTESIAN_POINT('Origin',(-13.255,-19.255,-10.975));
#5161=CARTESIAN_POINT('',(-13.255,-19.255,-10.975));
#5162=CARTESIAN_POINT('',(-13.255,-19.255,-10.975));
#5163=CARTESIAN_POINT('',(-13.255,-19.255,-9.975));
#5164=CARTESIAN_POINT('',(-13.255,-19.255,-9.975));
#5165=CARTESIAN_POINT('',(-13.255,-19.255,-10.975));
#5166=CARTESIAN_POINT('Origin',(-13.255,-13.255,-10.975));
#5167=CARTESIAN_POINT('',(-13.255,-13.255,-10.975));
#5168=CARTESIAN_POINT('',(-13.255,-13.255,-10.975));
#5169=CARTESIAN_POINT('',(-13.255,-13.255,-9.975));
#5170=CARTESIAN_POINT('',(-13.255,-13.255,-9.975));
#5171=CARTESIAN_POINT('',(-13.255,-13.255,-10.975));
#5172=CARTESIAN_POINT('Origin',(-19.255,-13.255,-10.975));
#5173=CARTESIAN_POINT('',(-13.255,-13.255,-10.975));
#5174=CARTESIAN_POINT('',(-13.255,-13.255,-9.975));
#5175=CARTESIAN_POINT('Origin',(-6.66133814775094E-15,-1.77635683940025E-14,
-10.975));
#5176=CARTESIAN_POINT('Origin',(-6.66133814775094E-15,-1.77635683940025E-14,
-9.975));
#5177=CARTESIAN_POINT('',(0.,0.,0.));
#5178=CARTESIAN_POINT('',(0.,0.,0.));
#5179=CARTESIAN_POINT('',(0.,0.,0.));
#5180=CARTESIAN_POINT('',(0.,0.,0.));
#5181=UNCERTAINTY_MEASURE_WITH_UNIT(LENGTH_MEASURE(0.01),#5193,
'DISTANCE_ACCURACY_VALUE',
'Maximum model space distance between geometric entities at asserted c
onnectivities');
#5182=UNCERTAINTY_MEASURE_WITH_UNIT(LENGTH_MEASURE(0.01),#5193,
'DISTANCE_ACCURACY_VALUE',
'Maximum model space distance between geometric entities at asserted c
onnectivities');
#5183=UNCERTAINTY_MEASURE_WITH_UNIT(LENGTH_MEASURE(0.01),#5193,
'DISTANCE_ACCURACY_VALUE',
'Maximum model space distance between geometric entities at asserted c
onnectivities');
#5184=UNCERTAINTY_MEASURE_WITH_UNIT(LENGTH_MEASURE(0.01),#5193,
'DISTANCE_ACCURACY_VALUE',
'Maximum model space distance between geometric entities at asserted c
onnectivities');
#5185=UNCERTAINTY_MEASURE_WITH_UNIT(LENGTH_MEASURE(0.01),#5193,
'DISTANCE_ACCURACY_VALUE',
'Maximum model space distance between geometric entities at asserted c
onnectivities');
#5186=UNCERTAINTY_MEASURE_WITH_UNIT(LENGTH_MEASURE(0.01),#5193,
'DISTANCE_ACCURACY_VALUE',
'Maximum model space distance between geometric entities at asserted c
onnectivities');
#5187=(
GEOMETRIC_REPRESENTATION_CONTEXT(3)
GLOBAL_UNCERTAINTY_ASSIGNED_CONTEXT((#5181))
GLOBAL_UNIT_ASSIGNED_CONTEXT((#5193,#5195,#5196))
REPRESENTATION_CONTEXT('','3D')
);
#5188=(
GEOMETRIC_REPRESENTATION_CONTEXT(3)
GLOBAL_UNCERTAINTY_ASSIGNED_CONTEXT((#5182))
GLOBAL_UNIT_ASSIGNED_CONTEXT((#5193,#5195,#5196))
REPRESENTATION_CONTEXT('','3D')
);
#5189=(
GEOMETRIC_REPRESENTATION_CONTEXT(3)
GLOBAL_UNCERTAINTY_ASSIGNED_CONTEXT((#5183))
GLOBAL_UNIT_ASSIGNED_CONTEXT((#5193,#5195,#5196))
REPRESENTATION_CONTEXT('','3D')
);
#5190=(
GEOMETRIC_REPRESENTATION_CONTEXT(3)
GLOBAL_UNCERTAINTY_ASSIGNED_CONTEXT((#5184))
GLOBAL_UNIT_ASSIGNED_CONTEXT((#5193,#5195,#5196))
REPRESENTATION_CONTEXT('','3D')
);
#5191=(
GEOMETRIC_REPRESENTATION_CONTEXT(3)
GLOBAL_UNCERTAINTY_ASSIGNED_CONTEXT((#5185))
GLOBAL_UNIT_ASSIGNED_CONTEXT((#5193,#5195,#5196))
REPRESENTATION_CONTEXT('','3D')
);
#5192=(
GEOMETRIC_REPRESENTATION_CONTEXT(3)
GLOBAL_UNCERTAINTY_ASSIGNED_CONTEXT((#5186))
GLOBAL_UNIT_ASSIGNED_CONTEXT((#5193,#5195,#5196))
REPRESENTATION_CONTEXT('','3D')
);
#5193=(
LENGTH_UNIT()
NAMED_UNIT(*)
SI_UNIT(.MILLI.,.METRE.)
);
#5194=(
LENGTH_UNIT()
NAMED_UNIT(*)
SI_UNIT($,.METRE.)
);
#5195=(
NAMED_UNIT(*)
PLANE_ANGLE_UNIT()
SI_UNIT($,.RADIAN.)
);
#5196=(
NAMED_UNIT(*)
SI_UNIT($,.STERADIAN.)
SOLID_ANGLE_UNIT()
);
#5197=SHAPE_DEFINITION_REPRESENTATION(#5202,#5211);
#5198=SHAPE_DEFINITION_REPRESENTATION(#5203,#5212);
#5199=SHAPE_DEFINITION_REPRESENTATION(#5204,#5213);
#5200=SHAPE_DEFINITION_REPRESENTATION(#5205,#5214);
#5201=SHAPE_DEFINITION_REPRESENTATION(#5206,#5215);
#5202=PRODUCT_DEFINITION_SHAPE('',$,#5217);
#5203=PRODUCT_DEFINITION_SHAPE('',$,#5218);
#5204=PRODUCT_DEFINITION_SHAPE('',$,#5219);
#5205=PRODUCT_DEFINITION_SHAPE('',$,#5220);
#5206=PRODUCT_DEFINITION_SHAPE('',$,#5221);
#5207=PRODUCT_DEFINITION_SHAPE($,$,#23);
#5208=PRODUCT_DEFINITION_SHAPE($,$,#24);
#5209=PRODUCT_DEFINITION_SHAPE($,$,#25);
#5210=PRODUCT_DEFINITION_SHAPE($,$,#26);
#5211=SHAPE_REPRESENTATION('',(#3099,#3345,#3346,#3347,#3348),#5187);
#5212=SHAPE_REPRESENTATION('',(#3100),#5188);
#5213=SHAPE_REPRESENTATION('',(#3210),#5189);
#5214=SHAPE_REPRESENTATION('',(#3291),#5190);
#5215=SHAPE_REPRESENTATION('',(#3328),#5191);
#5216=PRODUCT_DEFINITION_CONTEXT('part definition',#5233,'design');
#5217=PRODUCT_DEFINITION('Pomodoro Cube','Pomodoro Cube',#5222,#5216);
#5218=PRODUCT_DEFINITION('Center','Center',#5223,#5216);
#5219=PRODUCT_DEFINITION('Face','Face',#5224,#5216);
#5220=PRODUCT_DEFINITION('Back','Back',#5225,#5216);
#5221=PRODUCT_DEFINITION('Barrier','Barrier',#5226,#5216);
#5222=PRODUCT_DEFINITION_FORMATION('',$,#5235);
#5223=PRODUCT_DEFINITION_FORMATION('',$,#5236);
#5224=PRODUCT_DEFINITION_FORMATION('',$,#5237);
#5225=PRODUCT_DEFINITION_FORMATION('',$,#5238);
#5226=PRODUCT_DEFINITION_FORMATION('',$,#5239);
#5227=PRODUCT_RELATED_PRODUCT_CATEGORY('Pomodoro Cube','Pomodoro Cube',
(#5235));
#5228=PRODUCT_RELATED_PRODUCT_CATEGORY('Center','Center',(#5236));
#5229=PRODUCT_RELATED_PRODUCT_CATEGORY('Face','Face',(#5237));
#5230=PRODUCT_RELATED_PRODUCT_CATEGORY('Back','Back',(#5238));
#5231=PRODUCT_RELATED_PRODUCT_CATEGORY('Barrier','Barrier',(#5239));
#5232=APPLICATION_PROTOCOL_DEFINITION('international standard',
'automotive_design',2009,#5233);
#5233=APPLICATION_CONTEXT(
'Core Data for Automotive Mechanical Design Process');
#5234=PRODUCT_CONTEXT('part definition',#5233,'mechanical');
#5235=PRODUCT('Pomodoro Cube','Pomodoro Cube',$,(#5234));
#5236=PRODUCT('Center','Center',$,(#5234));
#5237=PRODUCT('Face','Face',$,(#5234));
#5238=PRODUCT('Back','Back',$,(#5234));
#5239=PRODUCT('Barrier','Barrier',$,(#5234));
#5240=PRESENTATION_STYLE_ASSIGNMENT((#5241));
#5241=SURFACE_STYLE_USAGE(.BOTH.,#5242);
#5242=SURFACE_SIDE_STYLE('',(#5243));
#5243=SURFACE_STYLE_FILL_AREA(#5244);
#5244=FILL_AREA_STYLE('Steel - Satin',(#5245));
#5245=FILL_AREA_STYLE_COLOUR('Steel - Satin',#5246);
#5246=COLOUR_RGB('Steel - Satin',0.627450980392157,0.627450980392157,0.627450980392157);
ENDSEC;
END-ISO-10303-21;
