ISO-10303-21;
HEADER;
/* Generated by software containing ST-Developer
 * from STEP Tools, Inc. (www.steptools.com) 
 */

FILE_DESCRIPTION(
/* description */ (''),
/* implementation_level */ '2;1');

FILE_NAME(
/* name */ 'pomodoro-cube-center.step',
/* time_stamp */ '2026-09-30T18:16:23-05:00',
/* author */ (''),
/* organization */ (''),
/* preprocessor_version */ 'ST-DEVELOPER v20.1',
/* originating_system */ 'Autodesk Translation Framework v15.8.0.0',
/* authorisation */ '');

FILE_SCHEMA (('AUTOMOTIVE_DESIGN { 1 0 10303 214 3 1 1 }'));
ENDSEC;

DATA;
#10=MECHANICAL_DESIGN_GEOMETRIC_PRESENTATION_REPRESENTATION('',(#13),#2818);
#11=SHAPE_REPRESENTATION_RELATIONSHIP('SRR','None',#2825,#12);
#12=ADVANCED_BREP_SHAPE_REPRESENTATION('',(#14),#2817);
#13=STYLED_ITEM('',(#2834),#14);
#14=MANIFOLD_SOLID_BREP('Center',#1694);
#15=CONICAL_SURFACE('',#1768,0.575,1.02974425867665);
#16=CONICAL_SURFACE('',#1772,0.575,1.02974425867665);
#17=CYLINDRICAL_SURFACE('',#1739,2.5);
#18=CYLINDRICAL_SURFACE('',#1753,2.5);
#19=CYLINDRICAL_SURFACE('',#1757,3.);
#20=CYLINDRICAL_SURFACE('',#1760,3.);
#21=CYLINDRICAL_SURFACE('',#1763,3.);
#22=CYLINDRICAL_SURFACE('',#1766,3.);
#23=CYLINDRICAL_SURFACE('',#1770,1.15);
#24=CYLINDRICAL_SURFACE('',#1774,1.15);
#25=CYLINDRICAL_SURFACE('',#1791,2.2);
#26=CYLINDRICAL_SURFACE('',#1793,1.15);
#27=CYLINDRICAL_SURFACE('',#1798,2.2);
#28=CYLINDRICAL_SURFACE('',#1800,1.15);
#29=B_SPLINE_SURFACE_WITH_KNOTS('',3,1,((#2334,#2335),(#2336,#2337),(#2338,
#2339),(#2340,#2341),(#2342,#2343),(#2344,#2345),(#2346,#2347)),
 .UNSPECIFIED.,.F.,.F.,.F.,(4,3,4),(2,2),(-1.5707963267949,-1.04474078998659,
0.),(0.,0.329999999999997),.UNSPECIFIED.);
#30=B_SPLINE_SURFACE_WITH_KNOTS('',3,1,((#2364,#2365),(#2366,#2367),(#2368,
#2369),(#2370,#2371),(#2372,#2373),(#2374,#2375),(#2376,#2377)),
 .UNSPECIFIED.,.F.,.F.,.F.,(4,3,4),(2,2),(0.,0.526055536808307,1.5707963267949),
(0.,0.329999999999997),.UNSPECIFIED.);
#31=B_SPLINE_SURFACE_WITH_KNOTS('',3,1,((#2760,#2761),(#2762,#2763),(#2764,
#2765),(#2766,#2767),(#2768,#2769),(#2770,#2771),(#2772,#2773)),
 .UNSPECIFIED.,.F.,.F.,.F.,(4,3,4),(2,2),(-1.5707963267949,-1.04474078998659,
2.44930148658416E-16),(0.,0.329999999999997),.UNSPECIFIED.);
#32=B_SPLINE_SURFACE_WITH_KNOTS('',3,1,((#2787,#2788),(#2789,#2790),(#2791,
#2792),(#2793,#2794),(#2795,#2796),(#2797,#2798),(#2799,#2800)),
 .UNSPECIFIED.,.F.,.F.,.F.,(4,3,4),(2,2),(0.,0.526055536808307,1.5707963267949),
(0.,0.329999999999997),.UNSPECIFIED.);
#33=FACE_BOUND('',#176,.T.);
#34=FACE_BOUND('',#218,.T.);
#35=FACE_BOUND('',#221,.T.);
#36=FACE_BOUND('',#222,.T.);
#37=FACE_BOUND('',#223,.T.);
#38=FACE_BOUND('',#226,.T.);
#39=FACE_BOUND('',#227,.T.);
#40=FACE_BOUND('',#228,.T.);
#41=FACE_BOUND('',#247,.T.);
#42=FACE_BOUND('',#251,.T.);
#43=FACE_BOUND('',#258,.T.);
#44=FACE_BOUND('',#265,.T.);
#45=FACE_BOUND('',#267,.T.);
#46=FACE_BOUND('',#273,.T.);
#47=FACE_BOUND('',#274,.T.);
#48=FACE_BOUND('',#276,.T.);
#49=FACE_BOUND('',#277,.T.);
#50=FACE_BOUND('',#278,.T.);
#51=CIRCLE('',#1712,3.);
#52=CIRCLE('',#1713,3.);
#53=CIRCLE('',#1714,3.);
#54=CIRCLE('',#1715,3.);
#55=CIRCLE('',#1740,2.5);
#56=CIRCLE('',#1741,2.5);
#57=CIRCLE('',#1754,2.5);
#58=CIRCLE('',#1755,2.5);
#59=CIRCLE('',#1758,3.);
#60=CIRCLE('',#1761,3.);
#61=CIRCLE('',#1764,3.);
#62=CIRCLE('',#1767,3.);
#63=CIRCLE('',#1769,1.15);
#64=CIRCLE('',#1771,1.15);
#65=CIRCLE('',#1773,1.15);
#66=CIRCLE('',#1775,1.15);
#67=CIRCLE('',#1789,2.2);
#68=CIRCLE('',#1790,1.15);
#69=CIRCLE('',#1792,2.2);
#70=CIRCLE('',#1794,1.15);
#71=CIRCLE('',#1796,2.2);
#72=CIRCLE('',#1797,1.15);
#73=CIRCLE('',#1799,2.2);
#74=CIRCLE('',#1801,1.15);
#75=B_SPLINE_CURVE_WITH_KNOTS('',3,(#2253,#2254,#2255,#2256,#2257,#2258,
#2259),.UNSPECIFIED.,.F.,.F.,(4,3,4),(-0.437797994993088,-0.291180603965944,
0.),.UNSPECIFIED.);
#76=B_SPLINE_CURVE_WITH_KNOTS('',3,(#2263,#2264,#2265,#2266,#2267,#2268,
#2269),.UNSPECIFIED.,.F.,.F.,(4,3,4),(-0.437798022035673,-0.291180621952038,
0.),.UNSPECIFIED.);
#77=B_SPLINE_CURVE_WITH_KNOTS('',3,(#2273,#2274,#2275,#2276,#2277,#2278,
#2279),.UNSPECIFIED.,.F.,.F.,(4,3,4),(-0.437797994993086,-0.291180603965942,
0.),.UNSPECIFIED.);
#78=B_SPLINE_CURVE_WITH_KNOTS('',3,(#2283,#2284,#2285,#2286,#2287,#2288,
#2289),.UNSPECIFIED.,.F.,.F.,(4,3,4),(-0.437798022035668,-0.291180621952035,
-5.55111512312578E-17),.UNSPECIFIED.);
#79=B_SPLINE_CURVE_WITH_KNOTS('',3,(#2351,#2352,#2353,#2354,#2355,#2356,
#2357),.UNSPECIFIED.,.F.,.F.,(4,3,4),(-1.5707963267949,-1.04474078998659,
0.),.UNSPECIFIED.);
#80=B_SPLINE_CURVE_WITH_KNOTS('',3,(#2380,#2381,#2382,#2383,#2384,#2385,
#2386),.UNSPECIFIED.,.F.,.F.,(4,3,4),(1.11022302462516E-16,0.526055536808307,
1.5707963267949),.UNSPECIFIED.);
#81=B_SPLINE_CURVE_WITH_KNOTS('',3,(#2776,#2777,#2778,#2779,#2780,#2781,
#2782),.UNSPECIFIED.,.F.,.F.,(4,3,4),(-1.5707963267949,-1.04474078998659,
2.28855437333844E-17),.UNSPECIFIED.);
#82=B_SPLINE_CURVE_WITH_KNOTS('',3,(#2802,#2803,#2804,#2805,#2806,#2807,
#2808),.UNSPECIFIED.,.F.,.F.,(4,3,4),(1.11022302462516E-16,0.526055536808307,
1.5707963267949),.UNSPECIFIED.);
#83=FACE_OUTER_BOUND('',#172,.T.);
#84=FACE_OUTER_BOUND('',#173,.T.);
#85=FACE_OUTER_BOUND('',#174,.T.);
#86=FACE_OUTER_BOUND('',#175,.T.);
#87=FACE_OUTER_BOUND('',#177,.T.);
#88=FACE_OUTER_BOUND('',#178,.T.);
#89=FACE_OUTER_BOUND('',#179,.T.);
#90=FACE_OUTER_BOUND('',#180,.T.);
#91=FACE_OUTER_BOUND('',#181,.T.);
#92=FACE_OUTER_BOUND('',#182,.T.);
#93=FACE_OUTER_BOUND('',#183,.T.);
#94=FACE_OUTER_BOUND('',#184,.T.);
#95=FACE_OUTER_BOUND('',#185,.T.);
#96=FACE_OUTER_BOUND('',#186,.T.);
#97=FACE_OUTER_BOUND('',#187,.T.);
#98=FACE_OUTER_BOUND('',#188,.T.);
#99=FACE_OUTER_BOUND('',#189,.T.);
#100=FACE_OUTER_BOUND('',#190,.T.);
#101=FACE_OUTER_BOUND('',#191,.T.);
#102=FACE_OUTER_BOUND('',#192,.T.);
#103=FACE_OUTER_BOUND('',#193,.T.);
#104=FACE_OUTER_BOUND('',#194,.T.);
#105=FACE_OUTER_BOUND('',#195,.T.);
#106=FACE_OUTER_BOUND('',#196,.T.);
#107=FACE_OUTER_BOUND('',#197,.T.);
#108=FACE_OUTER_BOUND('',#198,.T.);
#109=FACE_OUTER_BOUND('',#199,.T.);
#110=FACE_OUTER_BOUND('',#200,.T.);
#111=FACE_OUTER_BOUND('',#201,.T.);
#112=FACE_OUTER_BOUND('',#202,.T.);
#113=FACE_OUTER_BOUND('',#203,.T.);
#114=FACE_OUTER_BOUND('',#204,.T.);
#115=FACE_OUTER_BOUND('',#205,.T.);
#116=FACE_OUTER_BOUND('',#206,.T.);
#117=FACE_OUTER_BOUND('',#207,.T.);
#118=FACE_OUTER_BOUND('',#208,.T.);
#119=FACE_OUTER_BOUND('',#209,.T.);
#120=FACE_OUTER_BOUND('',#210,.T.);
#121=FACE_OUTER_BOUND('',#211,.T.);
#122=FACE_OUTER_BOUND('',#212,.T.);
#123=FACE_OUTER_BOUND('',#213,.T.);
#124=FACE_OUTER_BOUND('',#214,.T.);
#125=FACE_OUTER_BOUND('',#215,.T.);
#126=FACE_OUTER_BOUND('',#216,.T.);
#127=FACE_OUTER_BOUND('',#217,.T.);
#128=FACE_OUTER_BOUND('',#219,.T.);
#129=FACE_OUTER_BOUND('',#220,.T.);
#130=FACE_OUTER_BOUND('',#224,.T.);
#131=FACE_OUTER_BOUND('',#225,.T.);
#132=FACE_OUTER_BOUND('',#229,.T.);
#133=FACE_OUTER_BOUND('',#230,.T.);
#134=FACE_OUTER_BOUND('',#231,.T.);
#135=FACE_OUTER_BOUND('',#232,.T.);
#136=FACE_OUTER_BOUND('',#233,.T.);
#137=FACE_OUTER_BOUND('',#234,.T.);
#138=FACE_OUTER_BOUND('',#235,.T.);
#139=FACE_OUTER_BOUND('',#236,.T.);
#140=FACE_OUTER_BOUND('',#237,.T.);
#141=FACE_OUTER_BOUND('',#238,.T.);
#142=FACE_OUTER_BOUND('',#239,.T.);
#143=FACE_OUTER_BOUND('',#240,.T.);
#144=FACE_OUTER_BOUND('',#241,.T.);
#145=FACE_OUTER_BOUND('',#242,.T.);
#146=FACE_OUTER_BOUND('',#243,.T.);
#147=FACE_OUTER_BOUND('',#244,.T.);
#148=FACE_OUTER_BOUND('',#245,.T.);
#149=FACE_OUTER_BOUND('',#246,.T.);
#150=FACE_OUTER_BOUND('',#248,.T.);
#151=FACE_OUTER_BOUND('',#249,.T.);
#152=FACE_OUTER_BOUND('',#250,.T.);
#153=FACE_OUTER_BOUND('',#252,.T.);
#154=FACE_OUTER_BOUND('',#253,.T.);
#155=FACE_OUTER_BOUND('',#254,.T.);
#156=FACE_OUTER_BOUND('',#255,.T.);
#157=FACE_OUTER_BOUND('',#256,.T.);
#158=FACE_OUTER_BOUND('',#257,.T.);
#159=FACE_OUTER_BOUND('',#259,.T.);
#160=FACE_OUTER_BOUND('',#260,.T.);
#161=FACE_OUTER_BOUND('',#261,.T.);
#162=FACE_OUTER_BOUND('',#262,.T.);
#163=FACE_OUTER_BOUND('',#263,.T.);
#164=FACE_OUTER_BOUND('',#264,.T.);
#165=FACE_OUTER_BOUND('',#266,.T.);
#166=FACE_OUTER_BOUND('',#268,.T.);
#167=FACE_OUTER_BOUND('',#269,.T.);
#168=FACE_OUTER_BOUND('',#270,.T.);
#169=FACE_OUTER_BOUND('',#271,.T.);
#170=FACE_OUTER_BOUND('',#272,.T.);
#171=FACE_OUTER_BOUND('',#275,.T.);
#172=EDGE_LOOP('',(#1068,#1069,#1070,#1071,#1072));
#173=EDGE_LOOP('',(#1073,#1074,#1075,#1076,#1077,#1078,#1079,#1080,#1081,
#1082,#1083,#1084));
#174=EDGE_LOOP('',(#1085,#1086,#1087,#1088,#1089));
#175=EDGE_LOOP('',(#1090,#1091,#1092,#1093,#1094,#1095,#1096,#1097));
#176=EDGE_LOOP('',(#1098,#1099,#1100,#1101,#1102,#1103,#1104,#1105));
#177=EDGE_LOOP('',(#1106,#1107,#1108,#1109));
#178=EDGE_LOOP('',(#1110,#1111,#1112,#1113));
#179=EDGE_LOOP('',(#1114,#1115,#1116,#1117,#1118,#1119,#1120,#1121));
#180=EDGE_LOOP('',(#1122,#1123,#1124,#1125));
#181=EDGE_LOOP('',(#1126,#1127,#1128,#1129));
#182=EDGE_LOOP('',(#1130,#1131,#1132,#1133));
#183=EDGE_LOOP('',(#1134,#1135,#1136,#1137));
#184=EDGE_LOOP('',(#1138,#1139,#1140,#1141));
#185=EDGE_LOOP('',(#1142,#1143,#1144,#1145));
#186=EDGE_LOOP('',(#1146,#1147,#1148,#1149));
#187=EDGE_LOOP('',(#1150,#1151,#1152,#1153));
#188=EDGE_LOOP('',(#1154,#1155,#1156,#1157));
#189=EDGE_LOOP('',(#1158,#1159,#1160,#1161));
#190=EDGE_LOOP('',(#1162,#1163,#1164,#1165));
#191=EDGE_LOOP('',(#1166,#1167,#1168,#1169));
#192=EDGE_LOOP('',(#1170,#1171,#1172,#1173));
#193=EDGE_LOOP('',(#1174,#1175,#1176,#1177));
#194=EDGE_LOOP('',(#1178,#1179,#1180,#1181));
#195=EDGE_LOOP('',(#1182,#1183,#1184,#1185));
#196=EDGE_LOOP('',(#1186,#1187,#1188,#1189));
#197=EDGE_LOOP('',(#1190,#1191,#1192,#1193));
#198=EDGE_LOOP('',(#1194,#1195,#1196,#1197));
#199=EDGE_LOOP('',(#1198,#1199,#1200,#1201));
#200=EDGE_LOOP('',(#1202,#1203,#1204,#1205));
#201=EDGE_LOOP('',(#1206,#1207,#1208,#1209));
#202=EDGE_LOOP('',(#1210,#1211,#1212,#1213));
#203=EDGE_LOOP('',(#1214));
#204=EDGE_LOOP('',(#1215,#1216,#1217,#1218));
#205=EDGE_LOOP('',(#1219,#1220,#1221,#1222));
#206=EDGE_LOOP('',(#1223,#1224,#1225,#1226));
#207=EDGE_LOOP('',(#1227,#1228,#1229,#1230));
#208=EDGE_LOOP('',(#1231,#1232,#1233,#1234));
#209=EDGE_LOOP('',(#1235,#1236,#1237,#1238));
#210=EDGE_LOOP('',(#1239,#1240,#1241,#1242));
#211=EDGE_LOOP('',(#1243,#1244,#1245,#1246));
#212=EDGE_LOOP('',(#1247,#1248,#1249,#1250));
#213=EDGE_LOOP('',(#1251,#1252,#1253,#1254));
#214=EDGE_LOOP('',(#1255,#1256,#1257,#1258));
#215=EDGE_LOOP('',(#1259));
#216=EDGE_LOOP('',(#1260,#1261,#1262,#1263));
#217=EDGE_LOOP('',(#1264,#1265,#1266,#1267));
#218=EDGE_LOOP('',(#1268));
#219=EDGE_LOOP('',(#1269,#1270,#1271,#1272));
#220=EDGE_LOOP('',(#1273,#1274,#1275,#1276));
#221=EDGE_LOOP('',(#1277));
#222=EDGE_LOOP('',(#1278,#1279,#1280,#1281));
#223=EDGE_LOOP('',(#1282,#1283,#1284,#1285));
#224=EDGE_LOOP('',(#1286,#1287,#1288,#1289));
#225=EDGE_LOOP('',(#1290,#1291,#1292,#1293));
#226=EDGE_LOOP('',(#1294,#1295,#1296,#1297));
#227=EDGE_LOOP('',(#1298,#1299,#1300,#1301));
#228=EDGE_LOOP('',(#1302,#1303,#1304,#1305));
#229=EDGE_LOOP('',(#1306,#1307,#1308,#1309));
#230=EDGE_LOOP('',(#1310,#1311,#1312));
#231=EDGE_LOOP('',(#1313,#1314,#1315,#1316));
#232=EDGE_LOOP('',(#1317,#1318,#1319));
#233=EDGE_LOOP('',(#1320,#1321,#1322,#1323));
#234=EDGE_LOOP('',(#1324,#1325,#1326));
#235=EDGE_LOOP('',(#1327,#1328,#1329));
#236=EDGE_LOOP('',(#1330,#1331,#1332,#1333,#1334,#1335,#1336,#1337,#1338,
#1339,#1340,#1341,#1342,#1343));
#237=EDGE_LOOP('',(#1344,#1345,#1346));
#238=EDGE_LOOP('',(#1347,#1348,#1349));
#239=EDGE_LOOP('',(#1350,#1351,#1352,#1353,#1354,#1355,#1356,#1357,#1358,
#1359,#1360,#1361,#1362,#1363));
#240=EDGE_LOOP('',(#1364,#1365,#1366,#1367));
#241=EDGE_LOOP('',(#1368,#1369,#1370,#1371));
#242=EDGE_LOOP('',(#1372,#1373,#1374,#1375,#1376,#1377));
#243=EDGE_LOOP('',(#1378,#1379,#1380,#1381));
#244=EDGE_LOOP('',(#1382,#1383,#1384,#1385));
#245=EDGE_LOOP('',(#1386,#1387,#1388,#1389,#1390,#1391,#1392,#1393,#1394,
#1395,#1396,#1397,#1398,#1399));
#246=EDGE_LOOP('',(#1400,#1401));
#247=EDGE_LOOP('',(#1402));
#248=EDGE_LOOP('',(#1403,#1404,#1405,#1406));
#249=EDGE_LOOP('',(#1407,#1408,#1409,#1410));
#250=EDGE_LOOP('',(#1411));
#251=EDGE_LOOP('',(#1412));
#252=EDGE_LOOP('',(#1413,#1414,#1415,#1416));
#253=EDGE_LOOP('',(#1417,#1418,#1419,#1420));
#254=EDGE_LOOP('',(#1421,#1422,#1423,#1424,#1425,#1426));
#255=EDGE_LOOP('',(#1427,#1428,#1429,#1430));
#256=EDGE_LOOP('',(#1431,#1432,#1433,#1434,#1435,#1436,#1437,#1438));
#257=EDGE_LOOP('',(#1439,#1440,#1441,#1442,#1443,#1444));
#258=EDGE_LOOP('',(#1445));
#259=EDGE_LOOP('',(#1446,#1447,#1448,#1449));
#260=EDGE_LOOP('',(#1450,#1451,#1452,#1453));
#261=EDGE_LOOP('',(#1454,#1455,#1456,#1457));
#262=EDGE_LOOP('',(#1458,#1459,#1460,#1461));
#263=EDGE_LOOP('',(#1462,#1463,#1464,#1465));
#264=EDGE_LOOP('',(#1466,#1467,#1468,#1469,#1470,#1471,#1472,#1473));
#265=EDGE_LOOP('',(#1474));
#266=EDGE_LOOP('',(#1475,#1476,#1477,#1478,#1479,#1480,#1481,#1482));
#267=EDGE_LOOP('',(#1483));
#268=EDGE_LOOP('',(#1484,#1485,#1486,#1487));
#269=EDGE_LOOP('',(#1488,#1489,#1490,#1491));
#270=EDGE_LOOP('',(#1492,#1493,#1494,#1495));
#271=EDGE_LOOP('',(#1496,#1497,#1498,#1499));
#272=EDGE_LOOP('',(#1500,#1501,#1502,#1503));
#273=EDGE_LOOP('',(#1504,#1505,#1506,#1507));
#274=EDGE_LOOP('',(#1508,#1509,#1510,#1511,#1512,#1513,#1514,#1515));
#275=EDGE_LOOP('',(#1516,#1517,#1518,#1519,#1520,#1521,#1522,#1523));
#276=EDGE_LOOP('',(#1524));
#277=EDGE_LOOP('',(#1525));
#278=EDGE_LOOP('',(#1526,#1527,#1528,#1529,#1530,#1531,#1532,#1533));
#279=LINE('',#2242,#480);
#280=LINE('',#2244,#481);
#281=LINE('',#2246,#482);
#282=LINE('',#2248,#483);
#283=LINE('',#2249,#484);
#284=LINE('',#2261,#485);
#285=LINE('',#2271,#486);
#286=LINE('',#2281,#487);
#287=LINE('',#2290,#488);
#288=LINE('',#2292,#489);
#289=LINE('',#2294,#490);
#290=LINE('',#2295,#491);
#291=LINE('',#2298,#492);
#292=LINE('',#2300,#493);
#293=LINE('',#2302,#494);
#294=LINE('',#2303,#495);
#295=LINE('',#2309,#496);
#296=LINE('',#2313,#497);
#297=LINE('',#2317,#498);
#298=LINE('',#2320,#499);
#299=LINE('',#2322,#500);
#300=LINE('',#2324,#501);
#301=LINE('',#2326,#502);
#302=LINE('',#2328,#503);
#303=LINE('',#2329,#504);
#304=LINE('',#2332,#505);
#305=LINE('',#2333,#506);
#306=LINE('',#2349,#507);
#307=LINE('',#2358,#508);
#308=LINE('',#2361,#509);
#309=LINE('',#2362,#510);
#310=LINE('',#2363,#511);
#311=LINE('',#2379,#512);
#312=LINE('',#2389,#513);
#313=LINE('',#2390,#514);
#314=LINE('',#2394,#515);
#315=LINE('',#2396,#516);
#316=LINE('',#2398,#517);
#317=LINE('',#2399,#518);
#318=LINE('',#2402,#519);
#319=LINE('',#2404,#520);
#320=LINE('',#2405,#521);
#321=LINE('',#2408,#522);
#322=LINE('',#2410,#523);
#323=LINE('',#2411,#524);
#324=LINE('',#2413,#525);
#325=LINE('',#2414,#526);
#326=LINE('',#2419,#527);
#327=LINE('',#2421,#528);
#328=LINE('',#2423,#529);
#329=LINE('',#2424,#530);
#330=LINE('',#2427,#531);
#331=LINE('',#2429,#532);
#332=LINE('',#2430,#533);
#333=LINE('',#2433,#534);
#334=LINE('',#2435,#535);
#335=LINE('',#2436,#536);
#336=LINE('',#2438,#537);
#337=LINE('',#2439,#538);
#338=LINE('',#2444,#539);
#339=LINE('',#2446,#540);
#340=LINE('',#2448,#541);
#341=LINE('',#2449,#542);
#342=LINE('',#2452,#543);
#343=LINE('',#2454,#544);
#344=LINE('',#2455,#545);
#345=LINE('',#2458,#546);
#346=LINE('',#2460,#547);
#347=LINE('',#2461,#548);
#348=LINE('',#2463,#549);
#349=LINE('',#2464,#550);
#350=LINE('',#2469,#551);
#351=LINE('',#2471,#552);
#352=LINE('',#2473,#553);
#353=LINE('',#2474,#554);
#354=LINE('',#2477,#555);
#355=LINE('',#2479,#556);
#356=LINE('',#2480,#557);
#357=LINE('',#2483,#558);
#358=LINE('',#2485,#559);
#359=LINE('',#2486,#560);
#360=LINE('',#2488,#561);
#361=LINE('',#2489,#562);
#362=LINE('',#2495,#563);
#363=LINE('',#2501,#564);
#364=LINE('',#2503,#565);
#365=LINE('',#2505,#566);
#366=LINE('',#2506,#567);
#367=LINE('',#2509,#568);
#368=LINE('',#2511,#569);
#369=LINE('',#2512,#570);
#370=LINE('',#2515,#571);
#371=LINE('',#2517,#572);
#372=LINE('',#2518,#573);
#373=LINE('',#2520,#574);
#374=LINE('',#2521,#575);
#375=LINE('',#2526,#576);
#376=LINE('',#2528,#577);
#377=LINE('',#2530,#578);
#378=LINE('',#2531,#579);
#379=LINE('',#2534,#580);
#380=LINE('',#2536,#581);
#381=LINE('',#2537,#582);
#382=LINE('',#2540,#583);
#383=LINE('',#2542,#584);
#384=LINE('',#2543,#585);
#385=LINE('',#2545,#586);
#386=LINE('',#2546,#587);
#387=LINE('',#2552,#588);
#388=LINE('',#2559,#589);
#389=LINE('',#2560,#590);
#390=LINE('',#2563,#591);
#391=LINE('',#2564,#592);
#392=LINE('',#2568,#593);
#393=LINE('',#2571,#594);
#394=LINE('',#2572,#595);
#395=LINE('',#2577,#596);
#396=LINE('',#2578,#597);
#397=LINE('',#2580,#598);
#398=LINE('',#2584,#599);
#399=LINE('',#2589,#600);
#400=LINE('',#2593,#601);
#401=LINE('',#2598,#602);
#402=LINE('',#2602,#603);
#403=LINE('',#2606,#604);
#404=LINE('',#2608,#605);
#405=LINE('',#2609,#606);
#406=LINE('',#2612,#607);
#407=LINE('',#2613,#608);
#408=LINE('',#2616,#609);
#409=LINE('',#2618,#610);
#410=LINE('',#2620,#611);
#411=LINE('',#2622,#612);
#412=LINE('',#2624,#613);
#413=LINE('',#2626,#614);
#414=LINE('',#2627,#615);
#415=LINE('',#2629,#616);
#416=LINE('',#2631,#617);
#417=LINE('',#2633,#618);
#418=LINE('',#2634,#619);
#419=LINE('',#2638,#620);
#420=LINE('',#2640,#621);
#421=LINE('',#2641,#622);
#422=LINE('',#2644,#623);
#423=LINE('',#2645,#624);
#424=LINE('',#2648,#625);
#425=LINE('',#2650,#626);
#426=LINE('',#2652,#627);
#427=LINE('',#2654,#628);
#428=LINE('',#2656,#629);
#429=LINE('',#2658,#630);
#430=LINE('',#2659,#631);
#431=LINE('',#2661,#632);
#432=LINE('',#2663,#633);
#433=LINE('',#2665,#634);
#434=LINE('',#2667,#635);
#435=LINE('',#2668,#636);
#436=LINE('',#2672,#637);
#437=LINE('',#2673,#638);
#438=LINE('',#2674,#639);
#439=LINE('',#2676,#640);
#440=LINE('',#2678,#641);
#441=LINE('',#2679,#642);
#442=LINE('',#2683,#643);
#443=LINE('',#2684,#644);
#444=LINE('',#2685,#645);
#445=LINE('',#2687,#646);
#446=LINE('',#2690,#647);
#447=LINE('',#2692,#648);
#448=LINE('',#2693,#649);
#449=LINE('',#2695,#650);
#450=LINE('',#2697,#651);
#451=LINE('',#2698,#652);
#452=LINE('',#2699,#653);
#453=LINE('',#2703,#654);
#454=LINE('',#2709,#655);
#455=LINE('',#2711,#656);
#456=LINE('',#2715,#657);
#457=LINE('',#2725,#658);
#458=LINE('',#2728,#659);
#459=LINE('',#2731,#660);
#460=LINE('',#2732,#661);
#461=LINE('',#2734,#662);
#462=LINE('',#2736,#663);
#463=LINE('',#2738,#664);
#464=LINE('',#2742,#665);
#465=LINE('',#2744,#666);
#466=LINE('',#2745,#667);
#467=LINE('',#2748,#668);
#468=LINE('',#2750,#669);
#469=LINE('',#2751,#670);
#470=LINE('',#2753,#671);
#471=LINE('',#2754,#672);
#472=LINE('',#2756,#673);
#473=LINE('',#2757,#674);
#474=LINE('',#2775,#675);
#475=LINE('',#2785,#676);
#476=LINE('',#2786,#677);
#477=LINE('',#2809,#678);
#478=LINE('',#2811,#679);
#479=LINE('',#2813,#680);
#480=VECTOR('',#1821,10.);
#481=VECTOR('',#1822,10.);
#482=VECTOR('',#1823,10.);
#483=VECTOR('',#1824,10.);
#484=VECTOR('',#1825,10.);
#485=VECTOR('',#1828,10.);
#486=VECTOR('',#1829,10.);
#487=VECTOR('',#1830,10.);
#488=VECTOR('',#1831,10.);
#489=VECTOR('',#1832,10.);
#490=VECTOR('',#1833,10.);
#491=VECTOR('',#1834,10.);
#492=VECTOR('',#1837,10.);
#493=VECTOR('',#1838,10.);
#494=VECTOR('',#1839,10.);
#495=VECTOR('',#1840,10.);
#496=VECTOR('',#1845,10.);
#497=VECTOR('',#1848,10.);
#498=VECTOR('',#1851,10.);
#499=VECTOR('',#1854,10.);
#500=VECTOR('',#1855,10.);
#501=VECTOR('',#1856,10.);
#502=VECTOR('',#1857,10.);
#503=VECTOR('',#1858,10.);
#504=VECTOR('',#1859,10.);
#505=VECTOR('',#1862,10.);
#506=VECTOR('',#1863,10.);
#507=VECTOR('',#1864,10.);
#508=VECTOR('',#1865,10.);
#509=VECTOR('',#1868,10.);
#510=VECTOR('',#1869,10.);
#511=VECTOR('',#1870,10.);
#512=VECTOR('',#1871,10.);
#513=VECTOR('',#1874,10.);
#514=VECTOR('',#1875,10.);
#515=VECTOR('',#1878,10.);
#516=VECTOR('',#1879,10.);
#517=VECTOR('',#1880,10.);
#518=VECTOR('',#1881,10.);
#519=VECTOR('',#1884,10.);
#520=VECTOR('',#1885,10.);
#521=VECTOR('',#1886,10.);
#522=VECTOR('',#1889,10.);
#523=VECTOR('',#1890,10.);
#524=VECTOR('',#1891,10.);
#525=VECTOR('',#1894,10.);
#526=VECTOR('',#1895,10.);
#527=VECTOR('',#1900,10.);
#528=VECTOR('',#1901,10.);
#529=VECTOR('',#1902,10.);
#530=VECTOR('',#1903,10.);
#531=VECTOR('',#1906,10.);
#532=VECTOR('',#1907,10.);
#533=VECTOR('',#1908,10.);
#534=VECTOR('',#1911,10.);
#535=VECTOR('',#1912,10.);
#536=VECTOR('',#1913,10.);
#537=VECTOR('',#1916,10.);
#538=VECTOR('',#1917,10.);
#539=VECTOR('',#1922,10.);
#540=VECTOR('',#1923,10.);
#541=VECTOR('',#1924,10.);
#542=VECTOR('',#1925,10.);
#543=VECTOR('',#1928,10.);
#544=VECTOR('',#1929,10.);
#545=VECTOR('',#1930,10.);
#546=VECTOR('',#1933,10.);
#547=VECTOR('',#1934,10.);
#548=VECTOR('',#1935,10.);
#549=VECTOR('',#1938,10.);
#550=VECTOR('',#1939,10.);
#551=VECTOR('',#1944,10.);
#552=VECTOR('',#1945,10.);
#553=VECTOR('',#1946,10.);
#554=VECTOR('',#1947,10.);
#555=VECTOR('',#1950,10.);
#556=VECTOR('',#1951,10.);
#557=VECTOR('',#1952,10.);
#558=VECTOR('',#1955,10.);
#559=VECTOR('',#1956,10.);
#560=VECTOR('',#1957,10.);
#561=VECTOR('',#1960,10.);
#562=VECTOR('',#1961,10.);
#563=VECTOR('',#1968,2.5);
#564=VECTOR('',#1975,10.);
#565=VECTOR('',#1976,10.);
#566=VECTOR('',#1977,10.);
#567=VECTOR('',#1978,10.);
#568=VECTOR('',#1981,10.);
#569=VECTOR('',#1982,10.);
#570=VECTOR('',#1983,10.);
#571=VECTOR('',#1986,10.);
#572=VECTOR('',#1987,10.);
#573=VECTOR('',#1988,10.);
#574=VECTOR('',#1991,10.);
#575=VECTOR('',#1992,10.);
#576=VECTOR('',#1997,10.);
#577=VECTOR('',#1998,10.);
#578=VECTOR('',#1999,10.);
#579=VECTOR('',#2000,10.);
#580=VECTOR('',#2003,10.);
#581=VECTOR('',#2004,10.);
#582=VECTOR('',#2005,10.);
#583=VECTOR('',#2008,10.);
#584=VECTOR('',#2009,10.);
#585=VECTOR('',#2010,10.);
#586=VECTOR('',#2013,10.);
#587=VECTOR('',#2014,10.);
#588=VECTOR('',#2021,2.5);
#589=VECTOR('',#2030,10.);
#590=VECTOR('',#2031,10.);
#591=VECTOR('',#2034,10.);
#592=VECTOR('',#2035,10.);
#593=VECTOR('',#2040,10.);
#594=VECTOR('',#2043,10.);
#595=VECTOR('',#2044,10.);
#596=VECTOR('',#2049,10.);
#597=VECTOR('',#2050,10.);
#598=VECTOR('',#2053,10.);
#599=VECTOR('',#2058,10.);
#600=VECTOR('',#2063,0.575);
#601=VECTOR('',#2068,1.15);
#602=VECTOR('',#2073,0.575);
#603=VECTOR('',#2078,1.15);
#604=VECTOR('',#2081,10.);
#605=VECTOR('',#2082,10.);
#606=VECTOR('',#2083,10.);
#607=VECTOR('',#2086,10.);
#608=VECTOR('',#2087,10.);
#609=VECTOR('',#2090,10.);
#610=VECTOR('',#2091,10.);
#611=VECTOR('',#2092,10.);
#612=VECTOR('',#2093,10.);
#613=VECTOR('',#2094,10.);
#614=VECTOR('',#2095,10.);
#615=VECTOR('',#2096,10.);
#616=VECTOR('',#2097,10.);
#617=VECTOR('',#2098,10.);
#618=VECTOR('',#2099,10.);
#619=VECTOR('',#2100,10.);
#620=VECTOR('',#2103,10.);
#621=VECTOR('',#2104,10.);
#622=VECTOR('',#2105,10.);
#623=VECTOR('',#2108,10.);
#624=VECTOR('',#2109,10.);
#625=VECTOR('',#2112,10.);
#626=VECTOR('',#2113,10.);
#627=VECTOR('',#2114,10.);
#628=VECTOR('',#2115,10.);
#629=VECTOR('',#2116,10.);
#630=VECTOR('',#2117,10.);
#631=VECTOR('',#2118,10.);
#632=VECTOR('',#2119,10.);
#633=VECTOR('',#2120,10.);
#634=VECTOR('',#2121,10.);
#635=VECTOR('',#2122,10.);
#636=VECTOR('',#2123,10.);
#637=VECTOR('',#2126,10.);
#638=VECTOR('',#2127,10.);
#639=VECTOR('',#2128,10.);
#640=VECTOR('',#2131,10.);
#641=VECTOR('',#2134,10.);
#642=VECTOR('',#2135,10.);
#643=VECTOR('',#2138,10.);
#644=VECTOR('',#2139,10.);
#645=VECTOR('',#2140,10.);
#646=VECTOR('',#2143,10.);
#647=VECTOR('',#2146,10.);
#648=VECTOR('',#2147,10.);
#649=VECTOR('',#2148,10.);
#650=VECTOR('',#2149,10.);
#651=VECTOR('',#2150,10.);
#652=VECTOR('',#2151,10.);
#653=VECTOR('',#2152,10.);
#654=VECTOR('',#2155,10.);
#655=VECTOR('',#2162,10.);
#656=VECTOR('',#2163,10.);
#657=VECTOR('',#2168,1.15);
#658=VECTOR('',#2181,2.2);
#659=VECTOR('',#2184,1.15);
#660=VECTOR('',#2189,10.);
#661=VECTOR('',#2190,10.);
#662=VECTOR('',#2193,10.);
#663=VECTOR('',#2196,10.);
#664=VECTOR('',#2199,10.);
#665=VECTOR('',#2204,10.);
#666=VECTOR('',#2205,10.);
#667=VECTOR('',#2206,10.);
#668=VECTOR('',#2209,10.);
#669=VECTOR('',#2210,10.);
#670=VECTOR('',#2211,10.);
#671=VECTOR('',#2214,10.);
#672=VECTOR('',#2215,10.);
#673=VECTOR('',#2218,10.);
#674=VECTOR('',#2219,10.);
#675=VECTOR('',#2224,10.);
#676=VECTOR('',#2227,10.);
#677=VECTOR('',#2228,10.);
#678=VECTOR('',#2229,10.);
#679=VECTOR('',#2232,10.);
#680=VECTOR('',#2235,10.);
#681=VERTEX_POINT('',#2240);
#682=VERTEX_POINT('',#2241);
#683=VERTEX_POINT('',#2243);
#684=VERTEX_POINT('',#2245);
#685=VERTEX_POINT('',#2247);
#686=VERTEX_POINT('',#2251);
#687=VERTEX_POINT('',#2252);
#688=VERTEX_POINT('',#2260);
#689=VERTEX_POINT('',#2262);
#690=VERTEX_POINT('',#2270);
#691=VERTEX_POINT('',#2272);
#692=VERTEX_POINT('',#2280);
#693=VERTEX_POINT('',#2282);
#694=VERTEX_POINT('',#2291);
#695=VERTEX_POINT('',#2293);
#696=VERTEX_POINT('',#2297);
#697=VERTEX_POINT('',#2299);
#698=VERTEX_POINT('',#2301);
#699=VERTEX_POINT('',#2305);
#700=VERTEX_POINT('',#2306);
#701=VERTEX_POINT('',#2308);
#702=VERTEX_POINT('',#2310);
#703=VERTEX_POINT('',#2312);
#704=VERTEX_POINT('',#2314);
#705=VERTEX_POINT('',#2316);
#706=VERTEX_POINT('',#2318);
#707=VERTEX_POINT('',#2321);
#708=VERTEX_POINT('',#2323);
#709=VERTEX_POINT('',#2325);
#710=VERTEX_POINT('',#2327);
#711=VERTEX_POINT('',#2331);
#712=VERTEX_POINT('',#2348);
#713=VERTEX_POINT('',#2350);
#714=VERTEX_POINT('',#2360);
#715=VERTEX_POINT('',#2378);
#716=VERTEX_POINT('',#2388);
#717=VERTEX_POINT('',#2392);
#718=VERTEX_POINT('',#2393);
#719=VERTEX_POINT('',#2395);
#720=VERTEX_POINT('',#2397);
#721=VERTEX_POINT('',#2401);
#722=VERTEX_POINT('',#2403);
#723=VERTEX_POINT('',#2407);
#724=VERTEX_POINT('',#2409);
#725=VERTEX_POINT('',#2417);
#726=VERTEX_POINT('',#2418);
#727=VERTEX_POINT('',#2420);
#728=VERTEX_POINT('',#2422);
#729=VERTEX_POINT('',#2426);
#730=VERTEX_POINT('',#2428);
#731=VERTEX_POINT('',#2432);
#732=VERTEX_POINT('',#2434);
#733=VERTEX_POINT('',#2442);
#734=VERTEX_POINT('',#2443);
#735=VERTEX_POINT('',#2445);
#736=VERTEX_POINT('',#2447);
#737=VERTEX_POINT('',#2451);
#738=VERTEX_POINT('',#2453);
#739=VERTEX_POINT('',#2457);
#740=VERTEX_POINT('',#2459);
#741=VERTEX_POINT('',#2467);
#742=VERTEX_POINT('',#2468);
#743=VERTEX_POINT('',#2470);
#744=VERTEX_POINT('',#2472);
#745=VERTEX_POINT('',#2476);
#746=VERTEX_POINT('',#2478);
#747=VERTEX_POINT('',#2482);
#748=VERTEX_POINT('',#2484);
#749=VERTEX_POINT('',#2492);
#750=VERTEX_POINT('',#2494);
#751=VERTEX_POINT('',#2499);
#752=VERTEX_POINT('',#2500);
#753=VERTEX_POINT('',#2502);
#754=VERTEX_POINT('',#2504);
#755=VERTEX_POINT('',#2508);
#756=VERTEX_POINT('',#2510);
#757=VERTEX_POINT('',#2514);
#758=VERTEX_POINT('',#2516);
#759=VERTEX_POINT('',#2524);
#760=VERTEX_POINT('',#2525);
#761=VERTEX_POINT('',#2527);
#762=VERTEX_POINT('',#2529);
#763=VERTEX_POINT('',#2533);
#764=VERTEX_POINT('',#2535);
#765=VERTEX_POINT('',#2539);
#766=VERTEX_POINT('',#2541);
#767=VERTEX_POINT('',#2549);
#768=VERTEX_POINT('',#2551);
#769=VERTEX_POINT('',#2556);
#770=VERTEX_POINT('',#2557);
#771=VERTEX_POINT('',#2562);
#772=VERTEX_POINT('',#2566);
#773=VERTEX_POINT('',#2570);
#774=VERTEX_POINT('',#2574);
#775=VERTEX_POINT('',#2575);
#776=VERTEX_POINT('',#2582);
#777=VERTEX_POINT('',#2586);
#778=VERTEX_POINT('',#2588);
#779=VERTEX_POINT('',#2591);
#780=VERTEX_POINT('',#2595);
#781=VERTEX_POINT('',#2597);
#782=VERTEX_POINT('',#2600);
#783=VERTEX_POINT('',#2604);
#784=VERTEX_POINT('',#2605);
#785=VERTEX_POINT('',#2607);
#786=VERTEX_POINT('',#2611);
#787=VERTEX_POINT('',#2615);
#788=VERTEX_POINT('',#2617);
#789=VERTEX_POINT('',#2619);
#790=VERTEX_POINT('',#2621);
#791=VERTEX_POINT('',#2623);
#792=VERTEX_POINT('',#2625);
#793=VERTEX_POINT('',#2628);
#794=VERTEX_POINT('',#2630);
#795=VERTEX_POINT('',#2632);
#796=VERTEX_POINT('',#2636);
#797=VERTEX_POINT('',#2637);
#798=VERTEX_POINT('',#2639);
#799=VERTEX_POINT('',#2643);
#800=VERTEX_POINT('',#2647);
#801=VERTEX_POINT('',#2649);
#802=VERTEX_POINT('',#2651);
#803=VERTEX_POINT('',#2653);
#804=VERTEX_POINT('',#2655);
#805=VERTEX_POINT('',#2657);
#806=VERTEX_POINT('',#2660);
#807=VERTEX_POINT('',#2662);
#808=VERTEX_POINT('',#2664);
#809=VERTEX_POINT('',#2666);
#810=VERTEX_POINT('',#2670);
#811=VERTEX_POINT('',#2671);
#812=VERTEX_POINT('',#2681);
#813=VERTEX_POINT('',#2682);
#814=VERTEX_POINT('',#2689);
#815=VERTEX_POINT('',#2691);
#816=VERTEX_POINT('',#2694);
#817=VERTEX_POINT('',#2696);
#818=VERTEX_POINT('',#2701);
#819=VERTEX_POINT('',#2702);
#820=VERTEX_POINT('',#2705);
#821=VERTEX_POINT('',#2708);
#822=VERTEX_POINT('',#2710);
#823=VERTEX_POINT('',#2714);
#824=VERTEX_POINT('',#2718);
#825=VERTEX_POINT('',#2720);
#826=VERTEX_POINT('',#2723);
#827=VERTEX_POINT('',#2727);
#828=VERTEX_POINT('',#2741);
#829=VERTEX_POINT('',#2743);
#830=VERTEX_POINT('',#2747);
#831=VERTEX_POINT('',#2749);
#832=VERTEX_POINT('',#2774);
#833=VERTEX_POINT('',#2784);
#834=VERTEX_POINT('',#2801);
#835=EDGE_CURVE('',#681,#682,#279,.T.);
#836=EDGE_CURVE('',#683,#682,#280,.T.);
#837=EDGE_CURVE('',#684,#683,#281,.T.);
#838=EDGE_CURVE('',#685,#684,#282,.T.);
#839=EDGE_CURVE('',#685,#681,#283,.T.);
#840=EDGE_CURVE('',#686,#687,#75,.T.);
#841=EDGE_CURVE('',#688,#686,#284,.T.);
#842=EDGE_CURVE('',#689,#688,#76,.T.);
#843=EDGE_CURVE('',#690,#689,#285,.T.);
#844=EDGE_CURVE('',#691,#690,#77,.T.);
#845=EDGE_CURVE('',#692,#691,#286,.T.);
#846=EDGE_CURVE('',#693,#692,#78,.T.);
#847=EDGE_CURVE('',#693,#681,#287,.T.);
#848=EDGE_CURVE('',#694,#685,#288,.T.);
#849=EDGE_CURVE('',#694,#695,#289,.T.);
#850=EDGE_CURVE('',#695,#687,#290,.T.);
#851=EDGE_CURVE('',#696,#695,#291,.T.);
#852=EDGE_CURVE('',#697,#694,#292,.T.);
#853=EDGE_CURVE('',#698,#697,#293,.T.);
#854=EDGE_CURVE('',#698,#696,#294,.T.);
#855=EDGE_CURVE('',#699,#700,#51,.T.);
#856=EDGE_CURVE('',#701,#699,#295,.T.);
#857=EDGE_CURVE('',#702,#701,#52,.T.);
#858=EDGE_CURVE('',#703,#702,#296,.T.);
#859=EDGE_CURVE('',#704,#703,#53,.T.);
#860=EDGE_CURVE('',#705,#704,#297,.T.);
#861=EDGE_CURVE('',#706,#705,#54,.T.);
#862=EDGE_CURVE('',#700,#706,#298,.T.);
#863=EDGE_CURVE('',#707,#684,#299,.T.);
#864=EDGE_CURVE('',#708,#707,#300,.T.);
#865=EDGE_CURVE('',#709,#708,#301,.T.);
#866=EDGE_CURVE('',#710,#709,#302,.T.);
#867=EDGE_CURVE('',#697,#710,#303,.T.);
#868=EDGE_CURVE('',#683,#711,#304,.T.);
#869=EDGE_CURVE('',#707,#711,#305,.T.);
#870=EDGE_CURVE('',#712,#687,#306,.T.);
#871=EDGE_CURVE('',#713,#712,#79,.T.);
#872=EDGE_CURVE('',#713,#686,#307,.T.);
#873=EDGE_CURVE('',#714,#693,#308,.T.);
#874=EDGE_CURVE('',#712,#714,#309,.T.);
#875=EDGE_CURVE('',#682,#696,#310,.T.);
#876=EDGE_CURVE('',#715,#692,#311,.T.);
#877=EDGE_CURVE('',#714,#715,#80,.T.);
#878=EDGE_CURVE('',#716,#691,#312,.T.);
#879=EDGE_CURVE('',#715,#716,#313,.T.);
#880=EDGE_CURVE('',#717,#718,#314,.T.);
#881=EDGE_CURVE('',#717,#719,#315,.T.);
#882=EDGE_CURVE('',#719,#720,#316,.T.);
#883=EDGE_CURVE('',#718,#720,#317,.T.);
#884=EDGE_CURVE('',#721,#717,#318,.T.);
#885=EDGE_CURVE('',#721,#722,#319,.T.);
#886=EDGE_CURVE('',#722,#719,#320,.T.);
#887=EDGE_CURVE('',#723,#721,#321,.T.);
#888=EDGE_CURVE('',#723,#724,#322,.T.);
#889=EDGE_CURVE('',#724,#722,#323,.T.);
#890=EDGE_CURVE('',#718,#723,#324,.T.);
#891=EDGE_CURVE('',#720,#724,#325,.T.);
#892=EDGE_CURVE('',#725,#726,#326,.T.);
#893=EDGE_CURVE('',#725,#727,#327,.T.);
#894=EDGE_CURVE('',#727,#728,#328,.T.);
#895=EDGE_CURVE('',#726,#728,#329,.T.);
#896=EDGE_CURVE('',#729,#725,#330,.T.);
#897=EDGE_CURVE('',#729,#730,#331,.T.);
#898=EDGE_CURVE('',#730,#727,#332,.T.);
#899=EDGE_CURVE('',#731,#729,#333,.T.);
#900=EDGE_CURVE('',#731,#732,#334,.T.);
#901=EDGE_CURVE('',#732,#730,#335,.T.);
#902=EDGE_CURVE('',#726,#731,#336,.T.);
#903=EDGE_CURVE('',#728,#732,#337,.T.);
#904=EDGE_CURVE('',#733,#734,#338,.T.);
#905=EDGE_CURVE('',#733,#735,#339,.T.);
#906=EDGE_CURVE('',#735,#736,#340,.T.);
#907=EDGE_CURVE('',#734,#736,#341,.T.);
#908=EDGE_CURVE('',#737,#733,#342,.T.);
#909=EDGE_CURVE('',#737,#738,#343,.T.);
#910=EDGE_CURVE('',#738,#735,#344,.T.);
#911=EDGE_CURVE('',#739,#737,#345,.T.);
#912=EDGE_CURVE('',#739,#740,#346,.T.);
#913=EDGE_CURVE('',#740,#738,#347,.T.);
#914=EDGE_CURVE('',#734,#739,#348,.T.);
#915=EDGE_CURVE('',#736,#740,#349,.T.);
#916=EDGE_CURVE('',#741,#742,#350,.T.);
#917=EDGE_CURVE('',#741,#743,#351,.T.);
#918=EDGE_CURVE('',#743,#744,#352,.T.);
#919=EDGE_CURVE('',#742,#744,#353,.T.);
#920=EDGE_CURVE('',#745,#741,#354,.T.);
#921=EDGE_CURVE('',#745,#746,#355,.T.);
#922=EDGE_CURVE('',#746,#743,#356,.T.);
#923=EDGE_CURVE('',#747,#745,#357,.T.);
#924=EDGE_CURVE('',#747,#748,#358,.T.);
#925=EDGE_CURVE('',#748,#746,#359,.T.);
#926=EDGE_CURVE('',#742,#747,#360,.T.);
#927=EDGE_CURVE('',#744,#748,#361,.T.);
#928=EDGE_CURVE('',#749,#749,#55,.T.);
#929=EDGE_CURVE('',#749,#750,#362,.T.);
#930=EDGE_CURVE('',#750,#750,#56,.T.);
#931=EDGE_CURVE('',#751,#752,#363,.T.);
#932=EDGE_CURVE('',#751,#753,#364,.T.);
#933=EDGE_CURVE('',#753,#754,#365,.T.);
#934=EDGE_CURVE('',#752,#754,#366,.T.);
#935=EDGE_CURVE('',#755,#751,#367,.T.);
#936=EDGE_CURVE('',#755,#756,#368,.T.);
#937=EDGE_CURVE('',#756,#753,#369,.T.);
#938=EDGE_CURVE('',#757,#755,#370,.T.);
#939=EDGE_CURVE('',#757,#758,#371,.T.);
#940=EDGE_CURVE('',#758,#756,#372,.T.);
#941=EDGE_CURVE('',#752,#757,#373,.T.);
#942=EDGE_CURVE('',#754,#758,#374,.T.);
#943=EDGE_CURVE('',#759,#760,#375,.T.);
#944=EDGE_CURVE('',#759,#761,#376,.T.);
#945=EDGE_CURVE('',#761,#762,#377,.T.);
#946=EDGE_CURVE('',#760,#762,#378,.T.);
#947=EDGE_CURVE('',#763,#759,#379,.T.);
#948=EDGE_CURVE('',#763,#764,#380,.T.);
#949=EDGE_CURVE('',#764,#761,#381,.T.);
#950=EDGE_CURVE('',#765,#763,#382,.T.);
#951=EDGE_CURVE('',#765,#766,#383,.T.);
#952=EDGE_CURVE('',#766,#764,#384,.T.);
#953=EDGE_CURVE('',#760,#765,#385,.T.);
#954=EDGE_CURVE('',#762,#766,#386,.T.);
#955=EDGE_CURVE('',#767,#767,#57,.T.);
#956=EDGE_CURVE('',#767,#768,#387,.T.);
#957=EDGE_CURVE('',#768,#768,#58,.T.);
#958=EDGE_CURVE('',#769,#770,#59,.T.);
#959=EDGE_CURVE('',#770,#699,#388,.T.);
#960=EDGE_CURVE('',#700,#769,#389,.T.);
#961=EDGE_CURVE('',#771,#706,#390,.T.);
#962=EDGE_CURVE('',#769,#771,#391,.T.);
#963=EDGE_CURVE('',#772,#771,#60,.T.);
#964=EDGE_CURVE('',#705,#772,#392,.T.);
#965=EDGE_CURVE('',#773,#704,#393,.T.);
#966=EDGE_CURVE('',#772,#773,#394,.T.);
#967=EDGE_CURVE('',#774,#775,#61,.T.);
#968=EDGE_CURVE('',#775,#702,#395,.T.);
#969=EDGE_CURVE('',#701,#774,#396,.T.);
#970=EDGE_CURVE('',#774,#770,#397,.T.);
#971=EDGE_CURVE('',#776,#773,#62,.T.);
#972=EDGE_CURVE('',#703,#776,#398,.T.);
#973=EDGE_CURVE('',#777,#777,#63,.T.);
#974=EDGE_CURVE('',#777,#778,#399,.T.);
#975=EDGE_CURVE('',#779,#779,#64,.T.);
#976=EDGE_CURVE('',#779,#777,#400,.T.);
#977=EDGE_CURVE('',#780,#780,#65,.T.);
#978=EDGE_CURVE('',#780,#781,#401,.T.);
#979=EDGE_CURVE('',#782,#782,#66,.T.);
#980=EDGE_CURVE('',#782,#780,#402,.T.);
#981=EDGE_CURVE('',#783,#784,#403,.T.);
#982=EDGE_CURVE('',#784,#785,#404,.T.);
#983=EDGE_CURVE('',#785,#783,#405,.T.);
#984=EDGE_CURVE('',#783,#786,#406,.T.);
#985=EDGE_CURVE('',#786,#784,#407,.T.);
#986=EDGE_CURVE('',#786,#787,#408,.T.);
#987=EDGE_CURVE('',#788,#787,#409,.T.);
#988=EDGE_CURVE('',#789,#788,#410,.T.);
#989=EDGE_CURVE('',#789,#790,#411,.T.);
#990=EDGE_CURVE('',#790,#791,#412,.T.);
#991=EDGE_CURVE('',#791,#792,#413,.T.);
#992=EDGE_CURVE('',#708,#792,#414,.T.);
#993=EDGE_CURVE('',#711,#793,#415,.T.);
#994=EDGE_CURVE('',#793,#794,#416,.T.);
#995=EDGE_CURVE('',#794,#795,#417,.T.);
#996=EDGE_CURVE('',#795,#784,#418,.T.);
#997=EDGE_CURVE('',#796,#797,#419,.T.);
#998=EDGE_CURVE('',#797,#798,#420,.T.);
#999=EDGE_CURVE('',#798,#796,#421,.T.);
#1000=EDGE_CURVE('',#796,#799,#422,.T.);
#1001=EDGE_CURVE('',#799,#797,#423,.T.);
#1002=EDGE_CURVE('',#799,#800,#424,.T.);
#1003=EDGE_CURVE('',#801,#800,#425,.T.);
#1004=EDGE_CURVE('',#802,#801,#426,.T.);
#1005=EDGE_CURVE('',#802,#803,#427,.T.);
#1006=EDGE_CURVE('',#803,#804,#428,.T.);
#1007=EDGE_CURVE('',#804,#805,#429,.T.);
#1008=EDGE_CURVE('',#710,#805,#430,.T.);
#1009=EDGE_CURVE('',#709,#806,#431,.T.);
#1010=EDGE_CURVE('',#806,#807,#432,.T.);
#1011=EDGE_CURVE('',#807,#808,#433,.T.);
#1012=EDGE_CURVE('',#808,#809,#434,.T.);
#1013=EDGE_CURVE('',#809,#797,#435,.T.);
#1014=EDGE_CURVE('',#810,#811,#436,.T.);
#1015=EDGE_CURVE('',#811,#783,#437,.T.);
#1016=EDGE_CURVE('',#810,#785,#438,.T.);
#1017=EDGE_CURVE('',#811,#787,#439,.T.);
#1018=EDGE_CURVE('',#795,#802,#440,.T.);
#1019=EDGE_CURVE('',#810,#801,#441,.T.);
#1020=EDGE_CURVE('',#812,#813,#442,.T.);
#1021=EDGE_CURVE('',#813,#796,#443,.T.);
#1022=EDGE_CURVE('',#812,#798,#444,.T.);
#1023=EDGE_CURVE('',#813,#800,#445,.T.);
#1024=EDGE_CURVE('',#809,#814,#446,.T.);
#1025=EDGE_CURVE('',#814,#815,#447,.T.);
#1026=EDGE_CURVE('',#815,#806,#448,.T.);
#1027=EDGE_CURVE('',#792,#816,#449,.T.);
#1028=EDGE_CURVE('',#816,#817,#450,.T.);
#1029=EDGE_CURVE('',#817,#789,#451,.T.);
#1030=EDGE_CURVE('',#812,#788,#452,.T.);
#1031=EDGE_CURVE('',#818,#819,#453,.T.);
#1032=EDGE_CURVE('',#819,#818,#67,.T.);
#1033=EDGE_CURVE('',#820,#820,#68,.T.);
#1034=EDGE_CURVE('',#819,#821,#454,.T.);
#1035=EDGE_CURVE('',#822,#818,#455,.T.);
#1036=EDGE_CURVE('',#821,#822,#69,.T.);
#1037=EDGE_CURVE('',#820,#823,#456,.T.);
#1038=EDGE_CURVE('',#823,#823,#70,.T.);
#1039=EDGE_CURVE('',#824,#824,#71,.T.);
#1040=EDGE_CURVE('',#825,#825,#72,.T.);
#1041=EDGE_CURVE('',#826,#826,#73,.T.);
#1042=EDGE_CURVE('',#826,#824,#457,.T.);
#1043=EDGE_CURVE('',#825,#827,#458,.T.);
#1044=EDGE_CURVE('',#827,#827,#74,.T.);
#1045=EDGE_CURVE('',#822,#803,#459,.T.);
#1046=EDGE_CURVE('',#794,#821,#460,.T.);
#1047=EDGE_CURVE('',#698,#683,#461,.T.);
#1048=EDGE_CURVE('',#804,#793,#462,.T.);
#1049=EDGE_CURVE('',#805,#698,#463,.T.);
#1050=EDGE_CURVE('',#815,#828,#464,.T.);
#1051=EDGE_CURVE('',#829,#814,#465,.T.);
#1052=EDGE_CURVE('',#828,#829,#466,.T.);
#1053=EDGE_CURVE('',#828,#830,#467,.T.);
#1054=EDGE_CURVE('',#831,#829,#468,.T.);
#1055=EDGE_CURVE('',#830,#831,#469,.T.);
#1056=EDGE_CURVE('',#830,#816,#470,.T.);
#1057=EDGE_CURVE('',#817,#831,#471,.T.);
#1058=EDGE_CURVE('',#791,#807,#472,.T.);
#1059=EDGE_CURVE('',#808,#790,#473,.T.);
#1060=EDGE_CURVE('',#832,#690,#474,.T.);
#1061=EDGE_CURVE('',#716,#832,#81,.T.);
#1062=EDGE_CURVE('',#833,#713,#475,.T.);
#1063=EDGE_CURVE('',#833,#688,#476,.T.);
#1064=EDGE_CURVE('',#834,#833,#82,.T.);
#1065=EDGE_CURVE('',#834,#689,#477,.T.);
#1066=EDGE_CURVE('',#832,#834,#478,.T.);
#1067=EDGE_CURVE('',#776,#775,#479,.T.);
#1068=ORIENTED_EDGE('',*,*,#835,.T.);
#1069=ORIENTED_EDGE('',*,*,#836,.F.);
#1070=ORIENTED_EDGE('',*,*,#837,.F.);
#1071=ORIENTED_EDGE('',*,*,#838,.F.);
#1072=ORIENTED_EDGE('',*,*,#839,.T.);
#1073=ORIENTED_EDGE('',*,*,#840,.F.);
#1074=ORIENTED_EDGE('',*,*,#841,.F.);
#1075=ORIENTED_EDGE('',*,*,#842,.F.);
#1076=ORIENTED_EDGE('',*,*,#843,.F.);
#1077=ORIENTED_EDGE('',*,*,#844,.F.);
#1078=ORIENTED_EDGE('',*,*,#845,.F.);
#1079=ORIENTED_EDGE('',*,*,#846,.F.);
#1080=ORIENTED_EDGE('',*,*,#847,.T.);
#1081=ORIENTED_EDGE('',*,*,#839,.F.);
#1082=ORIENTED_EDGE('',*,*,#848,.F.);
#1083=ORIENTED_EDGE('',*,*,#849,.T.);
#1084=ORIENTED_EDGE('',*,*,#850,.T.);
#1085=ORIENTED_EDGE('',*,*,#851,.T.);
#1086=ORIENTED_EDGE('',*,*,#849,.F.);
#1087=ORIENTED_EDGE('',*,*,#852,.F.);
#1088=ORIENTED_EDGE('',*,*,#853,.F.);
#1089=ORIENTED_EDGE('',*,*,#854,.T.);
#1090=ORIENTED_EDGE('',*,*,#855,.F.);
#1091=ORIENTED_EDGE('',*,*,#856,.F.);
#1092=ORIENTED_EDGE('',*,*,#857,.F.);
#1093=ORIENTED_EDGE('',*,*,#858,.F.);
#1094=ORIENTED_EDGE('',*,*,#859,.F.);
#1095=ORIENTED_EDGE('',*,*,#860,.F.);
#1096=ORIENTED_EDGE('',*,*,#861,.F.);
#1097=ORIENTED_EDGE('',*,*,#862,.F.);
#1098=ORIENTED_EDGE('',*,*,#852,.T.);
#1099=ORIENTED_EDGE('',*,*,#848,.T.);
#1100=ORIENTED_EDGE('',*,*,#838,.T.);
#1101=ORIENTED_EDGE('',*,*,#863,.F.);
#1102=ORIENTED_EDGE('',*,*,#864,.F.);
#1103=ORIENTED_EDGE('',*,*,#865,.F.);
#1104=ORIENTED_EDGE('',*,*,#866,.F.);
#1105=ORIENTED_EDGE('',*,*,#867,.F.);
#1106=ORIENTED_EDGE('',*,*,#837,.T.);
#1107=ORIENTED_EDGE('',*,*,#868,.T.);
#1108=ORIENTED_EDGE('',*,*,#869,.F.);
#1109=ORIENTED_EDGE('',*,*,#863,.T.);
#1110=ORIENTED_EDGE('',*,*,#840,.T.);
#1111=ORIENTED_EDGE('',*,*,#870,.F.);
#1112=ORIENTED_EDGE('',*,*,#871,.F.);
#1113=ORIENTED_EDGE('',*,*,#872,.T.);
#1114=ORIENTED_EDGE('',*,*,#873,.F.);
#1115=ORIENTED_EDGE('',*,*,#874,.F.);
#1116=ORIENTED_EDGE('',*,*,#870,.T.);
#1117=ORIENTED_EDGE('',*,*,#850,.F.);
#1118=ORIENTED_EDGE('',*,*,#851,.F.);
#1119=ORIENTED_EDGE('',*,*,#875,.F.);
#1120=ORIENTED_EDGE('',*,*,#835,.F.);
#1121=ORIENTED_EDGE('',*,*,#847,.F.);
#1122=ORIENTED_EDGE('',*,*,#846,.T.);
#1123=ORIENTED_EDGE('',*,*,#876,.F.);
#1124=ORIENTED_EDGE('',*,*,#877,.F.);
#1125=ORIENTED_EDGE('',*,*,#873,.T.);
#1126=ORIENTED_EDGE('',*,*,#845,.T.);
#1127=ORIENTED_EDGE('',*,*,#878,.F.);
#1128=ORIENTED_EDGE('',*,*,#879,.F.);
#1129=ORIENTED_EDGE('',*,*,#876,.T.);
#1130=ORIENTED_EDGE('',*,*,#880,.F.);
#1131=ORIENTED_EDGE('',*,*,#881,.T.);
#1132=ORIENTED_EDGE('',*,*,#882,.T.);
#1133=ORIENTED_EDGE('',*,*,#883,.F.);
#1134=ORIENTED_EDGE('',*,*,#884,.F.);
#1135=ORIENTED_EDGE('',*,*,#885,.T.);
#1136=ORIENTED_EDGE('',*,*,#886,.T.);
#1137=ORIENTED_EDGE('',*,*,#881,.F.);
#1138=ORIENTED_EDGE('',*,*,#887,.F.);
#1139=ORIENTED_EDGE('',*,*,#888,.T.);
#1140=ORIENTED_EDGE('',*,*,#889,.T.);
#1141=ORIENTED_EDGE('',*,*,#885,.F.);
#1142=ORIENTED_EDGE('',*,*,#890,.F.);
#1143=ORIENTED_EDGE('',*,*,#883,.T.);
#1144=ORIENTED_EDGE('',*,*,#891,.T.);
#1145=ORIENTED_EDGE('',*,*,#888,.F.);
#1146=ORIENTED_EDGE('',*,*,#891,.F.);
#1147=ORIENTED_EDGE('',*,*,#882,.F.);
#1148=ORIENTED_EDGE('',*,*,#886,.F.);
#1149=ORIENTED_EDGE('',*,*,#889,.F.);
#1150=ORIENTED_EDGE('',*,*,#892,.F.);
#1151=ORIENTED_EDGE('',*,*,#893,.T.);
#1152=ORIENTED_EDGE('',*,*,#894,.T.);
#1153=ORIENTED_EDGE('',*,*,#895,.F.);
#1154=ORIENTED_EDGE('',*,*,#896,.F.);
#1155=ORIENTED_EDGE('',*,*,#897,.T.);
#1156=ORIENTED_EDGE('',*,*,#898,.T.);
#1157=ORIENTED_EDGE('',*,*,#893,.F.);
#1158=ORIENTED_EDGE('',*,*,#899,.F.);
#1159=ORIENTED_EDGE('',*,*,#900,.T.);
#1160=ORIENTED_EDGE('',*,*,#901,.T.);
#1161=ORIENTED_EDGE('',*,*,#897,.F.);
#1162=ORIENTED_EDGE('',*,*,#902,.F.);
#1163=ORIENTED_EDGE('',*,*,#895,.T.);
#1164=ORIENTED_EDGE('',*,*,#903,.T.);
#1165=ORIENTED_EDGE('',*,*,#900,.F.);
#1166=ORIENTED_EDGE('',*,*,#903,.F.);
#1167=ORIENTED_EDGE('',*,*,#894,.F.);
#1168=ORIENTED_EDGE('',*,*,#898,.F.);
#1169=ORIENTED_EDGE('',*,*,#901,.F.);
#1170=ORIENTED_EDGE('',*,*,#904,.F.);
#1171=ORIENTED_EDGE('',*,*,#905,.T.);
#1172=ORIENTED_EDGE('',*,*,#906,.T.);
#1173=ORIENTED_EDGE('',*,*,#907,.F.);
#1174=ORIENTED_EDGE('',*,*,#908,.F.);
#1175=ORIENTED_EDGE('',*,*,#909,.T.);
#1176=ORIENTED_EDGE('',*,*,#910,.T.);
#1177=ORIENTED_EDGE('',*,*,#905,.F.);
#1178=ORIENTED_EDGE('',*,*,#911,.F.);
#1179=ORIENTED_EDGE('',*,*,#912,.T.);
#1180=ORIENTED_EDGE('',*,*,#913,.T.);
#1181=ORIENTED_EDGE('',*,*,#909,.F.);
#1182=ORIENTED_EDGE('',*,*,#914,.F.);
#1183=ORIENTED_EDGE('',*,*,#907,.T.);
#1184=ORIENTED_EDGE('',*,*,#915,.T.);
#1185=ORIENTED_EDGE('',*,*,#912,.F.);
#1186=ORIENTED_EDGE('',*,*,#915,.F.);
#1187=ORIENTED_EDGE('',*,*,#906,.F.);
#1188=ORIENTED_EDGE('',*,*,#910,.F.);
#1189=ORIENTED_EDGE('',*,*,#913,.F.);
#1190=ORIENTED_EDGE('',*,*,#916,.F.);
#1191=ORIENTED_EDGE('',*,*,#917,.T.);
#1192=ORIENTED_EDGE('',*,*,#918,.T.);
#1193=ORIENTED_EDGE('',*,*,#919,.F.);
#1194=ORIENTED_EDGE('',*,*,#920,.F.);
#1195=ORIENTED_EDGE('',*,*,#921,.T.);
#1196=ORIENTED_EDGE('',*,*,#922,.T.);
#1197=ORIENTED_EDGE('',*,*,#917,.F.);
#1198=ORIENTED_EDGE('',*,*,#923,.F.);
#1199=ORIENTED_EDGE('',*,*,#924,.T.);
#1200=ORIENTED_EDGE('',*,*,#925,.T.);
#1201=ORIENTED_EDGE('',*,*,#921,.F.);
#1202=ORIENTED_EDGE('',*,*,#926,.F.);
#1203=ORIENTED_EDGE('',*,*,#919,.T.);
#1204=ORIENTED_EDGE('',*,*,#927,.T.);
#1205=ORIENTED_EDGE('',*,*,#924,.F.);
#1206=ORIENTED_EDGE('',*,*,#927,.F.);
#1207=ORIENTED_EDGE('',*,*,#918,.F.);
#1208=ORIENTED_EDGE('',*,*,#922,.F.);
#1209=ORIENTED_EDGE('',*,*,#925,.F.);
#1210=ORIENTED_EDGE('',*,*,#928,.F.);
#1211=ORIENTED_EDGE('',*,*,#929,.T.);
#1212=ORIENTED_EDGE('',*,*,#930,.T.);
#1213=ORIENTED_EDGE('',*,*,#929,.F.);
#1214=ORIENTED_EDGE('',*,*,#930,.F.);
#1215=ORIENTED_EDGE('',*,*,#931,.F.);
#1216=ORIENTED_EDGE('',*,*,#932,.T.);
#1217=ORIENTED_EDGE('',*,*,#933,.T.);
#1218=ORIENTED_EDGE('',*,*,#934,.F.);
#1219=ORIENTED_EDGE('',*,*,#935,.F.);
#1220=ORIENTED_EDGE('',*,*,#936,.T.);
#1221=ORIENTED_EDGE('',*,*,#937,.T.);
#1222=ORIENTED_EDGE('',*,*,#932,.F.);
#1223=ORIENTED_EDGE('',*,*,#938,.F.);
#1224=ORIENTED_EDGE('',*,*,#939,.T.);
#1225=ORIENTED_EDGE('',*,*,#940,.T.);
#1226=ORIENTED_EDGE('',*,*,#936,.F.);
#1227=ORIENTED_EDGE('',*,*,#941,.F.);
#1228=ORIENTED_EDGE('',*,*,#934,.T.);
#1229=ORIENTED_EDGE('',*,*,#942,.T.);
#1230=ORIENTED_EDGE('',*,*,#939,.F.);
#1231=ORIENTED_EDGE('',*,*,#942,.F.);
#1232=ORIENTED_EDGE('',*,*,#933,.F.);
#1233=ORIENTED_EDGE('',*,*,#937,.F.);
#1234=ORIENTED_EDGE('',*,*,#940,.F.);
#1235=ORIENTED_EDGE('',*,*,#943,.F.);
#1236=ORIENTED_EDGE('',*,*,#944,.T.);
#1237=ORIENTED_EDGE('',*,*,#945,.T.);
#1238=ORIENTED_EDGE('',*,*,#946,.F.);
#1239=ORIENTED_EDGE('',*,*,#947,.F.);
#1240=ORIENTED_EDGE('',*,*,#948,.T.);
#1241=ORIENTED_EDGE('',*,*,#949,.T.);
#1242=ORIENTED_EDGE('',*,*,#944,.F.);
#1243=ORIENTED_EDGE('',*,*,#950,.F.);
#1244=ORIENTED_EDGE('',*,*,#951,.T.);
#1245=ORIENTED_EDGE('',*,*,#952,.T.);
#1246=ORIENTED_EDGE('',*,*,#948,.F.);
#1247=ORIENTED_EDGE('',*,*,#953,.F.);
#1248=ORIENTED_EDGE('',*,*,#946,.T.);
#1249=ORIENTED_EDGE('',*,*,#954,.T.);
#1250=ORIENTED_EDGE('',*,*,#951,.F.);
#1251=ORIENTED_EDGE('',*,*,#954,.F.);
#1252=ORIENTED_EDGE('',*,*,#945,.F.);
#1253=ORIENTED_EDGE('',*,*,#949,.F.);
#1254=ORIENTED_EDGE('',*,*,#952,.F.);
#1255=ORIENTED_EDGE('',*,*,#955,.F.);
#1256=ORIENTED_EDGE('',*,*,#956,.T.);
#1257=ORIENTED_EDGE('',*,*,#957,.T.);
#1258=ORIENTED_EDGE('',*,*,#956,.F.);
#1259=ORIENTED_EDGE('',*,*,#957,.F.);
#1260=ORIENTED_EDGE('',*,*,#958,.T.);
#1261=ORIENTED_EDGE('',*,*,#959,.T.);
#1262=ORIENTED_EDGE('',*,*,#855,.T.);
#1263=ORIENTED_EDGE('',*,*,#960,.T.);
#1264=ORIENTED_EDGE('',*,*,#960,.F.);
#1265=ORIENTED_EDGE('',*,*,#862,.T.);
#1266=ORIENTED_EDGE('',*,*,#961,.F.);
#1267=ORIENTED_EDGE('',*,*,#962,.F.);
#1268=ORIENTED_EDGE('',*,*,#955,.T.);
#1269=ORIENTED_EDGE('',*,*,#963,.T.);
#1270=ORIENTED_EDGE('',*,*,#961,.T.);
#1271=ORIENTED_EDGE('',*,*,#861,.T.);
#1272=ORIENTED_EDGE('',*,*,#964,.T.);
#1273=ORIENTED_EDGE('',*,*,#964,.F.);
#1274=ORIENTED_EDGE('',*,*,#860,.T.);
#1275=ORIENTED_EDGE('',*,*,#965,.F.);
#1276=ORIENTED_EDGE('',*,*,#966,.F.);
#1277=ORIENTED_EDGE('',*,*,#928,.T.);
#1278=ORIENTED_EDGE('',*,*,#931,.T.);
#1279=ORIENTED_EDGE('',*,*,#941,.T.);
#1280=ORIENTED_EDGE('',*,*,#938,.T.);
#1281=ORIENTED_EDGE('',*,*,#935,.T.);
#1282=ORIENTED_EDGE('',*,*,#943,.T.);
#1283=ORIENTED_EDGE('',*,*,#953,.T.);
#1284=ORIENTED_EDGE('',*,*,#950,.T.);
#1285=ORIENTED_EDGE('',*,*,#947,.T.);
#1286=ORIENTED_EDGE('',*,*,#967,.T.);
#1287=ORIENTED_EDGE('',*,*,#968,.T.);
#1288=ORIENTED_EDGE('',*,*,#857,.T.);
#1289=ORIENTED_EDGE('',*,*,#969,.T.);
#1290=ORIENTED_EDGE('',*,*,#959,.F.);
#1291=ORIENTED_EDGE('',*,*,#970,.F.);
#1292=ORIENTED_EDGE('',*,*,#969,.F.);
#1293=ORIENTED_EDGE('',*,*,#856,.T.);
#1294=ORIENTED_EDGE('',*,*,#880,.T.);
#1295=ORIENTED_EDGE('',*,*,#890,.T.);
#1296=ORIENTED_EDGE('',*,*,#887,.T.);
#1297=ORIENTED_EDGE('',*,*,#884,.T.);
#1298=ORIENTED_EDGE('',*,*,#892,.T.);
#1299=ORIENTED_EDGE('',*,*,#902,.T.);
#1300=ORIENTED_EDGE('',*,*,#899,.T.);
#1301=ORIENTED_EDGE('',*,*,#896,.T.);
#1302=ORIENTED_EDGE('',*,*,#904,.T.);
#1303=ORIENTED_EDGE('',*,*,#914,.T.);
#1304=ORIENTED_EDGE('',*,*,#911,.T.);
#1305=ORIENTED_EDGE('',*,*,#908,.T.);
#1306=ORIENTED_EDGE('',*,*,#971,.T.);
#1307=ORIENTED_EDGE('',*,*,#965,.T.);
#1308=ORIENTED_EDGE('',*,*,#859,.T.);
#1309=ORIENTED_EDGE('',*,*,#972,.T.);
#1310=ORIENTED_EDGE('',*,*,#973,.F.);
#1311=ORIENTED_EDGE('',*,*,#974,.T.);
#1312=ORIENTED_EDGE('',*,*,#974,.F.);
#1313=ORIENTED_EDGE('',*,*,#975,.F.);
#1314=ORIENTED_EDGE('',*,*,#976,.T.);
#1315=ORIENTED_EDGE('',*,*,#973,.T.);
#1316=ORIENTED_EDGE('',*,*,#976,.F.);
#1317=ORIENTED_EDGE('',*,*,#977,.F.);
#1318=ORIENTED_EDGE('',*,*,#978,.T.);
#1319=ORIENTED_EDGE('',*,*,#978,.F.);
#1320=ORIENTED_EDGE('',*,*,#979,.F.);
#1321=ORIENTED_EDGE('',*,*,#980,.T.);
#1322=ORIENTED_EDGE('',*,*,#977,.T.);
#1323=ORIENTED_EDGE('',*,*,#980,.F.);
#1324=ORIENTED_EDGE('',*,*,#981,.T.);
#1325=ORIENTED_EDGE('',*,*,#982,.T.);
#1326=ORIENTED_EDGE('',*,*,#983,.T.);
#1327=ORIENTED_EDGE('',*,*,#984,.T.);
#1328=ORIENTED_EDGE('',*,*,#985,.T.);
#1329=ORIENTED_EDGE('',*,*,#981,.F.);
#1330=ORIENTED_EDGE('',*,*,#985,.F.);
#1331=ORIENTED_EDGE('',*,*,#986,.T.);
#1332=ORIENTED_EDGE('',*,*,#987,.F.);
#1333=ORIENTED_EDGE('',*,*,#988,.F.);
#1334=ORIENTED_EDGE('',*,*,#989,.T.);
#1335=ORIENTED_EDGE('',*,*,#990,.T.);
#1336=ORIENTED_EDGE('',*,*,#991,.T.);
#1337=ORIENTED_EDGE('',*,*,#992,.F.);
#1338=ORIENTED_EDGE('',*,*,#864,.T.);
#1339=ORIENTED_EDGE('',*,*,#869,.T.);
#1340=ORIENTED_EDGE('',*,*,#993,.T.);
#1341=ORIENTED_EDGE('',*,*,#994,.T.);
#1342=ORIENTED_EDGE('',*,*,#995,.T.);
#1343=ORIENTED_EDGE('',*,*,#996,.T.);
#1344=ORIENTED_EDGE('',*,*,#997,.T.);
#1345=ORIENTED_EDGE('',*,*,#998,.T.);
#1346=ORIENTED_EDGE('',*,*,#999,.T.);
#1347=ORIENTED_EDGE('',*,*,#1000,.T.);
#1348=ORIENTED_EDGE('',*,*,#1001,.T.);
#1349=ORIENTED_EDGE('',*,*,#997,.F.);
#1350=ORIENTED_EDGE('',*,*,#1001,.F.);
#1351=ORIENTED_EDGE('',*,*,#1002,.T.);
#1352=ORIENTED_EDGE('',*,*,#1003,.F.);
#1353=ORIENTED_EDGE('',*,*,#1004,.F.);
#1354=ORIENTED_EDGE('',*,*,#1005,.T.);
#1355=ORIENTED_EDGE('',*,*,#1006,.T.);
#1356=ORIENTED_EDGE('',*,*,#1007,.T.);
#1357=ORIENTED_EDGE('',*,*,#1008,.F.);
#1358=ORIENTED_EDGE('',*,*,#866,.T.);
#1359=ORIENTED_EDGE('',*,*,#1009,.T.);
#1360=ORIENTED_EDGE('',*,*,#1010,.T.);
#1361=ORIENTED_EDGE('',*,*,#1011,.T.);
#1362=ORIENTED_EDGE('',*,*,#1012,.T.);
#1363=ORIENTED_EDGE('',*,*,#1013,.T.);
#1364=ORIENTED_EDGE('',*,*,#1014,.T.);
#1365=ORIENTED_EDGE('',*,*,#1015,.T.);
#1366=ORIENTED_EDGE('',*,*,#983,.F.);
#1367=ORIENTED_EDGE('',*,*,#1016,.F.);
#1368=ORIENTED_EDGE('',*,*,#1017,.T.);
#1369=ORIENTED_EDGE('',*,*,#986,.F.);
#1370=ORIENTED_EDGE('',*,*,#984,.F.);
#1371=ORIENTED_EDGE('',*,*,#1015,.F.);
#1372=ORIENTED_EDGE('',*,*,#982,.F.);
#1373=ORIENTED_EDGE('',*,*,#996,.F.);
#1374=ORIENTED_EDGE('',*,*,#1018,.T.);
#1375=ORIENTED_EDGE('',*,*,#1004,.T.);
#1376=ORIENTED_EDGE('',*,*,#1019,.F.);
#1377=ORIENTED_EDGE('',*,*,#1016,.T.);
#1378=ORIENTED_EDGE('',*,*,#1020,.T.);
#1379=ORIENTED_EDGE('',*,*,#1021,.T.);
#1380=ORIENTED_EDGE('',*,*,#999,.F.);
#1381=ORIENTED_EDGE('',*,*,#1022,.F.);
#1382=ORIENTED_EDGE('',*,*,#1023,.T.);
#1383=ORIENTED_EDGE('',*,*,#1002,.F.);
#1384=ORIENTED_EDGE('',*,*,#1000,.F.);
#1385=ORIENTED_EDGE('',*,*,#1021,.F.);
#1386=ORIENTED_EDGE('',*,*,#998,.F.);
#1387=ORIENTED_EDGE('',*,*,#1013,.F.);
#1388=ORIENTED_EDGE('',*,*,#1024,.T.);
#1389=ORIENTED_EDGE('',*,*,#1025,.T.);
#1390=ORIENTED_EDGE('',*,*,#1026,.T.);
#1391=ORIENTED_EDGE('',*,*,#1009,.F.);
#1392=ORIENTED_EDGE('',*,*,#865,.T.);
#1393=ORIENTED_EDGE('',*,*,#992,.T.);
#1394=ORIENTED_EDGE('',*,*,#1027,.T.);
#1395=ORIENTED_EDGE('',*,*,#1028,.T.);
#1396=ORIENTED_EDGE('',*,*,#1029,.T.);
#1397=ORIENTED_EDGE('',*,*,#988,.T.);
#1398=ORIENTED_EDGE('',*,*,#1030,.F.);
#1399=ORIENTED_EDGE('',*,*,#1022,.T.);
#1400=ORIENTED_EDGE('',*,*,#1031,.F.);
#1401=ORIENTED_EDGE('',*,*,#1032,.F.);
#1402=ORIENTED_EDGE('',*,*,#1033,.T.);
#1403=ORIENTED_EDGE('',*,*,#1034,.F.);
#1404=ORIENTED_EDGE('',*,*,#1032,.T.);
#1405=ORIENTED_EDGE('',*,*,#1035,.F.);
#1406=ORIENTED_EDGE('',*,*,#1036,.F.);
#1407=ORIENTED_EDGE('',*,*,#1033,.F.);
#1408=ORIENTED_EDGE('',*,*,#1037,.T.);
#1409=ORIENTED_EDGE('',*,*,#1038,.F.);
#1410=ORIENTED_EDGE('',*,*,#1037,.F.);
#1411=ORIENTED_EDGE('',*,*,#1039,.F.);
#1412=ORIENTED_EDGE('',*,*,#1040,.T.);
#1413=ORIENTED_EDGE('',*,*,#1041,.F.);
#1414=ORIENTED_EDGE('',*,*,#1042,.T.);
#1415=ORIENTED_EDGE('',*,*,#1039,.T.);
#1416=ORIENTED_EDGE('',*,*,#1042,.F.);
#1417=ORIENTED_EDGE('',*,*,#1040,.F.);
#1418=ORIENTED_EDGE('',*,*,#1043,.T.);
#1419=ORIENTED_EDGE('',*,*,#1044,.F.);
#1420=ORIENTED_EDGE('',*,*,#1043,.F.);
#1421=ORIENTED_EDGE('',*,*,#1036,.T.);
#1422=ORIENTED_EDGE('',*,*,#1045,.T.);
#1423=ORIENTED_EDGE('',*,*,#1005,.F.);
#1424=ORIENTED_EDGE('',*,*,#1018,.F.);
#1425=ORIENTED_EDGE('',*,*,#995,.F.);
#1426=ORIENTED_EDGE('',*,*,#1046,.T.);
#1427=ORIENTED_EDGE('',*,*,#875,.T.);
#1428=ORIENTED_EDGE('',*,*,#854,.F.);
#1429=ORIENTED_EDGE('',*,*,#1047,.T.);
#1430=ORIENTED_EDGE('',*,*,#836,.T.);
#1431=ORIENTED_EDGE('',*,*,#1034,.T.);
#1432=ORIENTED_EDGE('',*,*,#1046,.F.);
#1433=ORIENTED_EDGE('',*,*,#994,.F.);
#1434=ORIENTED_EDGE('',*,*,#1048,.F.);
#1435=ORIENTED_EDGE('',*,*,#1006,.F.);
#1436=ORIENTED_EDGE('',*,*,#1045,.F.);
#1437=ORIENTED_EDGE('',*,*,#1035,.T.);
#1438=ORIENTED_EDGE('',*,*,#1031,.T.);
#1439=ORIENTED_EDGE('',*,*,#1048,.T.);
#1440=ORIENTED_EDGE('',*,*,#993,.F.);
#1441=ORIENTED_EDGE('',*,*,#868,.F.);
#1442=ORIENTED_EDGE('',*,*,#1047,.F.);
#1443=ORIENTED_EDGE('',*,*,#1049,.F.);
#1444=ORIENTED_EDGE('',*,*,#1007,.F.);
#1445=ORIENTED_EDGE('',*,*,#1038,.T.);
#1446=ORIENTED_EDGE('',*,*,#853,.T.);
#1447=ORIENTED_EDGE('',*,*,#867,.T.);
#1448=ORIENTED_EDGE('',*,*,#1008,.T.);
#1449=ORIENTED_EDGE('',*,*,#1049,.T.);
#1450=ORIENTED_EDGE('',*,*,#1050,.F.);
#1451=ORIENTED_EDGE('',*,*,#1025,.F.);
#1452=ORIENTED_EDGE('',*,*,#1051,.F.);
#1453=ORIENTED_EDGE('',*,*,#1052,.F.);
#1454=ORIENTED_EDGE('',*,*,#1053,.F.);
#1455=ORIENTED_EDGE('',*,*,#1052,.T.);
#1456=ORIENTED_EDGE('',*,*,#1054,.F.);
#1457=ORIENTED_EDGE('',*,*,#1055,.F.);
#1458=ORIENTED_EDGE('',*,*,#1056,.F.);
#1459=ORIENTED_EDGE('',*,*,#1055,.T.);
#1460=ORIENTED_EDGE('',*,*,#1057,.F.);
#1461=ORIENTED_EDGE('',*,*,#1028,.F.);
#1462=ORIENTED_EDGE('',*,*,#1058,.F.);
#1463=ORIENTED_EDGE('',*,*,#990,.F.);
#1464=ORIENTED_EDGE('',*,*,#1059,.F.);
#1465=ORIENTED_EDGE('',*,*,#1011,.F.);
#1466=ORIENTED_EDGE('',*,*,#1059,.T.);
#1467=ORIENTED_EDGE('',*,*,#989,.F.);
#1468=ORIENTED_EDGE('',*,*,#1029,.F.);
#1469=ORIENTED_EDGE('',*,*,#1057,.T.);
#1470=ORIENTED_EDGE('',*,*,#1054,.T.);
#1471=ORIENTED_EDGE('',*,*,#1051,.T.);
#1472=ORIENTED_EDGE('',*,*,#1024,.F.);
#1473=ORIENTED_EDGE('',*,*,#1012,.F.);
#1474=ORIENTED_EDGE('',*,*,#1041,.T.);
#1475=ORIENTED_EDGE('',*,*,#1058,.T.);
#1476=ORIENTED_EDGE('',*,*,#1010,.F.);
#1477=ORIENTED_EDGE('',*,*,#1026,.F.);
#1478=ORIENTED_EDGE('',*,*,#1050,.T.);
#1479=ORIENTED_EDGE('',*,*,#1053,.T.);
#1480=ORIENTED_EDGE('',*,*,#1056,.T.);
#1481=ORIENTED_EDGE('',*,*,#1027,.F.);
#1482=ORIENTED_EDGE('',*,*,#991,.F.);
#1483=ORIENTED_EDGE('',*,*,#1044,.T.);
#1484=ORIENTED_EDGE('',*,*,#844,.T.);
#1485=ORIENTED_EDGE('',*,*,#1060,.F.);
#1486=ORIENTED_EDGE('',*,*,#1061,.F.);
#1487=ORIENTED_EDGE('',*,*,#878,.T.);
#1488=ORIENTED_EDGE('',*,*,#841,.T.);
#1489=ORIENTED_EDGE('',*,*,#872,.F.);
#1490=ORIENTED_EDGE('',*,*,#1062,.F.);
#1491=ORIENTED_EDGE('',*,*,#1063,.T.);
#1492=ORIENTED_EDGE('',*,*,#842,.T.);
#1493=ORIENTED_EDGE('',*,*,#1063,.F.);
#1494=ORIENTED_EDGE('',*,*,#1064,.F.);
#1495=ORIENTED_EDGE('',*,*,#1065,.T.);
#1496=ORIENTED_EDGE('',*,*,#843,.T.);
#1497=ORIENTED_EDGE('',*,*,#1065,.F.);
#1498=ORIENTED_EDGE('',*,*,#1066,.F.);
#1499=ORIENTED_EDGE('',*,*,#1060,.T.);
#1500=ORIENTED_EDGE('',*,*,#968,.F.);
#1501=ORIENTED_EDGE('',*,*,#1067,.F.);
#1502=ORIENTED_EDGE('',*,*,#972,.F.);
#1503=ORIENTED_EDGE('',*,*,#858,.T.);
#1504=ORIENTED_EDGE('',*,*,#916,.T.);
#1505=ORIENTED_EDGE('',*,*,#926,.T.);
#1506=ORIENTED_EDGE('',*,*,#923,.T.);
#1507=ORIENTED_EDGE('',*,*,#920,.T.);
#1508=ORIENTED_EDGE('',*,*,#1061,.T.);
#1509=ORIENTED_EDGE('',*,*,#1066,.T.);
#1510=ORIENTED_EDGE('',*,*,#1064,.T.);
#1511=ORIENTED_EDGE('',*,*,#1062,.T.);
#1512=ORIENTED_EDGE('',*,*,#871,.T.);
#1513=ORIENTED_EDGE('',*,*,#874,.T.);
#1514=ORIENTED_EDGE('',*,*,#877,.T.);
#1515=ORIENTED_EDGE('',*,*,#879,.T.);
#1516=ORIENTED_EDGE('',*,*,#958,.F.);
#1517=ORIENTED_EDGE('',*,*,#962,.T.);
#1518=ORIENTED_EDGE('',*,*,#963,.F.);
#1519=ORIENTED_EDGE('',*,*,#966,.T.);
#1520=ORIENTED_EDGE('',*,*,#971,.F.);
#1521=ORIENTED_EDGE('',*,*,#1067,.T.);
#1522=ORIENTED_EDGE('',*,*,#967,.F.);
#1523=ORIENTED_EDGE('',*,*,#970,.T.);
#1524=ORIENTED_EDGE('',*,*,#975,.T.);
#1525=ORIENTED_EDGE('',*,*,#979,.T.);
#1526=ORIENTED_EDGE('',*,*,#1019,.T.);
#1527=ORIENTED_EDGE('',*,*,#1003,.T.);
#1528=ORIENTED_EDGE('',*,*,#1023,.F.);
#1529=ORIENTED_EDGE('',*,*,#1020,.F.);
#1530=ORIENTED_EDGE('',*,*,#1030,.T.);
#1531=ORIENTED_EDGE('',*,*,#987,.T.);
#1532=ORIENTED_EDGE('',*,*,#1017,.F.);
#1533=ORIENTED_EDGE('',*,*,#1014,.F.);
#1534=PLANE('',#1708);
#1535=PLANE('',#1709);
#1536=PLANE('',#1710);
#1537=PLANE('',#1711);
#1538=PLANE('',#1716);
#1539=PLANE('',#1717);
#1540=PLANE('',#1718);
#1541=PLANE('',#1719);
#1542=PLANE('',#1720);
#1543=PLANE('',#1721);
#1544=PLANE('',#1722);
#1545=PLANE('',#1723);
#1546=PLANE('',#1724);
#1547=PLANE('',#1725);
#1548=PLANE('',#1726);
#1549=PLANE('',#1727);
#1550=PLANE('',#1728);
#1551=PLANE('',#1729);
#1552=PLANE('',#1730);
#1553=PLANE('',#1731);
#1554=PLANE('',#1732);
#1555=PLANE('',#1733);
#1556=PLANE('',#1734);
#1557=PLANE('',#1735);
#1558=PLANE('',#1736);
#1559=PLANE('',#1737);
#1560=PLANE('',#1738);
#1561=PLANE('',#1742);
#1562=PLANE('',#1743);
#1563=PLANE('',#1744);
#1564=PLANE('',#1745);
#1565=PLANE('',#1746);
#1566=PLANE('',#1747);
#1567=PLANE('',#1748);
#1568=PLANE('',#1749);
#1569=PLANE('',#1750);
#1570=PLANE('',#1751);
#1571=PLANE('',#1752);
#1572=PLANE('',#1756);
#1573=PLANE('',#1759);
#1574=PLANE('',#1762);
#1575=PLANE('',#1765);
#1576=PLANE('',#1776);
#1577=PLANE('',#1777);
#1578=PLANE('',#1778);
#1579=PLANE('',#1779);
#1580=PLANE('',#1780);
#1581=PLANE('',#1781);
#1582=PLANE('',#1782);
#1583=PLANE('',#1783);
#1584=PLANE('',#1784);
#1585=PLANE('',#1785);
#1586=PLANE('',#1786);
#1587=PLANE('',#1787);
#1588=PLANE('',#1788);
#1589=PLANE('',#1795);
#1590=PLANE('',#1802);
#1591=PLANE('',#1803);
#1592=PLANE('',#1804);
#1593=PLANE('',#1805);
#1594=PLANE('',#1806);
#1595=PLANE('',#1807);
#1596=PLANE('',#1808);
#1597=PLANE('',#1809);
#1598=PLANE('',#1810);
#1599=PLANE('',#1811);
#1600=PLANE('',#1812);
#1601=PLANE('',#1813);
#1602=PLANE('',#1814);
#1603=PLANE('',#1815);
#1604=PLANE('',#1816);
#1605=ADVANCED_FACE('',(#83),#1534,.F.);
#1606=ADVANCED_FACE('',(#84),#1535,.F.);
#1607=ADVANCED_FACE('',(#85),#1536,.F.);
#1608=ADVANCED_FACE('',(#86,#33),#1537,.F.);
#1609=ADVANCED_FACE('',(#87),#1538,.T.);
#1610=ADVANCED_FACE('',(#88),#29,.F.);
#1611=ADVANCED_FACE('',(#89),#1539,.F.);
#1612=ADVANCED_FACE('',(#90),#30,.F.);
#1613=ADVANCED_FACE('',(#91),#1540,.F.);
#1614=ADVANCED_FACE('',(#92),#1541,.F.);
#1615=ADVANCED_FACE('',(#93),#1542,.F.);
#1616=ADVANCED_FACE('',(#94),#1543,.F.);
#1617=ADVANCED_FACE('',(#95),#1544,.F.);
#1618=ADVANCED_FACE('',(#96),#1545,.F.);
#1619=ADVANCED_FACE('',(#97),#1546,.F.);
#1620=ADVANCED_FACE('',(#98),#1547,.F.);
#1621=ADVANCED_FACE('',(#99),#1548,.F.);
#1622=ADVANCED_FACE('',(#100),#1549,.F.);
#1623=ADVANCED_FACE('',(#101),#1550,.F.);
#1624=ADVANCED_FACE('',(#102),#1551,.F.);
#1625=ADVANCED_FACE('',(#103),#1552,.F.);
#1626=ADVANCED_FACE('',(#104),#1553,.F.);
#1627=ADVANCED_FACE('',(#105),#1554,.F.);
#1628=ADVANCED_FACE('',(#106),#1555,.F.);
#1629=ADVANCED_FACE('',(#107),#1556,.F.);
#1630=ADVANCED_FACE('',(#108),#1557,.F.);
#1631=ADVANCED_FACE('',(#109),#1558,.F.);
#1632=ADVANCED_FACE('',(#110),#1559,.F.);
#1633=ADVANCED_FACE('',(#111),#1560,.F.);
#1634=ADVANCED_FACE('',(#112),#17,.F.);
#1635=ADVANCED_FACE('',(#113),#1561,.T.);
#1636=ADVANCED_FACE('',(#114),#1562,.F.);
#1637=ADVANCED_FACE('',(#115),#1563,.F.);
#1638=ADVANCED_FACE('',(#116),#1564,.F.);
#1639=ADVANCED_FACE('',(#117),#1565,.F.);
#1640=ADVANCED_FACE('',(#118),#1566,.F.);
#1641=ADVANCED_FACE('',(#119),#1567,.F.);
#1642=ADVANCED_FACE('',(#120),#1568,.F.);
#1643=ADVANCED_FACE('',(#121),#1569,.F.);
#1644=ADVANCED_FACE('',(#122),#1570,.F.);
#1645=ADVANCED_FACE('',(#123),#1571,.F.);
#1646=ADVANCED_FACE('',(#124),#18,.F.);
#1647=ADVANCED_FACE('',(#125),#1572,.T.);
#1648=ADVANCED_FACE('',(#126),#19,.T.);
#1649=ADVANCED_FACE('',(#127,#34),#1573,.T.);
#1650=ADVANCED_FACE('',(#128),#20,.T.);
#1651=ADVANCED_FACE('',(#129,#35,#36,#37),#1574,.T.);
#1652=ADVANCED_FACE('',(#130),#21,.T.);
#1653=ADVANCED_FACE('',(#131,#38,#39,#40),#1575,.T.);
#1654=ADVANCED_FACE('',(#132),#22,.T.);
#1655=ADVANCED_FACE('',(#133),#15,.F.);
#1656=ADVANCED_FACE('',(#134),#23,.F.);
#1657=ADVANCED_FACE('',(#135),#16,.F.);
#1658=ADVANCED_FACE('',(#136),#24,.F.);
#1659=ADVANCED_FACE('',(#137),#1576,.T.);
#1660=ADVANCED_FACE('',(#138),#1577,.T.);
#1661=ADVANCED_FACE('',(#139),#1578,.T.);
#1662=ADVANCED_FACE('',(#140),#1579,.T.);
#1663=ADVANCED_FACE('',(#141),#1580,.T.);
#1664=ADVANCED_FACE('',(#142),#1581,.T.);
#1665=ADVANCED_FACE('',(#143),#1582,.T.);
#1666=ADVANCED_FACE('',(#144),#1583,.T.);
#1667=ADVANCED_FACE('',(#145),#1584,.T.);
#1668=ADVANCED_FACE('',(#146),#1585,.T.);
#1669=ADVANCED_FACE('',(#147),#1586,.T.);
#1670=ADVANCED_FACE('',(#148),#1587,.T.);
#1671=ADVANCED_FACE('',(#149,#41),#1588,.F.);
#1672=ADVANCED_FACE('',(#150),#25,.F.);
#1673=ADVANCED_FACE('',(#151),#26,.F.);
#1674=ADVANCED_FACE('',(#152,#42),#1589,.F.);
#1675=ADVANCED_FACE('',(#153),#27,.F.);
#1676=ADVANCED_FACE('',(#154),#28,.F.);
#1677=ADVANCED_FACE('',(#155),#1590,.T.);
#1678=ADVANCED_FACE('',(#156),#1591,.T.);
#1679=ADVANCED_FACE('',(#157),#1592,.T.);
#1680=ADVANCED_FACE('',(#158,#43),#1593,.F.);
#1681=ADVANCED_FACE('',(#159),#1594,.T.);
#1682=ADVANCED_FACE('',(#160),#1595,.T.);
#1683=ADVANCED_FACE('',(#161),#1596,.T.);
#1684=ADVANCED_FACE('',(#162),#1597,.T.);
#1685=ADVANCED_FACE('',(#163),#1598,.T.);
#1686=ADVANCED_FACE('',(#164,#44),#1599,.T.);
#1687=ADVANCED_FACE('',(#165,#45),#1600,.F.);
#1688=ADVANCED_FACE('',(#166),#31,.F.);
#1689=ADVANCED_FACE('',(#167),#1601,.F.);
#1690=ADVANCED_FACE('',(#168),#32,.F.);
#1691=ADVANCED_FACE('',(#169),#1602,.F.);
#1692=ADVANCED_FACE('',(#170,#46,#47),#1603,.T.);
#1693=ADVANCED_FACE('',(#171,#48,#49,#50),#1604,.T.);
#1694=CLOSED_SHELL('',(#1605,#1606,#1607,#1608,#1609,#1610,#1611,#1612,
#1613,#1614,#1615,#1616,#1617,#1618,#1619,#1620,#1621,#1622,#1623,#1624,
#1625,#1626,#1627,#1628,#1629,#1630,#1631,#1632,#1633,#1634,#1635,#1636,
#1637,#1638,#1639,#1640,#1641,#1642,#1643,#1644,#1645,#1646,#1647,#1648,
#1649,#1650,#1651,#1652,#1653,#1654,#1655,#1656,#1657,#1658,#1659,#1660,
#1661,#1662,#1663,#1664,#1665,#1666,#1667,#1668,#1669,#1670,#1671,#1672,
#1673,#1674,#1675,#1676,#1677,#1678,#1679,#1680,#1681,#1682,#1683,#1684,
#1685,#1686,#1687,#1688,#1689,#1690,#1691,#1692,#1693));
#1695=DERIVED_UNIT_ELEMENT(#1697,1.);
#1696=DERIVED_UNIT_ELEMENT(#2820,-3.);
#1697=(
MASS_UNIT()
NAMED_UNIT(*)
SI_UNIT(.KILO.,.GRAM.)
);
#1698=DERIVED_UNIT((#1695,#1696));
#1699=MEASURE_REPRESENTATION_ITEM('density measure',
POSITIVE_RATIO_MEASURE(7850.),#1698);
#1700=PROPERTY_DEFINITION_REPRESENTATION(#1705,#1702);
#1701=PROPERTY_DEFINITION_REPRESENTATION(#1706,#1703);
#1702=REPRESENTATION('material name',(#1704),#2817);
#1703=REPRESENTATION('density',(#1699),#2817);
#1704=DESCRIPTIVE_REPRESENTATION_ITEM('Steel','Steel');
#1705=PROPERTY_DEFINITION('material property','material name',#2827);
#1706=PROPERTY_DEFINITION('material property','density of part',#2827);
#1707=AXIS2_PLACEMENT_3D('',#2238,#1817,#1818);
#1708=AXIS2_PLACEMENT_3D('',#2239,#1819,#1820);
#1709=AXIS2_PLACEMENT_3D('',#2250,#1826,#1827);
#1710=AXIS2_PLACEMENT_3D('',#2296,#1835,#1836);
#1711=AXIS2_PLACEMENT_3D('',#2304,#1841,#1842);
#1712=AXIS2_PLACEMENT_3D('',#2307,#1843,#1844);
#1713=AXIS2_PLACEMENT_3D('',#2311,#1846,#1847);
#1714=AXIS2_PLACEMENT_3D('',#2315,#1849,#1850);
#1715=AXIS2_PLACEMENT_3D('',#2319,#1852,#1853);
#1716=AXIS2_PLACEMENT_3D('',#2330,#1860,#1861);
#1717=AXIS2_PLACEMENT_3D('',#2359,#1866,#1867);
#1718=AXIS2_PLACEMENT_3D('',#2387,#1872,#1873);
#1719=AXIS2_PLACEMENT_3D('',#2391,#1876,#1877);
#1720=AXIS2_PLACEMENT_3D('',#2400,#1882,#1883);
#1721=AXIS2_PLACEMENT_3D('',#2406,#1887,#1888);
#1722=AXIS2_PLACEMENT_3D('',#2412,#1892,#1893);
#1723=AXIS2_PLACEMENT_3D('',#2415,#1896,#1897);
#1724=AXIS2_PLACEMENT_3D('',#2416,#1898,#1899);
#1725=AXIS2_PLACEMENT_3D('',#2425,#1904,#1905);
#1726=AXIS2_PLACEMENT_3D('',#2431,#1909,#1910);
#1727=AXIS2_PLACEMENT_3D('',#2437,#1914,#1915);
#1728=AXIS2_PLACEMENT_3D('',#2440,#1918,#1919);
#1729=AXIS2_PLACEMENT_3D('',#2441,#1920,#1921);
#1730=AXIS2_PLACEMENT_3D('',#2450,#1926,#1927);
#1731=AXIS2_PLACEMENT_3D('',#2456,#1931,#1932);
#1732=AXIS2_PLACEMENT_3D('',#2462,#1936,#1937);
#1733=AXIS2_PLACEMENT_3D('',#2465,#1940,#1941);
#1734=AXIS2_PLACEMENT_3D('',#2466,#1942,#1943);
#1735=AXIS2_PLACEMENT_3D('',#2475,#1948,#1949);
#1736=AXIS2_PLACEMENT_3D('',#2481,#1953,#1954);
#1737=AXIS2_PLACEMENT_3D('',#2487,#1958,#1959);
#1738=AXIS2_PLACEMENT_3D('',#2490,#1962,#1963);
#1739=AXIS2_PLACEMENT_3D('',#2491,#1964,#1965);
#1740=AXIS2_PLACEMENT_3D('',#2493,#1966,#1967);
#1741=AXIS2_PLACEMENT_3D('',#2496,#1969,#1970);
#1742=AXIS2_PLACEMENT_3D('',#2497,#1971,#1972);
#1743=AXIS2_PLACEMENT_3D('',#2498,#1973,#1974);
#1744=AXIS2_PLACEMENT_3D('',#2507,#1979,#1980);
#1745=AXIS2_PLACEMENT_3D('',#2513,#1984,#1985);
#1746=AXIS2_PLACEMENT_3D('',#2519,#1989,#1990);
#1747=AXIS2_PLACEMENT_3D('',#2522,#1993,#1994);
#1748=AXIS2_PLACEMENT_3D('',#2523,#1995,#1996);
#1749=AXIS2_PLACEMENT_3D('',#2532,#2001,#2002);
#1750=AXIS2_PLACEMENT_3D('',#2538,#2006,#2007);
#1751=AXIS2_PLACEMENT_3D('',#2544,#2011,#2012);
#1752=AXIS2_PLACEMENT_3D('',#2547,#2015,#2016);
#1753=AXIS2_PLACEMENT_3D('',#2548,#2017,#2018);
#1754=AXIS2_PLACEMENT_3D('',#2550,#2019,#2020);
#1755=AXIS2_PLACEMENT_3D('',#2553,#2022,#2023);
#1756=AXIS2_PLACEMENT_3D('',#2554,#2024,#2025);
#1757=AXIS2_PLACEMENT_3D('',#2555,#2026,#2027);
#1758=AXIS2_PLACEMENT_3D('',#2558,#2028,#2029);
#1759=AXIS2_PLACEMENT_3D('',#2561,#2032,#2033);
#1760=AXIS2_PLACEMENT_3D('',#2565,#2036,#2037);
#1761=AXIS2_PLACEMENT_3D('',#2567,#2038,#2039);
#1762=AXIS2_PLACEMENT_3D('',#2569,#2041,#2042);
#1763=AXIS2_PLACEMENT_3D('',#2573,#2045,#2046);
#1764=AXIS2_PLACEMENT_3D('',#2576,#2047,#2048);
#1765=AXIS2_PLACEMENT_3D('',#2579,#2051,#2052);
#1766=AXIS2_PLACEMENT_3D('',#2581,#2054,#2055);
#1767=AXIS2_PLACEMENT_3D('',#2583,#2056,#2057);
#1768=AXIS2_PLACEMENT_3D('',#2585,#2059,#2060);
#1769=AXIS2_PLACEMENT_3D('',#2587,#2061,#2062);
#1770=AXIS2_PLACEMENT_3D('',#2590,#2064,#2065);
#1771=AXIS2_PLACEMENT_3D('',#2592,#2066,#2067);
#1772=AXIS2_PLACEMENT_3D('',#2594,#2069,#2070);
#1773=AXIS2_PLACEMENT_3D('',#2596,#2071,#2072);
#1774=AXIS2_PLACEMENT_3D('',#2599,#2074,#2075);
#1775=AXIS2_PLACEMENT_3D('',#2601,#2076,#2077);
#1776=AXIS2_PLACEMENT_3D('',#2603,#2079,#2080);
#1777=AXIS2_PLACEMENT_3D('',#2610,#2084,#2085);
#1778=AXIS2_PLACEMENT_3D('',#2614,#2088,#2089);
#1779=AXIS2_PLACEMENT_3D('',#2635,#2101,#2102);
#1780=AXIS2_PLACEMENT_3D('',#2642,#2106,#2107);
#1781=AXIS2_PLACEMENT_3D('',#2646,#2110,#2111);
#1782=AXIS2_PLACEMENT_3D('',#2669,#2124,#2125);
#1783=AXIS2_PLACEMENT_3D('',#2675,#2129,#2130);
#1784=AXIS2_PLACEMENT_3D('',#2677,#2132,#2133);
#1785=AXIS2_PLACEMENT_3D('',#2680,#2136,#2137);
#1786=AXIS2_PLACEMENT_3D('',#2686,#2141,#2142);
#1787=AXIS2_PLACEMENT_3D('',#2688,#2144,#2145);
#1788=AXIS2_PLACEMENT_3D('',#2700,#2153,#2154);
#1789=AXIS2_PLACEMENT_3D('',#2704,#2156,#2157);
#1790=AXIS2_PLACEMENT_3D('',#2706,#2158,#2159);
#1791=AXIS2_PLACEMENT_3D('',#2707,#2160,#2161);
#1792=AXIS2_PLACEMENT_3D('',#2712,#2164,#2165);
#1793=AXIS2_PLACEMENT_3D('',#2713,#2166,#2167);
#1794=AXIS2_PLACEMENT_3D('',#2716,#2169,#2170);
#1795=AXIS2_PLACEMENT_3D('',#2717,#2171,#2172);
#1796=AXIS2_PLACEMENT_3D('',#2719,#2173,#2174);
#1797=AXIS2_PLACEMENT_3D('',#2721,#2175,#2176);
#1798=AXIS2_PLACEMENT_3D('',#2722,#2177,#2178);
#1799=AXIS2_PLACEMENT_3D('',#2724,#2179,#2180);
#1800=AXIS2_PLACEMENT_3D('',#2726,#2182,#2183);
#1801=AXIS2_PLACEMENT_3D('',#2729,#2185,#2186);
#1802=AXIS2_PLACEMENT_3D('',#2730,#2187,#2188);
#1803=AXIS2_PLACEMENT_3D('',#2733,#2191,#2192);
#1804=AXIS2_PLACEMENT_3D('',#2735,#2194,#2195);
#1805=AXIS2_PLACEMENT_3D('',#2737,#2197,#2198);
#1806=AXIS2_PLACEMENT_3D('',#2739,#2200,#2201);
#1807=AXIS2_PLACEMENT_3D('',#2740,#2202,#2203);
#1808=AXIS2_PLACEMENT_3D('',#2746,#2207,#2208);
#1809=AXIS2_PLACEMENT_3D('',#2752,#2212,#2213);
#1810=AXIS2_PLACEMENT_3D('',#2755,#2216,#2217);
#1811=AXIS2_PLACEMENT_3D('',#2758,#2220,#2221);
#1812=AXIS2_PLACEMENT_3D('',#2759,#2222,#2223);
#1813=AXIS2_PLACEMENT_3D('',#2783,#2225,#2226);
#1814=AXIS2_PLACEMENT_3D('',#2810,#2230,#2231);
#1815=AXIS2_PLACEMENT_3D('',#2812,#2233,#2234);
#1816=AXIS2_PLACEMENT_3D('',#2814,#2236,#2237);
#1817=DIRECTION('axis',(0.,0.,1.));
#1818=DIRECTION('refdir',(1.,0.,0.));
#1819=DIRECTION('center_axis',(-0.707106781186554,-0.707106781186541,0.));
#1820=DIRECTION('ref_axis',(-0.707106781186541,0.707106781186554,0.));
#1821=DIRECTION('',(-0.707106781186541,0.707106781186554,0.));
#1822=DIRECTION('',(0.,0.,-1.));
#1823=DIRECTION('',(0.,0.,-1.));
#1824=DIRECTION('',(-0.707106781186541,0.707106781186554,0.));
#1825=DIRECTION('',(0.,0.,-1.));
#1826=DIRECTION('center_axis',(0.,-1.,0.));
#1827=DIRECTION('ref_axis',(-1.,0.,0.));
#1828=DIRECTION('',(0.,0.,-1.));
#1829=DIRECTION('',(1.,0.,4.6648365856223E-16));
#1830=DIRECTION('',(-3.03460960064205E-13,0.,1.));
#1831=DIRECTION('',(-1.,0.,0.));
#1832=DIRECTION('',(-1.,0.,0.));
#1833=DIRECTION('',(0.,0.,-1.));
#1834=DIRECTION('',(-1.,0.,0.));
#1835=DIRECTION('center_axis',(0.707106781186551,-0.707106781186544,0.));
#1836=DIRECTION('ref_axis',(-0.707106781186544,-0.707106781186551,0.));
#1837=DIRECTION('',(-0.707106781186544,-0.707106781186551,0.));
#1838=DIRECTION('',(-0.707106781186544,-0.707106781186551,0.));
#1839=DIRECTION('',(0.,0.,1.));
#1840=DIRECTION('',(0.,0.,-1.));
#1841=DIRECTION('center_axis',(0.,0.,-1.));
#1842=DIRECTION('ref_axis',(1.,0.,0.));
#1843=DIRECTION('center_axis',(0.,0.,-1.));
#1844=DIRECTION('ref_axis',(-0.707106781186547,0.707106781186547,0.));
#1845=DIRECTION('',(9.88842595969857E-17,1.,0.));
#1846=DIRECTION('center_axis',(0.,0.,-1.));
#1847=DIRECTION('ref_axis',(-0.707106781186547,-0.707106781186547,0.));
#1848=DIRECTION('',(-1.,2.96652778790957E-16,0.));
#1849=DIRECTION('center_axis',(0.,0.,-1.));
#1850=DIRECTION('ref_axis',(0.707106781186547,-0.707106781186547,0.));
#1851=DIRECTION('',(0.,-1.,0.));
#1852=DIRECTION('center_axis',(0.,0.,-1.));
#1853=DIRECTION('ref_axis',(0.707106781186547,0.707106781186548,0.));
#1854=DIRECTION('',(1.,9.88842595969857E-17,0.));
#1855=DIRECTION('',(1.,0.,0.));
#1856=DIRECTION('',(0.,-1.,0.));
#1857=DIRECTION('',(-1.,0.,0.));
#1858=DIRECTION('',(-7.41860669243229E-16,1.,0.));
#1859=DIRECTION('',(1.,0.,0.));
#1860=DIRECTION('center_axis',(0.,1.,0.));
#1861=DIRECTION('ref_axis',(1.,0.,0.));
#1862=DIRECTION('',(-1.,0.,5.47776111555526E-24));
#1863=DIRECTION('',(0.,0.,-1.));
#1864=DIRECTION('',(5.04646829375076E-16,1.,0.));
#1865=DIRECTION('',(5.04646829375076E-16,1.,0.));
#1866=DIRECTION('center_axis',(0.,0.,-1.));
#1867=DIRECTION('ref_axis',(-1.,4.92229228386236E-16,0.));
#1868=DIRECTION('',(5.04646829375076E-16,1.,0.));
#1869=DIRECTION('',(-1.,2.96652778790957E-16,0.));
#1870=DIRECTION('',(1.,0.,0.));
#1871=DIRECTION('',(5.04646829375076E-16,1.,0.));
#1872=DIRECTION('center_axis',(-1.,5.04646829375076E-16,-3.03460960064205E-13));
#1873=DIRECTION('ref_axis',(-3.03460960064205E-13,1.4937235421775E-28,1.));
#1874=DIRECTION('',(5.04646829375076E-16,1.,0.));
#1875=DIRECTION('',(-3.03460960064205E-13,9.00225370576181E-29,1.));
#1876=DIRECTION('center_axis',(0.,0.,-1.));
#1877=DIRECTION('ref_axis',(9.84458456772473E-17,1.,0.));
#1878=DIRECTION('',(9.88842595969857E-17,1.,0.));
#1879=DIRECTION('',(1.,0.,0.));
#1880=DIRECTION('',(9.84458456772473E-17,1.,0.));
#1881=DIRECTION('',(1.,0.,0.));
#1882=DIRECTION('center_axis',(0.,-1.,0.));
#1883=DIRECTION('ref_axis',(0.,0.,-1.));
#1884=DIRECTION('',(0.,0.,-1.));
#1885=DIRECTION('',(1.,0.,0.));
#1886=DIRECTION('',(0.,0.,-1.));
#1887=DIRECTION('center_axis',(0.,0.,1.));
#1888=DIRECTION('ref_axis',(-9.84458456772473E-17,-1.,0.));
#1889=DIRECTION('',(-9.88842595969857E-17,-1.,0.));
#1890=DIRECTION('',(1.,0.,0.));
#1891=DIRECTION('',(-9.84458456772473E-17,-1.,0.));
#1892=DIRECTION('center_axis',(0.,1.,2.22044604925031E-16));
#1893=DIRECTION('ref_axis',(-2.18593689099149E-32,-2.22044604925031E-16,
1.));
#1894=DIRECTION('',(-2.19567163555169E-32,-2.22044604925031E-16,1.));
#1895=DIRECTION('',(-2.18593689099149E-32,-2.22044604925031E-16,1.));
#1896=DIRECTION('center_axis',(1.,0.,0.));
#1897=DIRECTION('ref_axis',(0.,0.,-1.));
#1898=DIRECTION('center_axis',(6.96117250580292E-17,0.707106781186571,-0.707106781186524));
#1899=DIRECTION('ref_axis',(6.96117250580237E-17,0.707106781186524,0.707106781186571));
#1900=DIRECTION('',(6.99217305136372E-17,0.707106781186524,0.707106781186571));
#1901=DIRECTION('',(1.,-9.84458456772487E-17,0.));
#1902=DIRECTION('',(6.96117250580237E-17,0.707106781186524,0.707106781186571));
#1903=DIRECTION('',(1.,-9.84458456772487E-17,0.));
#1904=DIRECTION('center_axis',(-6.96117250580246E-17,-0.707106781186524,
-0.707106781186571));
#1905=DIRECTION('ref_axis',(6.96117250580283E-17,0.707106781186571,-0.707106781186524));
#1906=DIRECTION('',(6.99217305136418E-17,0.707106781186571,-0.707106781186524));
#1907=DIRECTION('',(1.,-9.84458456772487E-17,0.));
#1908=DIRECTION('',(6.96117250580283E-17,0.707106781186571,-0.707106781186524));
#1909=DIRECTION('center_axis',(-6.96117250580292E-17,-0.707106781186571,
0.707106781186524));
#1910=DIRECTION('ref_axis',(-6.96117250580237E-17,-0.707106781186524,-0.707106781186571));
#1911=DIRECTION('',(-6.99217305136372E-17,-0.707106781186524,-0.707106781186571));
#1912=DIRECTION('',(1.,-9.84458456772487E-17,0.));
#1913=DIRECTION('',(-6.96117250580237E-17,-0.707106781186524,-0.707106781186571));
#1914=DIRECTION('center_axis',(6.96117250580246E-17,0.707106781186524,0.707106781186571));
#1915=DIRECTION('ref_axis',(-6.96117250580283E-17,-0.707106781186571,0.707106781186524));
#1916=DIRECTION('',(-6.99217305136418E-17,-0.707106781186571,0.707106781186524));
#1917=DIRECTION('',(-6.96117250580283E-17,-0.707106781186571,0.707106781186524));
#1918=DIRECTION('center_axis',(1.,-9.84458456772486E-17,0.));
#1919=DIRECTION('ref_axis',(0.,0.,-1.));
#1920=DIRECTION('center_axis',(0.,1.,0.));
#1921=DIRECTION('ref_axis',(0.,0.,1.));
#1922=DIRECTION('',(0.,0.,1.));
#1923=DIRECTION('',(1.,0.,0.));
#1924=DIRECTION('',(0.,0.,1.));
#1925=DIRECTION('',(1.,0.,0.));
#1926=DIRECTION('center_axis',(0.,0.,-1.));
#1927=DIRECTION('ref_axis',(9.84458456772473E-17,1.,0.));
#1928=DIRECTION('',(9.88842595969857E-17,1.,0.));
#1929=DIRECTION('',(1.,0.,0.));
#1930=DIRECTION('',(9.84458456772473E-17,1.,0.));
#1931=DIRECTION('center_axis',(0.,-1.,-6.66133814775093E-15));
#1932=DIRECTION('ref_axis',(6.55781067297448E-31,6.66133814775093E-15,-1.));
#1933=DIRECTION('',(6.58701490665507E-31,6.66133814775093E-15,-1.));
#1934=DIRECTION('',(1.,0.,0.));
#1935=DIRECTION('',(6.55781067297448E-31,6.66133814775093E-15,-1.));
#1936=DIRECTION('center_axis',(0.,0.,1.));
#1937=DIRECTION('ref_axis',(-9.84458456772473E-17,-1.,0.));
#1938=DIRECTION('',(-9.88842595969857E-17,-1.,0.));
#1939=DIRECTION('',(-9.84458456772473E-17,-1.,0.));
#1940=DIRECTION('center_axis',(1.,0.,0.));
#1941=DIRECTION('ref_axis',(0.,0.,-1.));
#1942=DIRECTION('center_axis',(0.707106781186547,-3.92523114670943E-16,
-0.707106781186548));
#1943=DIRECTION('ref_axis',(-0.707106781186548,3.4805862529013E-16,-0.707106781186547));
#1944=DIRECTION('',(-0.707106781186548,2.09765191540919E-16,-0.707106781186547));
#1945=DIRECTION('',(5.55111512312578E-16,1.,0.));
#1946=DIRECTION('',(-0.707106781186548,3.4805862529013E-16,-0.707106781186547));
#1947=DIRECTION('',(5.55111512312578E-16,1.,0.));
#1948=DIRECTION('center_axis',(0.707106781186548,-3.92523114670944E-16,
0.707106781186547));
#1949=DIRECTION('ref_axis',(0.707106781186547,-3.48058625290129E-16,-0.707106781186548));
#1950=DIRECTION('',(0.707106781186547,-2.09765191540918E-16,-0.707106781186548));
#1951=DIRECTION('',(5.55111512312578E-16,1.,0.));
#1952=DIRECTION('',(0.707106781186547,-3.48058625290129E-16,-0.707106781186548));
#1953=DIRECTION('center_axis',(-0.707106781186547,3.92523114670943E-16,
0.707106781186548));
#1954=DIRECTION('ref_axis',(0.707106781186548,-3.4805862529013E-16,0.707106781186547));
#1955=DIRECTION('',(0.707106781186548,-2.09765191540919E-16,0.707106781186547));
#1956=DIRECTION('',(5.55111512312578E-16,1.,0.));
#1957=DIRECTION('',(0.707106781186548,-3.4805862529013E-16,0.707106781186547));
#1958=DIRECTION('center_axis',(-0.707106781186548,3.92523114670944E-16,
-0.707106781186547));
#1959=DIRECTION('ref_axis',(-0.707106781186547,3.48058625290129E-16,0.707106781186548));
#1960=DIRECTION('',(-0.707106781186547,2.09765191540918E-16,0.707106781186548));
#1961=DIRECTION('',(-0.707106781186547,3.48058625290129E-16,0.707106781186548));
#1962=DIRECTION('center_axis',(5.55111512312578E-16,1.,0.));
#1963=DIRECTION('ref_axis',(0.,0.,1.));
#1964=DIRECTION('center_axis',(-1.,0.,0.));
#1965=DIRECTION('ref_axis',(0.,1.,0.));
#1966=DIRECTION('center_axis',(-1.,0.,0.));
#1967=DIRECTION('ref_axis',(0.,1.,0.));
#1968=DIRECTION('',(-1.,0.,0.));
#1969=DIRECTION('center_axis',(-1.,0.,0.));
#1970=DIRECTION('ref_axis',(0.,1.,0.));
#1971=DIRECTION('center_axis',(1.,0.,0.));
#1972=DIRECTION('ref_axis',(0.,1.,0.));
#1973=DIRECTION('center_axis',(0.,-1.,-1.44284584280627E-12));
#1974=DIRECTION('ref_axis',(0.,-1.44284584280627E-12,1.));
#1975=DIRECTION('',(0.,-1.44284584280627E-12,1.));
#1976=DIRECTION('',(-1.,0.,0.));
#1977=DIRECTION('',(0.,-1.44284584280627E-12,1.));
#1978=DIRECTION('',(-1.,0.,0.));
#1979=DIRECTION('center_axis',(0.,-1.63819575189238E-13,-1.));
#1980=DIRECTION('ref_axis',(0.,-1.,1.63819575189238E-13));
#1981=DIRECTION('',(0.,-1.,1.63819575189238E-13));
#1982=DIRECTION('',(-1.,0.,0.));
#1983=DIRECTION('',(0.,-1.,1.63819575189238E-13));
#1984=DIRECTION('center_axis',(0.,1.,-2.60902410787076E-14));
#1985=DIRECTION('ref_axis',(0.,-2.60902410787076E-14,-1.));
#1986=DIRECTION('',(0.,-2.60902410787076E-14,-1.));
#1987=DIRECTION('',(-1.,0.,0.));
#1988=DIRECTION('',(0.,-2.60902410787076E-14,-1.));
#1989=DIRECTION('center_axis',(0.,-2.4893667374388E-13,1.));
#1990=DIRECTION('ref_axis',(0.,1.,2.4893667374388E-13));
#1991=DIRECTION('',(0.,1.,2.4893667374388E-13));
#1992=DIRECTION('',(0.,1.,2.4893667374388E-13));
#1993=DIRECTION('center_axis',(-1.,0.,0.));
#1994=DIRECTION('ref_axis',(0.,0.,1.));
#1995=DIRECTION('center_axis',(0.,1.,5.07371922255096E-14));
#1996=DIRECTION('ref_axis',(0.,5.07371922255096E-14,-1.));
#1997=DIRECTION('',(0.,5.07371922255096E-14,-1.));
#1998=DIRECTION('',(-1.,0.,0.));
#1999=DIRECTION('',(0.,5.07371922255096E-14,-1.));
#2000=DIRECTION('',(-1.,0.,0.));
#2001=DIRECTION('center_axis',(0.,-2.4893667374388E-13,1.));
#2002=DIRECTION('ref_axis',(0.,1.,2.4893667374388E-13));
#2003=DIRECTION('',(0.,1.,2.4893667374388E-13));
#2004=DIRECTION('',(-1.,0.,0.));
#2005=DIRECTION('',(0.,1.,2.4893667374388E-13));
#2006=DIRECTION('center_axis',(0.,-1.,-2.3092638912235E-14));
#2007=DIRECTION('ref_axis',(0.,-2.3092638912235E-14,1.));
#2008=DIRECTION('',(0.,-2.3092638912235E-14,1.));
#2009=DIRECTION('',(-1.,0.,0.));
#2010=DIRECTION('',(0.,-2.3092638912235E-14,1.));
#2011=DIRECTION('center_axis',(0.,-1.63819575189238E-13,-1.));
#2012=DIRECTION('ref_axis',(0.,-1.,1.63819575189238E-13));
#2013=DIRECTION('',(0.,-1.,1.63819575189238E-13));
#2014=DIRECTION('',(0.,-1.,1.63819575189238E-13));
#2015=DIRECTION('center_axis',(-1.,0.,0.));
#2016=DIRECTION('ref_axis',(0.,0.,1.));
#2017=DIRECTION('center_axis',(0.,-1.,0.));
#2018=DIRECTION('ref_axis',(-1.,0.,0.));
#2019=DIRECTION('center_axis',(9.88842595969857E-17,-1.,0.));
#2020=DIRECTION('ref_axis',(-1.,0.,0.));
#2021=DIRECTION('',(0.,-1.,0.));
#2022=DIRECTION('center_axis',(-9.84458456772473E-17,-1.,0.));
#2023=DIRECTION('ref_axis',(-1.,9.84458456772473E-17,0.));
#2024=DIRECTION('center_axis',(9.84458456772473E-17,1.,0.));
#2025=DIRECTION('ref_axis',(-1.,9.84458456772473E-17,0.));
#2026=DIRECTION('center_axis',(0.,0.,-1.));
#2027=DIRECTION('ref_axis',(-0.707106781186547,0.707106781186547,0.));
#2028=DIRECTION('center_axis',(0.,0.,1.));
#2029=DIRECTION('ref_axis',(-0.707106781186547,0.707106781186547,0.));
#2030=DIRECTION('',(0.,0.,1.));
#2031=DIRECTION('',(0.,0.,-1.));
#2032=DIRECTION('center_axis',(-9.88842595969857E-17,1.,0.));
#2033=DIRECTION('ref_axis',(1.,9.88842595969857E-17,0.));
#2034=DIRECTION('',(0.,0.,1.));
#2035=DIRECTION('',(1.,9.88842595969857E-17,0.));
#2036=DIRECTION('center_axis',(0.,0.,-1.));
#2037=DIRECTION('ref_axis',(0.707106781186547,0.707106781186548,0.));
#2038=DIRECTION('center_axis',(0.,0.,1.));
#2039=DIRECTION('ref_axis',(0.707106781186547,0.707106781186548,0.));
#2040=DIRECTION('',(0.,0.,-1.));
#2041=DIRECTION('center_axis',(1.,0.,0.));
#2042=DIRECTION('ref_axis',(0.,-1.,0.));
#2043=DIRECTION('',(0.,0.,1.));
#2044=DIRECTION('',(0.,-1.,0.));
#2045=DIRECTION('center_axis',(0.,0.,-1.));
#2046=DIRECTION('ref_axis',(-0.707106781186547,-0.707106781186547,0.));
#2047=DIRECTION('center_axis',(0.,0.,1.));
#2048=DIRECTION('ref_axis',(-0.707106781186547,-0.707106781186547,0.));
#2049=DIRECTION('',(0.,0.,1.));
#2050=DIRECTION('',(0.,0.,-1.));
#2051=DIRECTION('center_axis',(-1.,9.88842595969857E-17,0.));
#2052=DIRECTION('ref_axis',(9.88842595969857E-17,1.,0.));
#2053=DIRECTION('',(9.88842595969857E-17,1.,0.));
#2054=DIRECTION('center_axis',(0.,0.,-1.));
#2055=DIRECTION('ref_axis',(0.707106781186547,-0.707106781186547,0.));
#2056=DIRECTION('center_axis',(0.,0.,1.));
#2057=DIRECTION('ref_axis',(0.707106781186547,-0.707106781186547,0.));
#2058=DIRECTION('',(0.,0.,-1.));
#2059=DIRECTION('center_axis',(0.,0.,-1.));
#2060=DIRECTION('ref_axis',(-1.,0.,0.));
#2061=DIRECTION('center_axis',(0.,0.,1.));
#2062=DIRECTION('ref_axis',(-1.,0.,0.));
#2063=DIRECTION('',(-0.857167300702112,-1.04972719113862E-16,0.515038074910054));
#2064=DIRECTION('center_axis',(0.,0.,1.));
#2065=DIRECTION('ref_axis',(-1.,0.,0.));
#2066=DIRECTION('center_axis',(0.,0.,1.));
#2067=DIRECTION('ref_axis',(-1.,0.,0.));
#2068=DIRECTION('',(0.,0.,1.));
#2069=DIRECTION('center_axis',(0.,0.,-1.));
#2070=DIRECTION('ref_axis',(-1.,0.,0.));
#2071=DIRECTION('center_axis',(0.,0.,1.));
#2072=DIRECTION('ref_axis',(-1.,0.,0.));
#2073=DIRECTION('',(-0.857167300702112,-1.04972719113862E-16,0.515038074910054));
#2074=DIRECTION('center_axis',(0.,0.,1.));
#2075=DIRECTION('ref_axis',(-1.,0.,0.));
#2076=DIRECTION('center_axis',(0.,0.,1.));
#2077=DIRECTION('ref_axis',(-1.,0.,0.));
#2078=DIRECTION('',(0.,0.,1.));
#2079=DIRECTION('center_axis',(0.,0.707106781186547,0.707106781186548));
#2080=DIRECTION('ref_axis',(1.,0.,0.));
#2081=DIRECTION('',(-0.577350269189626,-0.577350269189626,0.577350269189626));
#2082=DIRECTION('',(1.,0.,0.));
#2083=DIRECTION('',(0.,0.707106781186548,-0.707106781186547));
#2084=DIRECTION('center_axis',(0.707106781186548,0.,0.707106781186547));
#2085=DIRECTION('ref_axis',(0.707106781186547,0.,-0.707106781186548));
#2086=DIRECTION('',(-0.707106781186547,-2.61682076447295E-16,0.707106781186548));
#2087=DIRECTION('',(0.,-1.,0.));
#2088=DIRECTION('center_axis',(1.,0.,0.));
#2089=DIRECTION('ref_axis',(0.,-1.,0.));
#2090=DIRECTION('',(0.,0.,-1.));
#2091=DIRECTION('',(0.,-1.,0.));
#2092=DIRECTION('',(0.,0.,-1.));
#2093=DIRECTION('',(0.,-1.,0.));
#2094=DIRECTION('',(0.,0.,1.));
#2095=DIRECTION('',(0.,1.,2.18375682300382E-21));
#2096=DIRECTION('',(0.,0.,-1.));
#2097=DIRECTION('',(0.,1.,2.18375682300382E-21));
#2098=DIRECTION('',(0.,0.,-1.));
#2099=DIRECTION('',(0.,-1.,0.));
#2100=DIRECTION('',(0.,0.,-1.));
#2101=DIRECTION('center_axis',(0.,-0.707106781186548,0.707106781186547));
#2102=DIRECTION('ref_axis',(1.,0.,0.));
#2103=DIRECTION('',(0.577350269189626,0.577350269189626,0.577350269189626));
#2104=DIRECTION('',(-1.,0.,0.));
#2105=DIRECTION('',(0.,-0.707106781186547,-0.707106781186548));
#2106=DIRECTION('center_axis',(-0.707106781186548,-5.24574709917478E-16,
0.707106781186548));
#2107=DIRECTION('ref_axis',(0.707106781186548,0.,0.707106781186548));
#2108=DIRECTION('',(0.707106781186548,0.,0.707106781186548));
#2109=DIRECTION('',(-7.41860669243229E-16,1.,0.));
#2110=DIRECTION('center_axis',(-1.,-7.41860669243229E-16,0.));
#2111=DIRECTION('ref_axis',(-7.41860669243229E-16,1.,0.));
#2112=DIRECTION('',(0.,0.,-1.));
#2113=DIRECTION('',(-7.41860669243229E-16,1.,0.));
#2114=DIRECTION('',(0.,0.,-1.));
#2115=DIRECTION('',(-7.41860669243229E-16,1.,0.));
#2116=DIRECTION('',(0.,0.,1.));
#2117=DIRECTION('',(7.41860669243229E-16,-1.,-2.18375682300382E-21));
#2118=DIRECTION('',(0.,0.,-1.));
#2119=DIRECTION('',(0.,0.,-1.));
#2120=DIRECTION('',(7.41860669243229E-16,-1.,-2.18375682300382E-21));
#2121=DIRECTION('',(0.,0.,-1.));
#2122=DIRECTION('',(-7.41860669243229E-16,1.,0.));
#2123=DIRECTION('',(0.,0.,-1.));
#2124=DIRECTION('center_axis',(1.,0.,0.));
#2125=DIRECTION('ref_axis',(0.,1.,0.));
#2126=DIRECTION('',(0.,1.,0.));
#2127=DIRECTION('',(0.,0.,1.));
#2128=DIRECTION('',(0.,0.,1.));
#2129=DIRECTION('center_axis',(-3.70074341541718E-16,1.,0.));
#2130=DIRECTION('ref_axis',(-1.,-3.70074341541718E-16,0.));
#2131=DIRECTION('',(-1.,-3.70074341541718E-16,0.));
#2132=DIRECTION('center_axis',(0.,1.,0.));
#2133=DIRECTION('ref_axis',(1.,0.,0.));
#2134=DIRECTION('',(1.,0.,0.));
#2135=DIRECTION('',(1.,0.,0.));
#2136=DIRECTION('center_axis',(-1.,0.,0.));
#2137=DIRECTION('ref_axis',(0.,-1.,0.));
#2138=DIRECTION('',(0.,-1.,0.));
#2139=DIRECTION('',(0.,0.,1.));
#2140=DIRECTION('',(0.,0.,1.));
#2141=DIRECTION('center_axis',(0.,-1.,0.));
#2142=DIRECTION('ref_axis',(1.,0.,0.));
#2143=DIRECTION('',(1.,0.,0.));
#2144=DIRECTION('center_axis',(0.,-1.,0.));
#2145=DIRECTION('ref_axis',(-1.,0.,0.));
#2146=DIRECTION('',(-1.,0.,0.));
#2147=DIRECTION('',(0.,0.,1.));
#2148=DIRECTION('',(1.,0.,-5.47776111555526E-24));
#2149=DIRECTION('',(1.,0.,-5.47776111555526E-24));
#2150=DIRECTION('',(0.,0.,-1.));
#2151=DIRECTION('',(-1.,0.,0.));
#2152=DIRECTION('',(-1.,0.,0.));
#2153=DIRECTION('center_axis',(0.,0.,1.));
#2154=DIRECTION('ref_axis',(-1.,0.,0.));
#2155=DIRECTION('',(-1.,0.,0.));
#2156=DIRECTION('center_axis',(0.,0.,1.));
#2157=DIRECTION('ref_axis',(-1.,0.,0.));
#2158=DIRECTION('center_axis',(0.,0.,1.));
#2159=DIRECTION('ref_axis',(-1.,0.,0.));
#2160=DIRECTION('center_axis',(0.,0.,1.));
#2161=DIRECTION('ref_axis',(-6.12323399573677E-17,-1.,0.));
#2162=DIRECTION('',(0.,0.,-1.));
#2163=DIRECTION('',(0.,0.,1.));
#2164=DIRECTION('center_axis',(0.,0.,1.));
#2165=DIRECTION('ref_axis',(-1.,0.,0.));
#2166=DIRECTION('center_axis',(0.,0.,1.));
#2167=DIRECTION('ref_axis',(-1.,0.,0.));
#2168=DIRECTION('',(0.,0.,1.));
#2169=DIRECTION('center_axis',(-5.47776111555526E-24,2.18375682300382E-21,
-1.));
#2170=DIRECTION('ref_axis',(-1.,0.,0.));
#2171=DIRECTION('center_axis',(0.,0.,1.));
#2172=DIRECTION('ref_axis',(-1.,0.,0.));
#2173=DIRECTION('center_axis',(0.,0.,1.));
#2174=DIRECTION('ref_axis',(-1.,0.,0.));
#2175=DIRECTION('center_axis',(0.,0.,1.));
#2176=DIRECTION('ref_axis',(-1.,0.,0.));
#2177=DIRECTION('center_axis',(0.,0.,1.));
#2178=DIRECTION('ref_axis',(-1.,0.,0.));
#2179=DIRECTION('center_axis',(0.,0.,1.));
#2180=DIRECTION('ref_axis',(-1.,0.,0.));
#2181=DIRECTION('',(0.,0.,1.));
#2182=DIRECTION('center_axis',(0.,0.,1.));
#2183=DIRECTION('ref_axis',(-1.,0.,0.));
#2184=DIRECTION('',(0.,0.,1.));
#2185=DIRECTION('center_axis',(-5.47776111555526E-24,2.18375682300382E-21,
-1.));
#2186=DIRECTION('ref_axis',(-1.,0.,0.));
#2187=DIRECTION('center_axis',(0.,0.,-1.));
#2188=DIRECTION('ref_axis',(-1.,0.,0.));
#2189=DIRECTION('',(1.,0.,-5.47776111555526E-24));
#2190=DIRECTION('',(1.,0.,-5.47776111555526E-24));
#2191=DIRECTION('center_axis',(1.14132410652805E-16,-1.,0.));
#2192=DIRECTION('ref_axis',(-1.,-1.14132410652805E-16,5.70662108041634E-17));
#2193=DIRECTION('',(-1.,0.,5.47776111555526E-24));
#2194=DIRECTION('center_axis',(0.,1.,0.));
#2195=DIRECTION('ref_axis',(1.,0.,-5.47776111555526E-24));
#2196=DIRECTION('',(-1.,0.,5.47776111555526E-24));
#2197=DIRECTION('center_axis',(-5.47776111555526E-24,2.18375682300382E-21,
-1.));
#2198=DIRECTION('ref_axis',(-1.,0.,5.47776111555526E-24));
#2199=DIRECTION('',(-1.,0.,5.47776111555526E-24));
#2200=DIRECTION('center_axis',(0.,1.,0.));
#2201=DIRECTION('ref_axis',(1.,0.,0.));
#2202=DIRECTION('center_axis',(-1.,1.19620982108789E-44,0.));
#2203=DIRECTION('ref_axis',(1.19620982108789E-44,1.,2.18375682300382E-21));
#2204=DIRECTION('',(-1.19620982108789E-44,-1.,-2.18375682300382E-21));
#2205=DIRECTION('',(1.19620982108789E-44,1.,2.18375682300382E-21));
#2206=DIRECTION('',(0.,0.,-1.));
#2207=DIRECTION('center_axis',(0.,1.,0.));
#2208=DIRECTION('ref_axis',(1.,0.,-5.47776111555526E-24));
#2209=DIRECTION('',(-1.,0.,5.47776111555526E-24));
#2210=DIRECTION('',(1.,0.,-5.47776111555526E-24));
#2211=DIRECTION('',(0.,0.,-1.));
#2212=DIRECTION('center_axis',(1.,-1.11022302462518E-14,0.));
#2213=DIRECTION('ref_axis',(-1.11022302462518E-14,-1.,-2.18375682300382E-21));
#2214=DIRECTION('',(1.11022302462518E-14,1.,2.18375682300382E-21));
#2215=DIRECTION('',(-1.11022302462518E-14,-1.,-2.18375682300382E-21));
#2216=DIRECTION('center_axis',(0.,-1.,0.));
#2217=DIRECTION('ref_axis',(-1.,0.,5.47776111555526E-24));
#2218=DIRECTION('',(1.,0.,-5.47776111555526E-24));
#2219=DIRECTION('',(-1.,0.,5.47776111555526E-24));
#2220=DIRECTION('center_axis',(0.,0.,-1.));
#2221=DIRECTION('ref_axis',(-1.,0.,0.));
#2222=DIRECTION('center_axis',(-5.47776111555526E-24,2.18375682300382E-21,
-1.));
#2223=DIRECTION('ref_axis',(-1.,0.,5.47776111555526E-24));
#2224=DIRECTION('',(5.04646829375076E-16,1.,0.));
#2225=DIRECTION('center_axis',(1.,-5.04646829375076E-16,0.));
#2226=DIRECTION('ref_axis',(0.,0.,-1.));
#2227=DIRECTION('',(0.,0.,-1.));
#2228=DIRECTION('',(5.04646829375076E-16,1.,0.));
#2229=DIRECTION('',(5.04646829375076E-16,1.,0.));
#2230=DIRECTION('center_axis',(-4.6648365856223E-16,2.35409499248715E-31,
1.));
#2231=DIRECTION('ref_axis',(1.,-4.92229228386236E-16,4.6648365856223E-16));
#2232=DIRECTION('',(1.,-2.96652778790957E-16,4.6648365856223E-16));
#2233=DIRECTION('center_axis',(-2.96652778790957E-16,-1.,0.));
#2234=DIRECTION('ref_axis',(-1.,2.96652778790957E-16,0.));
#2235=DIRECTION('',(-1.,2.96652778790957E-16,0.));
#2236=DIRECTION('center_axis',(0.,0.,-1.));
#2237=DIRECTION('ref_axis',(-1.,0.,0.));
#2238=CARTESIAN_POINT('',(0.,0.,0.));
#2239=CARTESIAN_POINT('Origin',(-6.05852485596871,-21.455,38.91));
#2240=CARTESIAN_POINT('',(-6.05852485596871,-21.455,28.985));
#2241=CARTESIAN_POINT('',(-8.05852485596866,-19.455,28.985));
#2242=CARTESIAN_POINT('',(-4.79389364197656,-22.7196312139922,28.985));
#2243=CARTESIAN_POINT('',(-8.05852485596866,-19.455,29.735));
#2244=CARTESIAN_POINT('',(-8.05852485596866,-19.455,38.91));
#2245=CARTESIAN_POINT('',(-8.05852485596866,-19.455,38.91));
#2246=CARTESIAN_POINT('',(-8.05852485596864,-19.455,38.91));
#2247=CARTESIAN_POINT('',(-6.05852485596871,-21.455,38.91));
#2248=CARTESIAN_POINT('',(-9.90764364197656,-17.6058812139921,38.91));
#2249=CARTESIAN_POINT('',(-6.05852485596871,-21.455,38.91));
#2250=CARTESIAN_POINT('Origin',(6.05852485596868,-21.455,38.91));
#2251=CARTESIAN_POINT('',(6.01572442400621,-21.455,31.765));
#2252=CARTESIAN_POINT('',(3.23572854641031,-21.455,28.985));
#2253=CARTESIAN_POINT('Ctrl Pts',(6.01572442400621,-21.455,31.765));
#2254=CARTESIAN_POINT('Ctrl Pts',(6.01572442400621,-21.455,31.2775227163389));
#2255=CARTESIAN_POINT('Ctrl Pts',(5.88462910089007,-21.455,30.7906594223654));
#2256=CARTESIAN_POINT('Ctrl Pts',(5.63985449700248,-21.455,30.3690912379024));
#2257=CARTESIAN_POINT('Ctrl Pts',(5.15373469568697,-21.455,29.531861236026));
#2258=CARTESIAN_POINT('Ctrl Pts',(4.20385525854956,-21.455,28.985));
#2259=CARTESIAN_POINT('Ctrl Pts',(3.23572854641031,-21.455,28.985));
#2260=CARTESIAN_POINT('',(6.01572442400621,-21.455,32.365));
#2261=CARTESIAN_POINT('',(6.01572442400621,-21.455,35.6375));
#2262=CARTESIAN_POINT('',(3.23572854641031,-21.455,35.145));
#2263=CARTESIAN_POINT('Ctrl Pts',(3.23572854641031,-21.455,35.145));
#2264=CARTESIAN_POINT('Ctrl Pts',(3.72320680143222,-21.455,35.145));
#2265=CARTESIAN_POINT('Ctrl Pts',(4.21007095057017,-21.455,35.0139034337524));
#2266=CARTESIAN_POINT('Ctrl Pts',(4.6316388668237,-21.455,34.7691274089323));
#2267=CARTESIAN_POINT('Ctrl Pts',(5.46886833603884,-21.455,34.2830047856598));
#2268=CARTESIAN_POINT('Ctrl Pts',(6.01572442400621,-21.455,33.3331247830267));
#2269=CARTESIAN_POINT('Ctrl Pts',(6.01572442400621,-21.455,32.365));
#2270=CARTESIAN_POINT('',(-3.14425090598192,-21.455,35.145));
#2271=CARTESIAN_POINT('',(1.45713697499347,-21.455,35.145));
#2272=CARTESIAN_POINT('',(-5.92424678357781,-21.455,32.365));
#2273=CARTESIAN_POINT('Ctrl Pts',(-5.92424678357781,-21.455,32.365));
#2274=CARTESIAN_POINT('Ctrl Pts',(-5.92424678357781,-21.455,32.852477283661));
#2275=CARTESIAN_POINT('Ctrl Pts',(-5.79315146046168,-21.455,33.3393405776346));
#2276=CARTESIAN_POINT('Ctrl Pts',(-5.54837685657408,-21.455,33.7609087620976));
#2277=CARTESIAN_POINT('Ctrl Pts',(-5.06225705525857,-21.455,34.598138763974));
#2278=CARTESIAN_POINT('Ctrl Pts',(-4.11237761812116,-21.455,35.145));
#2279=CARTESIAN_POINT('Ctrl Pts',(-3.14425090598192,-21.455,35.145));
#2280=CARTESIAN_POINT('',(-5.92424678357767,-21.455,31.765));
#2281=CARTESIAN_POINT('',(-5.92424678357871,-21.455,35.3374999999982));
#2282=CARTESIAN_POINT('',(-3.14425090598177,-21.455,28.985));
#2283=CARTESIAN_POINT('Ctrl Pts',(-3.14425090598177,-21.455,28.985));
#2284=CARTESIAN_POINT('Ctrl Pts',(-3.63172916100368,-21.455,28.985));
#2285=CARTESIAN_POINT('Ctrl Pts',(-4.11859331014163,-21.455,29.1160965662476));
#2286=CARTESIAN_POINT('Ctrl Pts',(-4.54016122639516,-21.455,29.3608725910677));
#2287=CARTESIAN_POINT('Ctrl Pts',(-5.3773906956103,-21.455,29.8469952143402));
#2288=CARTESIAN_POINT('Ctrl Pts',(-5.92424678357767,-21.455,30.7968752169732));
#2289=CARTESIAN_POINT('Ctrl Pts',(-5.92424678357767,-21.455,31.765));
#2290=CARTESIAN_POINT('',(3.02926242798433,-21.455,28.985));
#2291=CARTESIAN_POINT('',(6.05852485596868,-21.455,38.91));
#2292=CARTESIAN_POINT('',(3.02926242798434,-21.455,38.91));
#2293=CARTESIAN_POINT('',(6.05852485596868,-21.455,28.985));
#2294=CARTESIAN_POINT('',(6.05852485596868,-21.455,38.91));
#2295=CARTESIAN_POINT('',(3.02926242798433,-21.455,28.985));
#2296=CARTESIAN_POINT('Origin',(8.05852485596865,-19.455,38.91));
#2297=CARTESIAN_POINT('',(8.05852485596865,-19.455,28.985));
#2298=CARTESIAN_POINT('',(5.7938936419765,-21.7196312139922,28.985));
#2299=CARTESIAN_POINT('',(8.05852485596865,-19.455,38.91));
#2300=CARTESIAN_POINT('',(10.9076436419765,-16.6058812139921,38.91));
#2301=CARTESIAN_POINT('',(8.05852485596865,-19.455,29.735));
#2302=CARTESIAN_POINT('',(8.05852485596863,-19.455,38.91));
#2303=CARTESIAN_POINT('',(8.05852485596865,-19.455,38.91));
#2304=CARTESIAN_POINT('Origin',(0.,0.,38.91));
#2305=CARTESIAN_POINT('',(-22.455,19.455,38.91));
#2306=CARTESIAN_POINT('',(-19.455,22.455,38.91));
#2307=CARTESIAN_POINT('Origin',(-19.455,19.455,38.91));
#2308=CARTESIAN_POINT('',(-22.455,-19.455,38.91));
#2309=CARTESIAN_POINT('',(-22.455,-22.455,38.91));
#2310=CARTESIAN_POINT('',(-19.455,-22.455,38.91));
#2311=CARTESIAN_POINT('Origin',(-19.455,-19.455,38.91));
#2312=CARTESIAN_POINT('',(19.455,-22.455,38.91));
#2313=CARTESIAN_POINT('',(22.455,-22.455,38.91));
#2314=CARTESIAN_POINT('',(22.455,-19.455,38.91));
#2315=CARTESIAN_POINT('Origin',(19.455,-19.455,38.91));
#2316=CARTESIAN_POINT('',(22.455,19.455,38.91));
#2317=CARTESIAN_POINT('',(22.455,22.455,38.91));
#2318=CARTESIAN_POINT('',(19.455,22.455,38.91));
#2319=CARTESIAN_POINT('Origin',(19.455,19.455,38.91));
#2320=CARTESIAN_POINT('',(-22.455,22.455,38.91));
#2321=CARTESIAN_POINT('',(-19.455,-19.455,38.91));
#2322=CARTESIAN_POINT('',(-19.455,-19.455,38.91));
#2323=CARTESIAN_POINT('',(-19.455,19.455,38.91));
#2324=CARTESIAN_POINT('',(-19.455,19.455,38.91));
#2325=CARTESIAN_POINT('',(19.455,19.455,38.91));
#2326=CARTESIAN_POINT('',(19.455,19.455,38.91));
#2327=CARTESIAN_POINT('',(19.455,-19.455,38.91));
#2328=CARTESIAN_POINT('',(19.455,-19.455,38.91));
#2329=CARTESIAN_POINT('',(-19.455,-19.455,38.91));
#2330=CARTESIAN_POINT('Origin',(-19.455,-19.455,38.91));
#2331=CARTESIAN_POINT('',(-19.455,-19.455,29.735));
#2332=CARTESIAN_POINT('',(-9.72749999999999,-19.455,29.735));
#2333=CARTESIAN_POINT('',(-19.455,-19.455,38.91));
#2334=CARTESIAN_POINT('Ctrl Pts',(6.01572442400621,-22.455,31.765));
#2335=CARTESIAN_POINT('Ctrl Pts',(6.01572442400621,-19.155,31.765));
#2336=CARTESIAN_POINT('Ctrl Pts',(6.01572442400621,-22.455,31.2775227163389));
#2337=CARTESIAN_POINT('Ctrl Pts',(6.01572442400621,-19.155,31.2775227163389));
#2338=CARTESIAN_POINT('Ctrl Pts',(5.88462910089007,-22.455,30.7906594223654));
#2339=CARTESIAN_POINT('Ctrl Pts',(5.88462910089008,-19.155,30.7906594223654));
#2340=CARTESIAN_POINT('Ctrl Pts',(5.63985449700248,-22.455,30.3690912379024));
#2341=CARTESIAN_POINT('Ctrl Pts',(5.63985449700248,-19.155,30.3690912379024));
#2342=CARTESIAN_POINT('Ctrl Pts',(5.15373469568697,-22.455,29.531861236026));
#2343=CARTESIAN_POINT('Ctrl Pts',(5.15373469568697,-19.155,29.531861236026));
#2344=CARTESIAN_POINT('Ctrl Pts',(4.20385525854956,-22.455,28.985));
#2345=CARTESIAN_POINT('Ctrl Pts',(4.20385525854956,-19.155,28.985));
#2346=CARTESIAN_POINT('Ctrl Pts',(3.23572854641031,-22.455,28.985));
#2347=CARTESIAN_POINT('Ctrl Pts',(3.23572854641031,-19.155,28.985));
#2348=CARTESIAN_POINT('',(3.23572854641031,-22.455,28.985));
#2349=CARTESIAN_POINT('',(3.23572854641031,-22.455,28.985));
#2350=CARTESIAN_POINT('',(6.01572442400621,-22.455,31.765));
#2351=CARTESIAN_POINT('Ctrl Pts',(6.01572442400621,-22.455,31.765));
#2352=CARTESIAN_POINT('Ctrl Pts',(6.01572442400621,-22.455,31.2775227163389));
#2353=CARTESIAN_POINT('Ctrl Pts',(5.88462910089007,-22.455,30.7906594223654));
#2354=CARTESIAN_POINT('Ctrl Pts',(5.63985449700248,-22.455,30.3690912379024));
#2355=CARTESIAN_POINT('Ctrl Pts',(5.15373469568697,-22.455,29.531861236026));
#2356=CARTESIAN_POINT('Ctrl Pts',(4.20385525854956,-22.455,28.985));
#2357=CARTESIAN_POINT('Ctrl Pts',(3.23572854641031,-22.455,28.985));
#2358=CARTESIAN_POINT('',(6.01572442400621,-22.455,31.765));
#2359=CARTESIAN_POINT('Origin',(3.23572854641031,-22.455,28.985));
#2360=CARTESIAN_POINT('',(-3.14425090598177,-22.455,28.985));
#2361=CARTESIAN_POINT('',(-3.14425090598177,-22.455,28.985));
#2362=CARTESIAN_POINT('',(12.8453642732052,-22.455,28.985));
#2363=CARTESIAN_POINT('',(-8.10963572679484,-19.455,28.985));
#2364=CARTESIAN_POINT('Ctrl Pts',(-3.14425090598177,-22.455,28.985));
#2365=CARTESIAN_POINT('Ctrl Pts',(-3.14425090598177,-19.155,28.985));
#2366=CARTESIAN_POINT('Ctrl Pts',(-3.63172916100368,-22.455,28.985));
#2367=CARTESIAN_POINT('Ctrl Pts',(-3.63172916100368,-19.155,28.985));
#2368=CARTESIAN_POINT('Ctrl Pts',(-4.11859331014163,-22.455,29.1160965662476));
#2369=CARTESIAN_POINT('Ctrl Pts',(-4.11859331014163,-19.155,29.1160965662476));
#2370=CARTESIAN_POINT('Ctrl Pts',(-4.54016122639516,-22.455,29.3608725910677));
#2371=CARTESIAN_POINT('Ctrl Pts',(-4.54016122639516,-19.155,29.3608725910677));
#2372=CARTESIAN_POINT('Ctrl Pts',(-5.3773906956103,-22.455,29.8469952143402));
#2373=CARTESIAN_POINT('Ctrl Pts',(-5.3773906956103,-19.155,29.8469952143402));
#2374=CARTESIAN_POINT('Ctrl Pts',(-5.92424678357767,-22.455,30.7968752169732));
#2375=CARTESIAN_POINT('Ctrl Pts',(-5.92424678357767,-19.155,30.7968752169732));
#2376=CARTESIAN_POINT('Ctrl Pts',(-5.92424678357767,-22.455,31.765));
#2377=CARTESIAN_POINT('Ctrl Pts',(-5.92424678357767,-19.155,31.765));
#2378=CARTESIAN_POINT('',(-5.92424678357767,-22.455,31.765));
#2379=CARTESIAN_POINT('',(-5.92424678357767,-22.455,31.765));
#2380=CARTESIAN_POINT('Ctrl Pts',(-3.14425090598177,-22.455,28.985));
#2381=CARTESIAN_POINT('Ctrl Pts',(-3.63172916100368,-22.455,28.985));
#2382=CARTESIAN_POINT('Ctrl Pts',(-4.11859331014163,-22.455,29.1160965662476));
#2383=CARTESIAN_POINT('Ctrl Pts',(-4.54016122639516,-22.455,29.3608725910677));
#2384=CARTESIAN_POINT('Ctrl Pts',(-5.3773906956103,-22.455,29.8469952143402));
#2385=CARTESIAN_POINT('Ctrl Pts',(-5.92424678357767,-22.455,30.7968752169732));
#2386=CARTESIAN_POINT('Ctrl Pts',(-5.92424678357767,-22.455,31.765));
#2387=CARTESIAN_POINT('Origin',(-5.92424678357763,-22.455,31.765));
#2388=CARTESIAN_POINT('',(-5.92424678357781,-22.455,32.365));
#2389=CARTESIAN_POINT('',(-5.92424678357781,-22.455,32.365));
#2390=CARTESIAN_POINT('',(-5.92424678357871,-22.455,35.3374999999957));
#2391=CARTESIAN_POINT('Origin',(-22.455,3.5,16.955));
#2392=CARTESIAN_POINT('',(-22.455,3.5,16.955));
#2393=CARTESIAN_POINT('',(-22.455,4.49999999998428,16.955));
#2394=CARTESIAN_POINT('',(-22.455,-9.47749999999999,16.955));
#2395=CARTESIAN_POINT('',(-21.455,3.5,16.955));
#2396=CARTESIAN_POINT('',(-22.455,3.5,16.955));
#2397=CARTESIAN_POINT('',(-21.455,4.49999999998428,16.955));
#2398=CARTESIAN_POINT('',(-21.455,-4.49999999998426,16.955));
#2399=CARTESIAN_POINT('',(-22.455,4.49999999998428,16.955));
#2400=CARTESIAN_POINT('Origin',(-22.455,3.5,21.955));
#2401=CARTESIAN_POINT('',(-22.455,3.5,21.955));
#2402=CARTESIAN_POINT('',(-22.455,3.50000000000001,30.4325));
#2403=CARTESIAN_POINT('',(-21.455,3.5,21.955));
#2404=CARTESIAN_POINT('',(-22.455,3.5,21.955));
#2405=CARTESIAN_POINT('',(-21.455,3.5,21.955));
#2406=CARTESIAN_POINT('Origin',(-22.455,4.49999999998428,21.955));
#2407=CARTESIAN_POINT('',(-22.455,4.49999999998428,21.955));
#2408=CARTESIAN_POINT('',(-22.455,-8.97750000000785,21.955));
#2409=CARTESIAN_POINT('',(-21.455,4.49999999998428,21.955));
#2410=CARTESIAN_POINT('',(-22.455,4.49999999998428,21.955));
#2411=CARTESIAN_POINT('',(-21.455,4.49999999998428,21.955));
#2412=CARTESIAN_POINT('Origin',(-22.455,4.49999999998428,16.955));
#2413=CARTESIAN_POINT('',(-22.455,4.49999999998428,27.9325));
#2414=CARTESIAN_POINT('',(-21.455,4.49999999998428,16.955));
#2415=CARTESIAN_POINT('Origin',(-21.455,3.99999999999214,19.455));
#2416=CARTESIAN_POINT('Origin',(-22.455,8.68749516769185E-14,16.955));
#2417=CARTESIAN_POINT('',(-22.455,8.67405883446959E-14,16.955));
#2418=CARTESIAN_POINT('',(-22.455,2.5,19.4550000000001));
#2419=CARTESIAN_POINT('',(-22.455,-0.124999999999564,16.8300000000003));
#2420=CARTESIAN_POINT('',(-21.455,8.66421424990187E-14,16.955));
#2421=CARTESIAN_POINT('',(-22.455,8.67405883446959E-14,16.955));
#2422=CARTESIAN_POINT('',(-21.455,2.5,19.4550000000001));
#2423=CARTESIAN_POINT('',(-21.455,2.5,19.4550000000001));
#2424=CARTESIAN_POINT('',(-22.455,2.5,19.4550000000001));
#2425=CARTESIAN_POINT('Origin',(-22.455,-2.49999999999999,19.4549999999999));
#2426=CARTESIAN_POINT('',(-22.455,-2.49999999999999,19.4549999999999));
#2427=CARTESIAN_POINT('',(-22.455,-12.3525000000003,29.3074999999996));
#2428=CARTESIAN_POINT('',(-21.455,-2.49999999999999,19.4549999999999));
#2429=CARTESIAN_POINT('',(-22.455,-2.49999999999999,19.4549999999999));
#2430=CARTESIAN_POINT('',(-21.455,8.66421424990187E-14,16.955));
#2431=CARTESIAN_POINT('Origin',(-22.455,-7.79931674799172E-14,21.955));
#2432=CARTESIAN_POINT('',(-22.455,-7.81847426994009E-14,21.955));
#2433=CARTESIAN_POINT('',(-22.455,-1.37499999999969,20.5800000000003));
#2434=CARTESIAN_POINT('',(-21.455,-7.82831885450782E-14,21.955));
#2435=CARTESIAN_POINT('',(-22.455,-7.81847426994009E-14,21.955));
#2436=CARTESIAN_POINT('',(-21.455,-2.49999999999999,19.4549999999999));
#2437=CARTESIAN_POINT('Origin',(-22.455,2.5,19.4550000000001));
#2438=CARTESIAN_POINT('',(-22.455,-8.60250000000039,30.5574999999997));
#2439=CARTESIAN_POINT('',(-21.455,-7.82831885450782E-14,21.955));
#2440=CARTESIAN_POINT('Origin',(-21.455,4.33255782686368E-15,19.455));
#2441=CARTESIAN_POINT('Origin',(-22.455,-3.5,16.955));
#2442=CARTESIAN_POINT('',(-22.455,-3.5,16.955));
#2443=CARTESIAN_POINT('',(-22.455,-3.5,21.955));
#2444=CARTESIAN_POINT('',(-22.455,-3.5,27.9325));
#2445=CARTESIAN_POINT('',(-21.455,-3.5,16.955));
#2446=CARTESIAN_POINT('',(-22.455,-3.5,16.955));
#2447=CARTESIAN_POINT('',(-21.455,-3.5,21.955));
#2448=CARTESIAN_POINT('',(-21.455,-3.5,16.955));
#2449=CARTESIAN_POINT('',(-22.455,-3.5,21.955));
#2450=CARTESIAN_POINT('Origin',(-22.455,-4.49999999998426,16.955));
#2451=CARTESIAN_POINT('',(-22.455,-4.49999999998426,16.955));
#2452=CARTESIAN_POINT('',(-22.455,-13.4774999999921,16.955));
#2453=CARTESIAN_POINT('',(-21.455,-4.49999999998426,16.955));
#2454=CARTESIAN_POINT('',(-22.455,-4.49999999998426,16.955));
#2455=CARTESIAN_POINT('',(-21.455,-4.49999999998426,16.955));
#2456=CARTESIAN_POINT('Origin',(-22.455,-4.49999999998429,21.955));
#2457=CARTESIAN_POINT('',(-22.455,-4.49999999998429,21.955));
#2458=CARTESIAN_POINT('',(-22.455,-4.49999999998435,30.4325000000001));
#2459=CARTESIAN_POINT('',(-21.455,-4.49999999998429,21.955));
#2460=CARTESIAN_POINT('',(-22.455,-4.49999999998429,21.955));
#2461=CARTESIAN_POINT('',(-21.455,-4.49999999998429,21.955));
#2462=CARTESIAN_POINT('Origin',(-22.455,-3.5,21.955));
#2463=CARTESIAN_POINT('',(-22.455,-12.9775,21.955));
#2464=CARTESIAN_POINT('',(-21.455,4.49999999998428,21.955));
#2465=CARTESIAN_POINT('Origin',(-21.455,-3.99999999999214,19.455));
#2466=CARTESIAN_POINT('Origin',(2.5,-22.455,19.455));
#2467=CARTESIAN_POINT('',(2.5,-22.455,19.455));
#2468=CARTESIAN_POINT('',(-7.46434013834071E-15,-22.455,16.955));
#2469=CARTESIAN_POINT('',(12.3525,-22.455,29.3075));
#2470=CARTESIAN_POINT('',(2.5,-21.455,19.455));
#2471=CARTESIAN_POINT('',(2.5,-22.455,19.455));
#2472=CARTESIAN_POINT('',(-6.93889390390723E-15,-21.455,16.955));
#2473=CARTESIAN_POINT('',(-6.96236285258561E-15,-21.455,16.955));
#2474=CARTESIAN_POINT('',(-7.46434013834071E-15,-22.455,16.955));
#2475=CARTESIAN_POINT('Origin',(-2.22044604925031E-15,-22.455,21.955));
#2476=CARTESIAN_POINT('',(-2.19078077137121E-15,-22.455,21.955));
#2477=CARTESIAN_POINT('',(1.37499999999999,-22.455,20.58));
#2478=CARTESIAN_POINT('',(-1.66533453693773E-15,-21.455,21.955));
#2479=CARTESIAN_POINT('',(-2.19078077137121E-15,-22.455,21.955));
#2480=CARTESIAN_POINT('',(2.5,-21.455,19.455));
#2481=CARTESIAN_POINT('Origin',(-2.5,-22.455,19.455));
#2482=CARTESIAN_POINT('',(-2.5,-22.455,19.455));
#2483=CARTESIAN_POINT('',(8.60250000000001,-22.455,30.5575));
#2484=CARTESIAN_POINT('',(-2.5,-21.455,19.455));
#2485=CARTESIAN_POINT('',(-2.5,-22.455,19.455));
#2486=CARTESIAN_POINT('',(-1.63566925905863E-15,-21.455,21.955));
#2487=CARTESIAN_POINT('Origin',(-7.49400541621981E-15,-22.455,16.955));
#2488=CARTESIAN_POINT('',(0.124999999999982,-22.455,16.83));
#2489=CARTESIAN_POINT('',(-2.5,-21.455,19.455));
#2490=CARTESIAN_POINT('Origin',(-4.44089209850063E-15,-21.455,19.455));
#2491=CARTESIAN_POINT('Origin',(22.455,-5.05671893247239E-15,19.455));
#2492=CARTESIAN_POINT('',(22.455,-2.5,19.455));
#2493=CARTESIAN_POINT('Origin',(22.455,-5.05671893247239E-15,19.455));
#2494=CARTESIAN_POINT('',(21.455,-2.5,19.455));
#2495=CARTESIAN_POINT('',(22.455,-2.5,19.455));
#2496=CARTESIAN_POINT('Origin',(21.455,-5.05671893247239E-15,19.455));
#2497=CARTESIAN_POINT('Origin',(21.455,-4.9960036108132E-15,19.455));
#2498=CARTESIAN_POINT('Origin',(22.455,3.50000000000616,16.9550000000002));
#2499=CARTESIAN_POINT('',(22.455,3.50000000000616,16.9550000000002));
#2500=CARTESIAN_POINT('',(22.455,3.49999999999894,21.9549999999883));
#2501=CARTESIAN_POINT('',(22.455,3.49999999999032,27.9324999999864));
#2502=CARTESIAN_POINT('',(21.455,3.50000000000616,16.9550000000002));
#2503=CARTESIAN_POINT('',(22.455,3.50000000000616,16.9550000000002));
#2504=CARTESIAN_POINT('',(21.455,3.49999999999894,21.9549999999883));
#2505=CARTESIAN_POINT('',(21.455,3.49999999999894,21.9549999999883));
#2506=CARTESIAN_POINT('',(22.455,3.49999999999894,21.9549999999883));
#2507=CARTESIAN_POINT('Origin',(22.455,4.49999999999881,16.955));
#2508=CARTESIAN_POINT('',(22.455,4.49999999999881,16.955));
#2509=CARTESIAN_POINT('',(22.455,13.4774999999976,16.9549999999985));
#2510=CARTESIAN_POINT('',(21.455,4.49999999999881,16.955));
#2511=CARTESIAN_POINT('',(22.455,4.49999999999881,16.955));
#2512=CARTESIAN_POINT('',(21.455,4.49999999999881,16.955));
#2513=CARTESIAN_POINT('Origin',(22.455,4.49999999999894,21.9549999999968));
#2514=CARTESIAN_POINT('',(22.455,4.49999999999894,21.9549999999968));
#2515=CARTESIAN_POINT('',(22.455,4.49999999999917,30.4324999999987));
#2516=CARTESIAN_POINT('',(21.455,4.49999999999894,21.9549999999968));
#2517=CARTESIAN_POINT('',(22.455,4.49999999999894,21.9549999999968));
#2518=CARTESIAN_POINT('',(21.455,4.49999999999894,21.9549999999968));
#2519=CARTESIAN_POINT('Origin',(22.455,3.49999999999894,21.9549999999966));
#2520=CARTESIAN_POINT('',(22.455,12.9775000000016,21.954999999999));
#2521=CARTESIAN_POINT('',(21.455,-4.4999999999956,21.9549999999946));
#2522=CARTESIAN_POINT('Origin',(21.455,3.99999999999894,19.4549999999984));
#2523=CARTESIAN_POINT('Origin',(22.455,-3.50000000000132,21.9549999999898));
#2524=CARTESIAN_POINT('',(22.455,-3.50000000000132,21.9549999999898));
#2525=CARTESIAN_POINT('',(22.455,-3.50000000000106,16.9550000000036));
#2526=CARTESIAN_POINT('',(22.455,-3.50000000000175,30.4324999999942));
#2527=CARTESIAN_POINT('',(21.455,-3.50000000000132,21.9549999999898));
#2528=CARTESIAN_POINT('',(22.455,-3.50000000000132,21.9549999999898));
#2529=CARTESIAN_POINT('',(21.455,-3.50000000000106,16.9550000000036));
#2530=CARTESIAN_POINT('',(21.455,-3.50000000000106,16.9550000000036));
#2531=CARTESIAN_POINT('',(22.455,-3.50000000000106,16.9550000000036));
#2532=CARTESIAN_POINT('Origin',(22.455,-4.4999999999956,21.9549999999946));
#2533=CARTESIAN_POINT('',(22.455,-4.4999999999956,21.9549999999946));
#2534=CARTESIAN_POINT('',(22.455,8.97750000000431,21.954999999998));
#2535=CARTESIAN_POINT('',(21.455,-4.4999999999956,21.9549999999946));
#2536=CARTESIAN_POINT('',(22.455,-4.4999999999956,21.9549999999946));
#2537=CARTESIAN_POINT('',(21.455,-4.4999999999956,21.9549999999946));
#2538=CARTESIAN_POINT('Origin',(22.455,-4.49999999999549,16.9550000000015));
#2539=CARTESIAN_POINT('',(22.455,-4.49999999999549,16.9550000000015));
#2540=CARTESIAN_POINT('',(22.455,-4.49999999999574,27.9325000000004));
#2541=CARTESIAN_POINT('',(21.455,-4.49999999999549,16.9550000000015));
#2542=CARTESIAN_POINT('',(22.455,-4.49999999999549,16.9550000000015));
#2543=CARTESIAN_POINT('',(21.455,-4.49999999999549,16.9550000000015));
#2544=CARTESIAN_POINT('Origin',(22.455,-3.50000000000106,16.9550000000013));
#2545=CARTESIAN_POINT('',(22.455,9.47749999999767,16.9549999999992));
#2546=CARTESIAN_POINT('',(21.455,4.49999999999881,16.955));
#2547=CARTESIAN_POINT('Origin',(21.455,-3.99999999999833,19.4549999999981));
#2548=CARTESIAN_POINT('Origin',(6.48908060873307E-15,22.455,19.455));
#2549=CARTESIAN_POINT('',(2.50000000000001,22.455,19.455));
#2550=CARTESIAN_POINT('Origin',(6.48908060873307E-15,22.455,19.455));
#2551=CARTESIAN_POINT('',(2.50000000000001,21.455,19.455));
#2552=CARTESIAN_POINT('',(2.50000000000001,22.455,19.455));
#2553=CARTESIAN_POINT('Origin',(6.48908060873307E-15,21.455,19.455));
#2554=CARTESIAN_POINT('Origin',(6.39367081755435E-15,21.455,19.455));
#2555=CARTESIAN_POINT('Origin',(-19.455,19.455,38.91));
#2556=CARTESIAN_POINT('',(-19.455,22.455,0.));
#2557=CARTESIAN_POINT('',(-22.455,19.455,0.));
#2558=CARTESIAN_POINT('Origin',(-19.455,19.455,0.));
#2559=CARTESIAN_POINT('',(-22.455,19.455,38.91));
#2560=CARTESIAN_POINT('',(-19.455,22.455,38.91));
#2561=CARTESIAN_POINT('Origin',(-22.455,22.455,38.91));
#2562=CARTESIAN_POINT('',(19.455,22.455,0.));
#2563=CARTESIAN_POINT('',(19.455,22.455,38.91));
#2564=CARTESIAN_POINT('',(-22.455,22.455,0.));
#2565=CARTESIAN_POINT('Origin',(19.455,19.455,38.91));
#2566=CARTESIAN_POINT('',(22.455,19.455,0.));
#2567=CARTESIAN_POINT('Origin',(19.455,19.455,0.));
#2568=CARTESIAN_POINT('',(22.455,19.455,38.91));
#2569=CARTESIAN_POINT('Origin',(22.455,22.455,38.91));
#2570=CARTESIAN_POINT('',(22.455,-19.455,0.));
#2571=CARTESIAN_POINT('',(22.455,-19.455,38.91));
#2572=CARTESIAN_POINT('',(22.455,22.455,0.));
#2573=CARTESIAN_POINT('Origin',(-19.455,-19.455,38.91));
#2574=CARTESIAN_POINT('',(-22.455,-19.455,0.));
#2575=CARTESIAN_POINT('',(-19.455,-22.455,0.));
#2576=CARTESIAN_POINT('Origin',(-19.455,-19.455,0.));
#2577=CARTESIAN_POINT('',(-19.455,-22.455,38.91));
#2578=CARTESIAN_POINT('',(-22.455,-19.455,38.91));
#2579=CARTESIAN_POINT('Origin',(-22.455,-22.455,38.91));
#2580=CARTESIAN_POINT('',(-22.455,-22.455,0.));
#2581=CARTESIAN_POINT('Origin',(19.455,-19.455,38.91));
#2582=CARTESIAN_POINT('',(19.455,-22.455,0.));
#2583=CARTESIAN_POINT('Origin',(19.455,-19.455,0.));
#2584=CARTESIAN_POINT('',(19.455,-22.455,38.91));
#2585=CARTESIAN_POINT('Origin',(-16.455,-16.455,4.34549485594085));
#2586=CARTESIAN_POINT('',(-15.305,-16.455,4.));
#2587=CARTESIAN_POINT('Origin',(-16.455,-16.455,4.));
#2588=CARTESIAN_POINT('',(-16.455,-16.455,4.6909897118817));
#2589=CARTESIAN_POINT('',(-15.88,-16.455,4.34549485594085));
#2590=CARTESIAN_POINT('Origin',(-16.455,-16.455,0.500000000000003));
#2591=CARTESIAN_POINT('',(-15.305,-16.455,0.));
#2592=CARTESIAN_POINT('Origin',(-16.455,-16.455,0.));
#2593=CARTESIAN_POINT('',(-15.305,-16.455,0.500000000000003));
#2594=CARTESIAN_POINT('Origin',(16.455,16.455,4.34549485594085));
#2595=CARTESIAN_POINT('',(17.605,16.455,4.));
#2596=CARTESIAN_POINT('Origin',(16.455,16.455,4.));
#2597=CARTESIAN_POINT('',(16.455,16.455,4.6909897118817));
#2598=CARTESIAN_POINT('',(17.03,16.455,4.34549485594085));
#2599=CARTESIAN_POINT('Origin',(16.455,16.455,0.500000000000003));
#2600=CARTESIAN_POINT('',(17.605,16.455,0.));
#2601=CARTESIAN_POINT('Origin',(16.455,16.455,0.));
#2602=CARTESIAN_POINT('',(17.605,16.455,0.500000000000003));
#2603=CARTESIAN_POINT('Origin',(-17.955,-16.455,9.));
#2604=CARTESIAN_POINT('',(-13.455,-13.455,6.));
#2605=CARTESIAN_POINT('',(-19.455,-19.455,12.));
#2606=CARTESIAN_POINT('',(-13.455,-13.455,6.));
#2607=CARTESIAN_POINT('',(-13.455,-19.455,12.));
#2608=CARTESIAN_POINT('',(-17.955,-19.455,12.));
#2609=CARTESIAN_POINT('',(-13.455,-14.955,7.50000000000001));
#2610=CARTESIAN_POINT('Origin',(-16.455,1.49999999999999,9.));
#2611=CARTESIAN_POINT('',(-19.455,-13.455,12.));
#2612=CARTESIAN_POINT('',(-13.455,-13.455,6.));
#2613=CARTESIAN_POINT('',(-19.455,1.49999999999999,12.));
#2614=CARTESIAN_POINT('Origin',(-19.455,19.455,38.91));
#2615=CARTESIAN_POINT('',(-19.455,-13.455,0.));
#2616=CARTESIAN_POINT('',(-19.455,-13.455,19.455));
#2617=CARTESIAN_POINT('',(-19.455,19.455,0.));
#2618=CARTESIAN_POINT('',(-19.455,19.455,0.));
#2619=CARTESIAN_POINT('',(-19.455,19.455,26.735));
#2620=CARTESIAN_POINT('',(-19.455,19.455,38.91));
#2621=CARTESIAN_POINT('',(-19.455,7.45499999999999,26.735));
#2622=CARTESIAN_POINT('',(-19.455,14.705,26.735));
#2623=CARTESIAN_POINT('',(-19.455,7.45499999999999,29.735));
#2624=CARTESIAN_POINT('',(-19.455,7.45499999999999,34.3225));
#2625=CARTESIAN_POINT('',(-19.455,19.455,29.735));
#2626=CARTESIAN_POINT('',(-19.455,14.705,29.735));
#2627=CARTESIAN_POINT('',(-19.455,19.455,38.91));
#2628=CARTESIAN_POINT('',(-19.455,-14.455,29.735));
#2629=CARTESIAN_POINT('',(-19.455,1.24999999999999,29.735));
#2630=CARTESIAN_POINT('',(-19.455,-14.455,26.735));
#2631=CARTESIAN_POINT('',(-19.455,-14.455,34.3225));
#2632=CARTESIAN_POINT('',(-19.455,-19.455,26.735));
#2633=CARTESIAN_POINT('',(-19.455,1.24999999999999,26.735));
#2634=CARTESIAN_POINT('',(-19.455,-19.455,38.91));
#2635=CARTESIAN_POINT('Origin',(17.955,16.455,9.));
#2636=CARTESIAN_POINT('',(13.455,13.455,6.));
#2637=CARTESIAN_POINT('',(19.455,19.455,12.));
#2638=CARTESIAN_POINT('',(13.455,13.455,6.));
#2639=CARTESIAN_POINT('',(13.455,19.455,12.));
#2640=CARTESIAN_POINT('',(17.955,19.455,12.));
#2641=CARTESIAN_POINT('',(13.455,14.955,7.5));
#2642=CARTESIAN_POINT('Origin',(16.455,-1.50000000000002,9.));
#2643=CARTESIAN_POINT('',(19.455,13.455,12.));
#2644=CARTESIAN_POINT('',(13.455,13.455,6.00000000000001));
#2645=CARTESIAN_POINT('',(19.455,-1.50000000000001,12.));
#2646=CARTESIAN_POINT('Origin',(19.455,-19.455,38.91));
#2647=CARTESIAN_POINT('',(19.455,13.455,0.));
#2648=CARTESIAN_POINT('',(19.455,13.455,19.455));
#2649=CARTESIAN_POINT('',(19.455,-19.455,0.));
#2650=CARTESIAN_POINT('',(19.455,-19.455,0.));
#2651=CARTESIAN_POINT('',(19.455,-19.455,26.735));
#2652=CARTESIAN_POINT('',(19.455,-19.455,38.91));
#2653=CARTESIAN_POINT('',(19.455,-14.455,26.735));
#2654=CARTESIAN_POINT('',(19.455,-18.205,26.735));
#2655=CARTESIAN_POINT('',(19.455,-14.455,29.735));
#2656=CARTESIAN_POINT('',(19.455,-14.455,34.3225));
#2657=CARTESIAN_POINT('',(19.455,-19.455,29.735));
#2658=CARTESIAN_POINT('',(19.455,-18.205,29.735));
#2659=CARTESIAN_POINT('',(19.455,-19.455,38.91));
#2660=CARTESIAN_POINT('',(19.455,19.455,29.735));
#2661=CARTESIAN_POINT('',(19.455,19.455,38.91));
#2662=CARTESIAN_POINT('',(19.455,7.45499999999999,29.735));
#2663=CARTESIAN_POINT('',(19.455,-4.75000000000001,29.735));
#2664=CARTESIAN_POINT('',(19.455,7.45499999999999,26.735));
#2665=CARTESIAN_POINT('',(19.455,7.45499999999999,34.3225));
#2666=CARTESIAN_POINT('',(19.455,19.455,26.735));
#2667=CARTESIAN_POINT('',(19.455,-4.75000000000001,26.735));
#2668=CARTESIAN_POINT('',(19.455,19.455,38.91));
#2669=CARTESIAN_POINT('Origin',(-13.455,-19.455,0.));
#2670=CARTESIAN_POINT('',(-13.455,-19.455,0.));
#2671=CARTESIAN_POINT('',(-13.455,-13.455,0.));
#2672=CARTESIAN_POINT('',(-13.455,-19.455,0.));
#2673=CARTESIAN_POINT('',(-13.455,-13.455,0.));
#2674=CARTESIAN_POINT('',(-13.455,-19.455,19.455));
#2675=CARTESIAN_POINT('Origin',(-13.455,-13.455,0.));
#2676=CARTESIAN_POINT('',(-13.455,-13.455,0.));
#2677=CARTESIAN_POINT('Origin',(-19.455,-19.455,38.91));
#2678=CARTESIAN_POINT('',(-9.72749999999999,-19.455,26.735));
#2679=CARTESIAN_POINT('',(-19.455,-19.455,0.));
#2680=CARTESIAN_POINT('Origin',(13.455,19.455,0.));
#2681=CARTESIAN_POINT('',(13.455,19.455,0.));
#2682=CARTESIAN_POINT('',(13.455,13.455,0.));
#2683=CARTESIAN_POINT('',(13.455,19.455,0.));
#2684=CARTESIAN_POINT('',(13.455,13.455,0.));
#2685=CARTESIAN_POINT('',(13.455,19.455,19.455));
#2686=CARTESIAN_POINT('Origin',(13.455,13.455,0.));
#2687=CARTESIAN_POINT('',(13.455,13.455,0.));
#2688=CARTESIAN_POINT('Origin',(19.455,19.455,38.91));
#2689=CARTESIAN_POINT('',(13.7567624279843,19.455,26.735));
#2690=CARTESIAN_POINT('',(9.7275,19.455,26.735));
#2691=CARTESIAN_POINT('',(13.7567624279843,19.455,29.735));
#2692=CARTESIAN_POINT('',(13.7567624279843,19.455,34.3225));
#2693=CARTESIAN_POINT('',(9.7275,19.455,29.735));
#2694=CARTESIAN_POINT('',(-13.7567624279843,19.455,29.735));
#2695=CARTESIAN_POINT('',(9.7275,19.455,29.735));
#2696=CARTESIAN_POINT('',(-13.7567624279843,19.455,26.735));
#2697=CARTESIAN_POINT('',(-13.7567624279843,19.455,34.3225));
#2698=CARTESIAN_POINT('',(9.7275,19.455,26.735));
#2699=CARTESIAN_POINT('',(19.455,19.455,0.));
#2700=CARTESIAN_POINT('Origin',(16.455,-16.455,27.735));
#2701=CARTESIAN_POINT('',(17.3715151389912,-14.455,27.735));
#2702=CARTESIAN_POINT('',(15.5384848610089,-14.455,27.735));
#2703=CARTESIAN_POINT('',(-1.49999999999998,-14.455,27.735));
#2704=CARTESIAN_POINT('Origin',(16.455,-16.455,27.735));
#2705=CARTESIAN_POINT('',(17.605,-16.455,27.735));
#2706=CARTESIAN_POINT('Origin',(16.455,-16.455,27.735));
#2707=CARTESIAN_POINT('Origin',(16.455,-16.455,27.235));
#2708=CARTESIAN_POINT('',(15.5384848610089,-14.455,26.735));
#2709=CARTESIAN_POINT('',(15.5384848610089,-14.455,27.235));
#2710=CARTESIAN_POINT('',(17.3715151389912,-14.455,26.735));
#2711=CARTESIAN_POINT('',(17.3715151389912,-14.455,27.235));
#2712=CARTESIAN_POINT('Origin',(16.455,-16.455,26.735));
#2713=CARTESIAN_POINT('Origin',(16.455,-16.455,30.235));
#2714=CARTESIAN_POINT('',(17.605,-16.455,29.735));
#2715=CARTESIAN_POINT('',(17.605,-16.455,30.235));
#2716=CARTESIAN_POINT('Origin',(16.455,-16.455,29.735));
#2717=CARTESIAN_POINT('Origin',(-16.455,16.455,27.735));
#2718=CARTESIAN_POINT('',(-14.255,16.455,27.735));
#2719=CARTESIAN_POINT('Origin',(-16.455,16.455,27.735));
#2720=CARTESIAN_POINT('',(-15.305,16.455,27.735));
#2721=CARTESIAN_POINT('Origin',(-16.455,16.455,27.735));
#2722=CARTESIAN_POINT('Origin',(-16.455,16.455,27.235));
#2723=CARTESIAN_POINT('',(-14.255,16.455,26.735));
#2724=CARTESIAN_POINT('Origin',(-16.455,16.455,26.735));
#2725=CARTESIAN_POINT('',(-14.255,16.455,27.235));
#2726=CARTESIAN_POINT('Origin',(-16.455,16.455,30.235));
#2727=CARTESIAN_POINT('',(-15.305,16.455,29.735));
#2728=CARTESIAN_POINT('',(-15.305,16.455,30.235));
#2729=CARTESIAN_POINT('Origin',(-16.455,16.455,29.735));
#2730=CARTESIAN_POINT('Origin',(1.55431223447522E-14,-16.955,26.735));
#2731=CARTESIAN_POINT('',(19.455,-14.455,26.735));
#2732=CARTESIAN_POINT('',(19.455,-14.455,26.735));
#2733=CARTESIAN_POINT('Origin',(19.455,-19.455,29.735));
#2734=CARTESIAN_POINT('',(-9.72749999999999,-19.455,29.735));
#2735=CARTESIAN_POINT('Origin',(-19.455,-14.455,29.735));
#2736=CARTESIAN_POINT('',(19.455,-14.455,29.735));
#2737=CARTESIAN_POINT('Origin',(1.55431223065448E-14,-16.955,29.735));
#2738=CARTESIAN_POINT('',(-9.72749999999999,-19.455,29.735));
#2739=CARTESIAN_POINT('Origin',(-19.455,-19.455,38.91));
#2740=CARTESIAN_POINT('Origin',(13.7567624279843,12.455,29.735));
#2741=CARTESIAN_POINT('',(13.7567624279843,12.455,29.735));
#2742=CARTESIAN_POINT('',(13.7567624279843,13.7567624279843,29.735));
#2743=CARTESIAN_POINT('',(13.7567624279843,12.455,26.735));
#2744=CARTESIAN_POINT('',(13.7567624279843,13.7567624279843,26.735));
#2745=CARTESIAN_POINT('',(13.7567624279843,12.455,29.735));
#2746=CARTESIAN_POINT('Origin',(-13.7567624279843,12.455,29.735));
#2747=CARTESIAN_POINT('',(-13.7567624279843,12.455,29.735));
#2748=CARTESIAN_POINT('',(19.455,12.455,29.735));
#2749=CARTESIAN_POINT('',(-13.7567624279843,12.455,26.735));
#2750=CARTESIAN_POINT('',(19.455,12.455,26.735));
#2751=CARTESIAN_POINT('',(-13.7567624279843,12.455,29.735));
#2752=CARTESIAN_POINT('Origin',(-13.7567624279843,19.455,29.735));
#2753=CARTESIAN_POINT('',(-13.7567624279843,19.255,29.735));
#2754=CARTESIAN_POINT('',(-13.7567624279843,19.255,26.735));
#2755=CARTESIAN_POINT('Origin',(19.455,7.45499999999999,29.735));
#2756=CARTESIAN_POINT('',(-19.455,7.45499999999999,29.735));
#2757=CARTESIAN_POINT('',(-19.455,7.45499999999999,26.735));
#2758=CARTESIAN_POINT('Origin',(2.22044604925031E-15,9.95499999999999,26.735));
#2759=CARTESIAN_POINT('Origin',(2.22044601104293E-15,9.95499999999999,29.735));
#2760=CARTESIAN_POINT('Ctrl Pts',(-5.92424678357781,-22.455,32.365));
#2761=CARTESIAN_POINT('Ctrl Pts',(-5.92424678357781,-19.155,32.365));
#2762=CARTESIAN_POINT('Ctrl Pts',(-5.92424678357781,-22.455,32.852477283661));
#2763=CARTESIAN_POINT('Ctrl Pts',(-5.92424678357781,-19.155,32.852477283661));
#2764=CARTESIAN_POINT('Ctrl Pts',(-5.79315146046168,-22.455,33.3393405776346));
#2765=CARTESIAN_POINT('Ctrl Pts',(-5.79315146046168,-19.155,33.3393405776346));
#2766=CARTESIAN_POINT('Ctrl Pts',(-5.54837685657408,-22.455,33.7609087620976));
#2767=CARTESIAN_POINT('Ctrl Pts',(-5.54837685657408,-19.155,33.7609087620976));
#2768=CARTESIAN_POINT('Ctrl Pts',(-5.06225705525857,-22.455,34.598138763974));
#2769=CARTESIAN_POINT('Ctrl Pts',(-5.06225705525857,-19.155,34.598138763974));
#2770=CARTESIAN_POINT('Ctrl Pts',(-4.11237761812116,-22.455,35.145));
#2771=CARTESIAN_POINT('Ctrl Pts',(-4.11237761812116,-19.155,35.145));
#2772=CARTESIAN_POINT('Ctrl Pts',(-3.14425090598192,-22.455,35.145));
#2773=CARTESIAN_POINT('Ctrl Pts',(-3.14425090598192,-19.155,35.145));
#2774=CARTESIAN_POINT('',(-3.14425090598192,-22.455,35.145));
#2775=CARTESIAN_POINT('',(-3.14425090598192,-22.455,35.145));
#2776=CARTESIAN_POINT('Ctrl Pts',(-5.92424678357781,-22.455,32.365));
#2777=CARTESIAN_POINT('Ctrl Pts',(-5.92424678357781,-22.455,32.852477283661));
#2778=CARTESIAN_POINT('Ctrl Pts',(-5.79315146046168,-22.455,33.3393405776346));
#2779=CARTESIAN_POINT('Ctrl Pts',(-5.54837685657408,-22.455,33.7609087620976));
#2780=CARTESIAN_POINT('Ctrl Pts',(-5.06225705525857,-22.455,34.598138763974));
#2781=CARTESIAN_POINT('Ctrl Pts',(-4.11237761812116,-22.455,35.145));
#2782=CARTESIAN_POINT('Ctrl Pts',(-3.14425090598192,-22.455,35.145));
#2783=CARTESIAN_POINT('Origin',(6.01572442400621,-22.455,32.365));
#2784=CARTESIAN_POINT('',(6.01572442400621,-22.455,32.365));
#2785=CARTESIAN_POINT('',(6.01572442400621,-22.455,35.6375));
#2786=CARTESIAN_POINT('',(6.01572442400621,-22.455,32.365));
#2787=CARTESIAN_POINT('Ctrl Pts',(3.23572854641031,-22.455,35.145));
#2788=CARTESIAN_POINT('Ctrl Pts',(3.23572854641031,-19.155,35.145));
#2789=CARTESIAN_POINT('Ctrl Pts',(3.72320680143222,-22.455,35.145));
#2790=CARTESIAN_POINT('Ctrl Pts',(3.72320680143222,-19.155,35.145));
#2791=CARTESIAN_POINT('Ctrl Pts',(4.21007095057017,-22.455,35.0139034337524));
#2792=CARTESIAN_POINT('Ctrl Pts',(4.21007095057017,-19.155,35.0139034337524));
#2793=CARTESIAN_POINT('Ctrl Pts',(4.6316388668237,-22.455,34.7691274089323));
#2794=CARTESIAN_POINT('Ctrl Pts',(4.6316388668237,-19.155,34.7691274089323));
#2795=CARTESIAN_POINT('Ctrl Pts',(5.46886833603884,-22.455,34.2830047856598));
#2796=CARTESIAN_POINT('Ctrl Pts',(5.46886833603884,-19.155,34.2830047856598));
#2797=CARTESIAN_POINT('Ctrl Pts',(6.01572442400621,-22.455,33.3331247830267));
#2798=CARTESIAN_POINT('Ctrl Pts',(6.01572442400621,-19.155,33.3331247830267));
#2799=CARTESIAN_POINT('Ctrl Pts',(6.01572442400621,-22.455,32.365));
#2800=CARTESIAN_POINT('Ctrl Pts',(6.01572442400621,-19.155,32.365));
#2801=CARTESIAN_POINT('',(3.23572854641031,-22.455,35.145));
#2802=CARTESIAN_POINT('Ctrl Pts',(3.23572854641031,-22.455,35.145));
#2803=CARTESIAN_POINT('Ctrl Pts',(3.72320680143222,-22.455,35.145));
#2804=CARTESIAN_POINT('Ctrl Pts',(4.21007095057017,-22.455,35.0139034337524));
#2805=CARTESIAN_POINT('Ctrl Pts',(4.6316388668237,-22.455,34.7691274089323));
#2806=CARTESIAN_POINT('Ctrl Pts',(5.46886833603884,-22.455,34.2830047856598));
#2807=CARTESIAN_POINT('Ctrl Pts',(6.01572442400621,-22.455,33.3331247830267));
#2808=CARTESIAN_POINT('Ctrl Pts',(6.01572442400621,-22.455,32.365));
#2809=CARTESIAN_POINT('',(3.23572854641031,-22.455,35.145));
#2810=CARTESIAN_POINT('Origin',(-3.14425090598174,-22.455,35.145));
#2811=CARTESIAN_POINT('',(9.65537454700913,-22.455,35.145));
#2812=CARTESIAN_POINT('Origin',(22.455,-22.455,38.91));
#2813=CARTESIAN_POINT('',(22.455,-22.455,0.));
#2814=CARTESIAN_POINT('Origin',(0.,0.,0.));
#2815=UNCERTAINTY_MEASURE_WITH_UNIT(LENGTH_MEASURE(0.01),#2819,
'DISTANCE_ACCURACY_VALUE',
'Maximum model space distance between geometric entities at asserted c
onnectivities');
#2816=UNCERTAINTY_MEASURE_WITH_UNIT(LENGTH_MEASURE(0.01),#2819,
'DISTANCE_ACCURACY_VALUE',
'Maximum model space distance between geometric entities at asserted c
onnectivities');
#2817=(
GEOMETRIC_REPRESENTATION_CONTEXT(3)
GLOBAL_UNCERTAINTY_ASSIGNED_CONTEXT((#2815))
GLOBAL_UNIT_ASSIGNED_CONTEXT((#2819,#2821,#2822))
REPRESENTATION_CONTEXT('','3D')
);
#2818=(
GEOMETRIC_REPRESENTATION_CONTEXT(3)
GLOBAL_UNCERTAINTY_ASSIGNED_CONTEXT((#2816))
GLOBAL_UNIT_ASSIGNED_CONTEXT((#2819,#2821,#2822))
REPRESENTATION_CONTEXT('','3D')
);
#2819=(
LENGTH_UNIT()
NAMED_UNIT(*)
SI_UNIT(.MILLI.,.METRE.)
);
#2820=(
LENGTH_UNIT()
NAMED_UNIT(*)
SI_UNIT($,.METRE.)
);
#2821=(
NAMED_UNIT(*)
PLANE_ANGLE_UNIT()
SI_UNIT($,.RADIAN.)
);
#2822=(
NAMED_UNIT(*)
SI_UNIT($,.STERADIAN.)
SOLID_ANGLE_UNIT()
);
#2823=SHAPE_DEFINITION_REPRESENTATION(#2824,#2825);
#2824=PRODUCT_DEFINITION_SHAPE('',$,#2827);
#2825=SHAPE_REPRESENTATION('',(#1707),#2817);
#2826=PRODUCT_DEFINITION_CONTEXT('part definition',#2831,'design');
#2827=PRODUCT_DEFINITION('Center','Center',#2828,#2826);
#2828=PRODUCT_DEFINITION_FORMATION('',$,#2833);
#2829=PRODUCT_RELATED_PRODUCT_CATEGORY('Center','Center',(#2833));
#2830=APPLICATION_PROTOCOL_DEFINITION('international standard',
'automotive_design',2009,#2831);
#2831=APPLICATION_CONTEXT(
'Core Data for Automotive Mechanical Design Process');
#2832=PRODUCT_CONTEXT('part definition',#2831,'mechanical');
#2833=PRODUCT('Center','Center',$,(#2832));
#2834=PRESENTATION_STYLE_ASSIGNMENT((#2835));
#2835=SURFACE_STYLE_USAGE(.BOTH.,#2836);
#2836=SURFACE_SIDE_STYLE('',(#2837));
#2837=SURFACE_STYLE_FILL_AREA(#2838);
#2838=FILL_AREA_STYLE('Steel - Satin',(#2839));
#2839=FILL_AREA_STYLE_COLOUR('Steel - Satin',#2840);
#2840=COLOUR_RGB('Steel - Satin',0.627450980392157,0.627450980392157,0.627450980392157);
ENDSEC;
END-ISO-10303-21;
